{
"type": "FeatureCollection",
"name": "ussr_oblasts_combined_simplified",
"crs": { "type": "name", "properties": { "name": "urn:ogc:def:crs:OGC:1.3:CRS84" } },
"features": [
{ "type": "Feature", "properties": { "name": "Gorno-Altay", "type": "Respublika", "region": "Siberian", "code_hasc": "RU.GA", "latitude": 50.9782, "longitude": 86.937 }, "geometry": { "type": "Polygon", "coordinates": [ [ [ 88.143952677000073, 49.270740459000066 ], [ 87.400432170000045, 49.071011048000102 ], [ 87.024537801000122, 49.248933004000051 ], [ 86.591799357000127, 49.58720693000005 ], [ 86.748378947000106, 49.782957255000056 ], [ 86.177251017000117, 49.463338522000086 ], [ 85.223614136000094, 49.595733541000087 ], [ 84.975773967000066, 50.075187480000054 ], [ 84.249978476000138, 50.259930725000046 ], [ 84.088597274744416, 50.634612502265156 ], [ 84.541641066182194, 50.691066393299366 ], [ 84.607270134808857, 50.842685044978793 ], [ 84.004929641389822, 51.126569526062724 ], [ 85.471300083132292, 51.568532212991215 ], [ 85.920988396996904, 52.072119046456805 ], [ 86.7738562361763, 52.113098455928991 ], [ 86.811373325918225, 52.287997342103608 ], [ 86.616656528575902, 52.385019843091243 ], [ 86.84982059074764, 52.65115346875757 ], [ 87.63550906768927, 52.449796250996144 ], [ 88.420680779794111, 52.453904526772476 ], [ 88.345749953097823, 52.13345897125447 ], [ 87.839114211051935, 51.810636298026679 ], [ 88.105867954342557, 51.761414495882264 ], [ 87.861541783026837, 51.54936025697026 ], [ 88.363733351612836, 51.319813544159729 ], [ 88.824997185771451, 51.516494046263176 ], [ 89.05971154155435, 51.055902004773657 ], [ 89.868447707195912, 50.474542140707229 ], [ 89.513740676091288, 50.469426175477565 ], [ 89.33669721890152, 50.214868069205977 ], [ 89.588981561150092, 50.100249742431629 ], [ 89.702410523000083, 49.719963685000025 ], [ 89.014080445000104, 49.460547995000056 ], [ 88.199969930000066, 49.454346822000062 ], [ 88.143952677000073, 49.270740459000066 ] ] ] } },
{ "type": "Feature", "properties": { "name": "Pskov", "type": "Oblast", "region": "Northwestern", "code_hasc": "RU.PS", "latitude": 57.2449, "longitude": 29.1229 }, "geometry": { "type": "Polygon", "coordinates": [ [ [ 27.841173543000082, 57.211211853000052 ], [ 27.32854333500012, 57.570569763 ], [ 27.79931563300002, 57.86106882700004 ], [ 27.495354859000116, 58.221460266000051 ], [ 27.477784871000068, 58.875425517000039 ], [ 28.122449171591995, 58.992575181899099 ], [ 29.975049268908606, 58.444649970219928 ], [ 29.658479445170258, 58.243576972399353 ], [ 29.681320428295123, 58.073354804580561 ], [ 30.542869907020588, 57.875666612124405 ], [ 30.412955356904206, 57.777352199944062 ], [ 30.608809034909029, 57.617413642125882 ], [ 30.441170688576392, 57.365336005452264 ], [ 30.773140090242975, 57.257745672724582 ], [ 30.650873650898234, 56.967220771221605 ], [ 31.000102979768656, 56.96520539051636 ], [ 30.780788201913992, 56.774312649009516 ], [ 31.060667759109776, 56.677781074437007 ], [ 31.01601932073504, 56.479963690771683 ], [ 31.491545851260014, 56.301292426504233 ], [ 31.510562777650023, 56.052444566463521 ], [ 31.344681431402933, 55.96402619155549 ], [ 31.467361280998318, 55.729001777410076 ], [ 31.047335238730284, 55.768534246957927 ], [ 30.742185099000039, 55.594385478000063 ], [ 30.200254353000048, 55.857986959000058 ], [ 29.480866740000124, 55.681098532000092 ], [ 29.377410523000094, 55.954027608000061 ], [ 28.289828329000102, 56.046605937000024 ], [ 27.913520548000065, 56.820150452000107 ], [ 27.628369995000071, 56.844154155000027 ], [ 27.841173543000082, 57.211211853000052 ] ] ] } },
{ "type": "Feature", "properties": { "name": "Krasnodar", "type": "Kray", "region": "Volga", "code_hasc": "RU.KD", "latitude": 45.8397, "longitude": 39.4688 }, "geometry": { "type": "Polygon", "coordinates": [ [ [ 40.689965575650774, 43.5231293169644 ], [ 40.096704549000094, 43.562639262000047 ], [ 39.96257571700005, 43.392645575000074 ], [ 38.758311394000089, 44.273627020000049 ], [ 38.217295769000089, 44.387193101000037 ], [ 37.778493686000047, 44.729803778000075 ], [ 37.498708530000044, 44.668402411000045 ], [ 37.191905144000089, 44.991034247000073 ], [ 36.577321811000047, 45.194159247000073 ], [ 36.961680535000085, 45.282945054000038 ], [ 36.668142123000052, 45.326361395000049 ], [ 36.833262566000087, 45.443019924000055 ], [ 37.139414910000085, 45.335516669000071 ], [ 37.078379754000082, 45.238959052000041 ], [ 37.729258660000085, 45.301662502000056 ], [ 37.59506269600007, 45.635321356000077 ], [ 37.940114780000044, 46.020331122000073 ], [ 38.097504102000073, 46.057806708000044 ], [ 38.039561394000089, 45.816066799000055 ], [ 38.167491082000083, 46.120510158000059 ], [ 38.55990644600007, 46.03266022300005 ], [ 37.905039910000085, 46.411037502000056 ], [ 37.737559441000087, 46.676336981000077 ], [ 38.591644727000073, 46.659247137000079 ], [ 38.378184441000087, 46.708156643000052 ], [ 38.474619988000086, 46.861883856000077 ], [ 38.907423943660035, 46.818331204221693 ], [ 38.860398390273474, 46.58798350753284 ], [ 39.44351525172749, 46.808900254942785 ], [ 40.122853631190083, 46.726605536516274 ], [ 40.04595909973267, 46.547830919461319 ], [ 40.339481235670462, 46.279888617765494 ], [ 40.998252394232566, 46.294383857229207 ], [ 41.280302361764541, 45.764958808002575 ], [ 40.856658970135356, 45.69044139335557 ], [ 40.842602980243328, 45.52719554274006 ], [ 41.025640902705447, 45.220211697012189 ], [ 41.292601353369719, 45.242820136140324 ], [ 41.464167108325341, 44.989192205855602 ], [ 41.653199496959189, 44.973430895419483 ], [ 41.41404096861578, 44.686730047953347 ], [ 41.729060499642344, 44.485088609351806 ], [ 41.599766066250936, 44.372795722544538 ], [ 41.69867475763391, 44.211255195171077 ], [ 41.449491000809019, 43.993904120278899 ], [ 40.856658970135356, 44.121028144233435 ], [ 40.95308719281968, 43.980933336004625 ], [ 40.776973910717402, 43.923210761467431 ], [ 40.689965575650774, 43.5231293169644 ] ], [ [ 39.751506788707331, 45.12654816296731 ], [ 38.671882764677832, 44.96180369738272 ], [ 39.46987023322464, 44.794682114987609 ], [ 39.637198521194762, 44.870749824145037 ], [ 39.499842564083053, 45.037302964859919 ], [ 39.883798455634178, 45.00743398678901 ], [ 40.026632114080769, 44.736184394094494 ], [ 39.793571404696536, 44.350213120938747 ], [ 40.078618604864687, 44.236628322938714 ], [ 39.959969516679848, 44.064597479989686 ], [ 39.737244094139612, 44.186553860072536 ], [ 39.724221633021898, 43.931944077856883 ], [ 40.320360955593628, 43.760274970113755 ], [ 40.456683383931022, 43.965740465450097 ], [ 40.323668246592263, 44.608414414993206 ], [ 40.539365675985152, 44.733290514245823 ], [ 40.640651483279328, 44.457622586513139 ], [ 40.728398064618943, 44.607768459846511 ], [ 40.255662062054512, 45.088100898137895 ], [ 39.751506788707331, 45.12654816296731 ] ] ] } },
{ "type": "Feature", "properties": { "name": "Karachay-Cherkess", "type": "Respublika", "region": "Volga", "code_hasc": "RU.KC", "latitude": 43.7073, "longitude": 41.6866 }, "geometry": { "type": "Polygon", "coordinates": [ [ [ 42.362560099868688, 43.235194463853418 ], [ 40.689965575650774, 43.5231293169644 ], [ 40.776973910717402, 43.923210761467431 ], [ 40.95308719281968, 43.980933336004625 ], [ 40.869888136828024, 44.129244696685362 ], [ 41.449491000809019, 43.993904120278899 ], [ 41.708906690791139, 44.233398546305864 ], [ 41.626534457998787, 44.407496445904258 ], [ 41.848536411026544, 44.490721341216897 ], [ 42.557020298148245, 44.289079901716093 ], [ 42.2963643738168, 44.103458156868442 ], [ 42.391449009364294, 43.967549140580331 ], [ 42.590713332054634, 44.040257880097045 ], [ 42.683214146115915, 43.807171332291148 ], [ 42.456664666840879, 43.610671699139573 ], [ 42.362560099868688, 43.235194463853418 ] ] ] } },
{ "type": "Feature", "properties": { "name": "Kabardin-Balkar", "type": "Respublika", "region": "Volga", "code_hasc": "RU.KB", "latitude": 43.3757, "longitude": 43.3982 }, "geometry": { "type": "Polygon", "coordinates": [ [ [ 43.560679965807765, 42.935415757930855 ], [ 42.362560099868688, 43.235194463853418 ], [ 42.456664666840879, 43.610671699139573 ], [ 42.69737348789613, 43.817842515919324 ], [ 44.422229445432549, 43.995196031471664 ], [ 44.279809198135979, 43.751438300037478 ], [ 44.433081496214072, 43.654079902265664 ], [ 44.399285108620859, 43.423913071830782 ], [ 44.107830031131016, 43.430656846835973 ], [ 44.023080682427519, 43.208887437805004 ], [ 43.848104281887061, 43.310069892311674 ], [ 43.560679965807765, 42.935415757930855 ] ] ] } },
{ "type": "Feature", "properties": { "name": "North Ossetia", "type": "Respublika", "region": "Volga", "code_hasc": "RU.NO", "latitude": 42.9969, "longitude": 44.1653 }, "geometry": { "type": "Polygon", "coordinates": [ [ [ 43.939725789000079, 42.552209982000093 ], [ 43.392628208325107, 42.900198268835027 ], [ 43.848104281887061, 43.310069892311674 ], [ 44.023080682427519, 43.208887437805004 ], [ 44.107830031131016, 43.430656846835973 ], [ 44.399285108620859, 43.423913071830782 ], [ 44.284873488320784, 43.818850206271975 ], [ 44.80938927609418, 43.79926483820168 ], [ 44.838534783753232, 43.584110012067356 ], [ 44.543255650427909, 43.596796577300154 ], [ 44.497780388853812, 43.396937975407241 ], [ 44.932482537738906, 42.91373749389021 ], [ 43.939725789000079, 42.552209982000093 ] ] ] } },
{ "type": "Feature", "properties": { "name": "Ingush", "type": "Respublika", "region": "Volga", "code_hasc": "RU.IN", "latitude": 43.3661, "longitude": 44.8468 }, "geometry": { "type": "Polygon", "coordinates": [ [ [ 45.048081909000132, 42.685896912000132 ], [ 44.859359579000056, 42.759509990000126 ], [ 44.773473348000039, 42.60964833700011 ], [ 44.615602654738723, 42.778500271170572 ], [ 44.944368117294744, 42.954122625958405 ], [ 44.574881625886292, 43.240306707688376 ], [ 44.543255650427909, 43.596796577300154 ], [ 45.065084263028268, 43.466856187862732 ], [ 45.180219353740142, 42.810255438737499 ], [ 45.048081909000132, 42.685896912000132 ] ] ] } },
{ "type": "Feature", "properties": { "name": "Chechnya", "type": "Respublika", "region": "Volga", "code_hasc": "RU.CN", "latitude": 43.2153, "longitude": 45.757 }, "geometry": { "type": "Polygon", "coordinates": [ [ [ 45.821110466574737, 42.487226060834018 ], [ 45.07601819078684, 42.691411917126231 ], [ 45.167196892622485, 43.137806505365916 ], [ 45.046687453363234, 43.494348049123118 ], [ 44.838534783753232, 43.584110012067356 ], [ 45.0688049660763, 43.945483302912066 ], [ 45.831652459893064, 43.978504544149359 ], [ 46.056548292769492, 43.819935410990411 ], [ 46.419006789231901, 44.000156968869021 ], [ 46.67552859936535, 43.815465400008179 ], [ 46.327126091895593, 43.43486847629913 ], [ 46.53693240700494, 42.940583400903222 ], [ 46.196178013004896, 42.904099839935668 ], [ 45.821110466574737, 42.487226060834018 ] ] ] } },
{ "type": "Feature", "properties": { "name": "Dagestan", "type": "Respublika", "region": "Volga", "code_hasc": "RU.DA", "latitude": 42.36, "longitude": 47.1424 }, "geometry": { "type": "MultiPolygon", "coordinates": [ [ [ [ 46.567575725000097, 41.786675314000021 ], [ 45.621380249000083, 42.224478048000051 ], [ 46.196178013004896, 42.904099839935668 ], [ 46.53693240700494, 42.940583400903222 ], [ 46.327126091895593, 43.43486847629913 ], [ 46.67552859936535, 43.815465400008179 ], [ 46.419006789231901, 44.000156968869021 ], [ 46.048693474624145, 43.821356513392345 ], [ 46.044662713213597, 43.933649400199613 ], [ 45.50939822834556, 44.015194810691924 ], [ 45.511568637782375, 44.188620916721902 ], [ 45.104978468681338, 44.215802721418413 ], [ 45.404495069891539, 44.317501938963289 ], [ 45.265795525642943, 44.585134182296656 ], [ 45.853666619818625, 45.000509345529849 ], [ 46.889882439822713, 44.780729478782405 ], [ 46.700938347000033, 44.446193752000056 ], [ 47.245941602000073, 44.211981512000079 ], [ 47.502777540000068, 43.780991929000038 ], [ 47.404307488000086, 43.511379299000055 ], [ 47.544444207000083, 43.865220445000034 ], [ 47.701508009000065, 43.874497789000088 ], [ 47.461924675000034, 43.020819403000075 ], [ 48.578949415000068, 41.845282294000071 ], [ 47.894626506000066, 41.219293925000031 ], [ 47.54730920500009, 41.205651347000028 ], [ 46.740795125000034, 41.85124501600005 ], [ 46.567575725000097, 41.786675314000021 ] ] ], [ [ [ 47.851084832000083, 43.999212958000044 ], [ 47.762950066000087, 43.928412177000041 ], [ 47.628184441000087, 43.962591864000046 ], [ 47.66570071700005, 43.996283270000049 ], [ 47.851084832000083, 43.999212958000044 ] ] ] ] } },
{ "type": "Feature", "properties": { "name": "Murmansk", "type": "Oblast", "region": "Northwestern", "code_hasc": "RU.MM", "latitude": 67.9609, "longitude": 34.3212 }, "geometry": { "type": "MultiPolygon", "coordinates": [ [ [ [ 28.444237508000043, 68.865823466000094 ], [ 29.172978556000146, 69.0693769330001 ], [ 29.376790405000122, 69.301610820000079 ], [ 30.123411499000099, 69.441912334 ], [ 30.231621948000111, 69.55833933600006 ], [ 30.119070679000117, 69.634562073000055 ], [ 30.852979370000128, 69.527436829000052 ], [ 30.840953890666185, 69.805841902463143 ], [ 31.409027540000068, 69.715806382000039 ], [ 31.296722852000073, 69.612616278000075 ], [ 31.810557488000086, 69.687730210000041 ], [ 31.710948113000086, 69.827378648000035 ], [ 32.098887566000087, 69.791896877000056 ], [ 31.913340691000087, 69.93618398600006 ], [ 32.05445397200009, 69.963771877000056 ], [ 33.133311394000089, 69.728664455000057 ], [ 32.871755405000044, 69.582505601000037 ], [ 32.111664259000065, 69.752875067000048 ], [ 32.016123894000089, 69.564195054000038 ], [ 32.501963738000086, 69.51703522300005 ], [ 32.193614129000082, 69.434515692000048 ], [ 33.084971550000034, 69.476060289000031 ], [ 32.823496941000087, 69.301214911000045 ], [ 33.523692254000082, 69.428290106000077 ], [ 33.235118035000085, 69.270005601000037 ], [ 33.544200066000087, 69.208563544000071 ], [ 33.060557488000086, 69.083319403000075 ], [ 33.023448113000086, 68.954738674000055 ], [ 33.064300977000073, 69.057766018000052 ], [ 33.426605665000068, 69.104681708000044 ], [ 33.72396894600007, 69.336818752000056 ], [ 35.966970248000052, 69.176825262000079 ], [ 37.680511915000068, 68.713446356000077 ], [ 38.388682488000086, 68.343166408000059 ], [ 39.859548373000052, 68.046616929000038 ], [ 39.793223504000082, 68.164740302000041 ], [ 40.466807488000086, 67.76117584800005 ], [ 40.965830925000034, 67.725083726000037 ], [ 41.108897332000083, 67.253810940000051 ], [ 41.390391472000033, 67.124904690000051 ], [ 41.178070509000065, 66.809556382000039 ], [ 40.444346550000034, 66.405503648000035 ], [ 38.55437259200005, 66.05499909100007 ], [ 35.557790561000047, 66.38703034100007 ], [ 34.803558790000068, 66.613511460000041 ], [ 34.48015384200005, 66.537583726000037 ], [ 34.355967644000089, 66.629787502000056 ], [ 34.503184441000087, 66.638251044000071 ], [ 34.521657748000052, 66.657171942000048 ], [ 34.092295769000089, 66.672430731000077 ], [ 34.141368035000085, 66.773830471000053 ], [ 33.483246290000068, 66.730414130000042 ], [ 32.804860873000052, 67.010321356000077 ], [ 32.968760613000086, 67.090765692000048 ], [ 32.38257897200009, 67.159654039000031 ], [ 31.85092207100007, 67.152818101000037 ], [ 32.261973504000082, 67.124986070000034 ], [ 32.549815300000034, 67.000067450000074 ], [ 32.420176629000082, 66.885931708000044 ], [ 33.318614129000082, 66.629339911000045 ], [ 32.593597446365038, 66.582344469221823 ], [ 32.328704055048092, 66.359153957788862 ], [ 31.90154666504651, 66.356363429828377 ], [ 31.555314568812264, 66.655208238369482 ], [ 29.362497842000096, 66.626552831000097 ], [ 29.099908081000109, 66.991209208000029 ], [ 30.009413290000111, 67.685843811999987 ], [ 29.330850057000134, 68.072693583000088 ], [ 28.690320679000109, 68.18317779600001 ], [ 28.447906535000044, 68.529719950000057 ], [ 28.801476684000107, 68.835489400000043 ], [ 28.444237508000043, 68.865823466000094 ] ] ], [ [ [ 33.045930453693096, 66.576245388379093 ], [ 33.259613477000073, 66.618394273000035 ], [ 33.53679446700005, 66.535874742000033 ], [ 33.499196811000047, 66.522853908000059 ], [ 33.045930453693096, 66.576245388379093 ] ] ], [ [ [ 32.356130405000044, 67.139064846000053 ], [ 32.393728061000047, 67.100327867000033 ], [ 32.33765709700009, 67.124904690000051 ], [ 32.356130405000044, 67.139064846000053 ] ] ], [ [ [ 33.975596550000034, 69.369614976000037 ], [ 34.215830925000034, 69.407782294000071 ], [ 34.406911655000044, 69.352525132000039 ], [ 33.975596550000034, 69.369614976000037 ] ] ], [ [ [ 36.785899285000085, 80.139837958000044 ], [ 36.652598504000082, 80.174872137000079 ], [ 36.853688998000052, 80.151922919000071 ], [ 36.785899285000085, 80.139837958000044 ] ] ] ] } },
{ "type": "Feature", "properties": { "name": "Karelia", "type": "Respublika", "region": "Northwestern", "code_hasc": "RU.KI", "latitude": 63.5295, "longitude": 33.1446 }, "geometry": { "type": "MultiPolygon", "coordinates": [ [ [ [ 30.116280151000069, 65.687206116000041 ], [ 29.362497842000096, 66.626552831000097 ], [ 31.555314568812264, 66.655208238369482 ], [ 31.90154666504651, 66.356363429828377 ], [ 33.045930453693096, 66.576245388379093 ], [ 33.165847221272202, 66.555932945548989 ], [ 32.940928582000083, 66.528469143000052 ], [ 33.735362175000034, 66.426011460000041 ], [ 33.310801629000082, 66.316799221000053 ], [ 34.552989129000082, 66.093695380000042 ], [ 34.968597852000073, 65.727728583000044 ], [ 34.688731316000087, 65.809719143000052 ], [ 34.681895379000082, 65.453355210000041 ], [ 34.297048373000052, 65.38507721600007 ], [ 34.773692254000082, 65.10024648600006 ], [ 34.702403191000087, 64.980414130000042 ], [ 34.942067905000044, 64.857570705000057 ], [ 34.757009311000047, 64.774359442000048 ], [ 35.00903061300005, 64.743184417000066 ], [ 34.743337436000047, 64.555853583000044 ], [ 35.34875211700006, 64.296073257000046 ], [ 35.810801629000082, 64.342027085000041 ], [ 36.523406226628119, 63.971429154705895 ], [ 36.469329868078944, 63.675545152486791 ], [ 35.857377557328391, 63.598650621029321 ], [ 36.412279087110164, 63.205599676983468 ], [ 36.258903436244566, 63.031760158904206 ], [ 36.500542433286626, 62.826036282048733 ], [ 37.512263624666502, 62.637572333296532 ], [ 37.572621698432613, 62.360638332792803 ], [ 37.428754510312388, 62.213205471255492 ], [ 37.729304640296903, 62.199847114252918 ], [ 37.929499138974052, 61.962109687412124 ], [ 37.772919548997947, 61.522136541867894 ], [ 36.632317336276003, 61.553142402399942 ], [ 35.436317987185362, 61.161590074222545 ], [ 34.733311802297806, 61.321011868103199 ], [ 34.40599327966612, 61.147068997236431 ], [ 33.534935337295963, 61.220811266426779 ], [ 33.458557569776019, 61.127225246747685 ], [ 33.86711144363818, 61.070536200984861 ], [ 32.703358189428855, 60.645704250950416 ], [ 29.277058695702237, 61.304598834268745 ], [ 31.243756551000104, 62.503343608000066 ], [ 31.569524780000108, 62.905928854000038 ], [ 31.203965698000104, 63.212680155 ], [ 29.980784546000052, 63.741536764000088 ], [ 30.586432332000072, 64.084668275000112 ], [ 30.536202841000147, 64.234684957000084 ], [ 30.032460978000074, 64.39694895500007 ], [ 29.954842977000112, 64.568979798 ], [ 30.180824015000098, 64.642773743000063 ], [ 30.118863973000146, 64.767934062000066 ], [ 29.780279989000064, 64.795580954000073 ], [ 29.588147013000082, 64.991434632000093 ], [ 29.850198201000069, 65.121504211000044 ], [ 29.580085490000045, 65.235399069000081 ], [ 29.838571004000073, 65.564888001 ], [ 29.702868693000141, 65.629380189000031 ], [ 30.116280151000069, 65.687206116000041 ] ] ], [ [ [ 35.85678144600007, 64.38735586100006 ], [ 36.031260613000086, 64.373114325000074 ], [ 36.044932488000086, 64.360337632000039 ], [ 35.85678144600007, 64.38735586100006 ] ] ], [ [ [ 35.86687259200005, 65.031317450000074 ], [ 35.744659990000059, 64.961550857000077 ], [ 35.506113249000066, 65.121288256000071 ], [ 35.786449566000044, 65.16510551500005 ], [ 35.86687259200005, 65.031317450000074 ] ] ], [ [ [ 35.92741946700005, 65.054103908000059 ], [ 36.005137566000087, 65.026516018000052 ], [ 35.891856316000087, 65.040716864000046 ], [ 35.92741946700005, 65.054103908000059 ] ] ], [ [ [ 35.990407748000052, 65.191229559000078 ], [ 36.260996941000087, 65.154527085000041 ], [ 35.942230665000068, 65.15460846600007 ], [ 35.990407748000052, 65.191229559000078 ] ] ] ] } },
{ "type": "Feature", "properties": { "name": "Leningrad", "type": "Oblast", "region": "Northwestern", "code_hasc": "RU.LN", "latitude": 59.9905, "longitude": 32.7736 }, "geometry": { "type": "MultiPolygon", "coordinates": [ [ [ [ 27.794118686000047, 60.533189195000034 ], [ 29.277058695702237, 61.304598834268745 ], [ 32.703358189428855, 60.645704250950416 ], [ 33.86711144363818, 61.070536200984861 ], [ 33.458557569776019, 61.127225246747685 ], [ 33.534935337295963, 61.220811266426779 ], [ 34.40599327966612, 61.147068997236431 ], [ 34.733311802297806, 61.321011868103199 ], [ 35.331828240780681, 61.286853746203406 ], [ 35.69180626764512, 61.128052069947046 ], [ 35.143829380021828, 60.776548977053608 ], [ 35.251729771112025, 60.445354723541641 ], [ 35.085331659128769, 60.023778388561766 ], [ 35.413063592011156, 59.972825426552163 ], [ 35.405622185915149, 59.712427883739792 ], [ 35.640543247273001, 59.653465073953953 ], [ 35.288936801592115, 59.49926259988905 ], [ 35.448513625103715, 59.427690741934157 ], [ 35.381851026803417, 59.30033417398289 ], [ 34.798114047725107, 59.102439276851101 ], [ 33.009902784685721, 59.429990343479517 ], [ 32.653232048819973, 59.124711819195056 ], [ 32.124065382911056, 59.394333604812005 ], [ 31.551800571339299, 59.368056139479222 ], [ 31.306027459199868, 58.985237127691278 ], [ 31.001343215017357, 59.074792385060505 ], [ 30.705650668743374, 58.749334215301758 ], [ 30.165942010415449, 58.765405584999712 ], [ 30.122637160076863, 58.488678290070993 ], [ 29.658789504432036, 58.450618597969878 ], [ 28.978727654557588, 58.811500963298784 ], [ 27.69588933300011, 58.977183033000088 ], [ 27.882307984000079, 59.275659485000077 ], [ 28.181824585000044, 59.35606801400003 ], [ 28.007009311000047, 59.758246161000045 ], [ 28.375254754000082, 59.66632721600007 ], [ 28.476084832000083, 59.851752020000049 ], [ 28.832530144000089, 59.786525783000059 ], [ 29.161387566000087, 60.002630927000041 ], [ 29.697139291337795, 59.950047624764714 ], [ 30.259372999564278, 59.609850165252908 ], [ 30.756190219602956, 59.777488512484808 ], [ 30.51165734181285, 59.862392889919931 ], [ 30.390424432141799, 60.122738755888861 ], [ 29.632951287771675, 60.266011663907136 ], [ 29.092295769000089, 60.177964585000041 ], [ 28.61695397200009, 60.381984768000052 ], [ 28.438975457000083, 60.559881903000075 ], [ 28.70281009200005, 60.461167710000041 ], [ 28.690440300000034, 60.738470770000049 ], [ 27.794118686000047, 60.533189195000034 ] ] ], [ [ [ 28.604502800000034, 60.645005601000037 ], [ 28.57553144600007, 60.58038971600007 ], [ 28.561045769000089, 60.629461981000077 ], [ 28.604502800000034, 60.645005601000037 ] ] ], [ [ [ 27.82007897200009, 60.030829169000071 ], [ 27.820485873000052, 59.98273346600007 ], [ 27.802582227000073, 59.999335028000075 ], [ 27.82007897200009, 60.030829169000071 ] ] ], [ [ [ 26.964121941000087, 60.099432684000078 ], [ 26.984711134000065, 60.017726955000057 ], [ 26.950043165000068, 60.099554755000042 ], [ 26.964121941000087, 60.099432684000078 ] ] ], [ [ [ 28.580332879000082, 60.348944403000075 ], [ 28.624196811000047, 60.270209052000041 ], [ 28.541351759000065, 60.347357489000046 ], [ 28.580332879000082, 60.348944403000075 ] ] ], [ [ [ 28.484873894000089, 60.361883856000077 ], [ 28.50367272200009, 60.311021226000037 ], [ 28.42554772200009, 60.36078522300005 ], [ 28.484873894000089, 60.361883856000077 ] ] ] ] } },
{ "type": "Feature", "properties": { "name": "Kaliningrad", "type": "Oblast", "region": "Northwestern", "code_hasc": "RU.KN", "latitude": 54.6636, "longitude": 21.2287 }, "geometry": { "type": "Polygon", "coordinates": [ [ [ 21.374849894000135, 55.289959615000029 ], [ 22.049950805000094, 55.033541158000062 ], [ 22.580667765000072, 55.057622376000026 ], [ 22.844320923000112, 54.832261455000079 ], [ 22.681746867000129, 54.569900208 ], [ 22.767219686000061, 54.356269837000056 ], [ 19.609548373000052, 54.456732489000046 ], [ 19.90015709700009, 54.667059637000079 ], [ 19.976735873000052, 54.964585679000038 ], [ 20.482432488000086, 54.975531317000048 ], [ 20.924568700365, 55.282657778829943 ], [ 20.53093509200005, 54.964667059000078 ], [ 21.090668165000068, 54.901556708000044 ], [ 21.243418816000087, 54.96124909100007 ], [ 21.183441602000073, 55.201727606000077 ], [ 21.374849894000135, 55.289959615000029 ] ] ] } },
{ "type": "Feature", "properties": { "name": "Smolensk", "type": "Oblast", "region": "Central", "code_hasc": "RU.SM", "latitude": 54.6726, "longitude": 33.0803 }, "geometry": { "type": "Polygon", "coordinates": [ [ [ 30.980620158000079, 55.018658346000038 ], [ 30.794274943000062, 55.285515442000033 ], [ 31.047335238730284, 55.768534246957927 ], [ 33.165448845887511, 55.64559601494409 ], [ 33.898427361633424, 56.070789700184491 ], [ 34.220268182030964, 56.074355374500897 ], [ 35.206977979949784, 55.937929593375998 ], [ 35.398490838181601, 55.610869453162707 ], [ 35.282012160332897, 55.559244696685369 ], [ 35.369655388885064, 55.2387991402681 ], [ 34.8658101739004, 54.883833726745081 ], [ 34.921000603794823, 54.771592515881878 ], [ 34.408060337214749, 54.68012523149423 ], [ 34.374574008883371, 54.421743069387105 ], [ 33.724794549129115, 54.55925405523044 ], [ 33.476851026653549, 53.974406033011974 ], [ 33.248131137941641, 53.953968004219973 ], [ 33.288955518682201, 53.821728014136511 ], [ 32.766196730094975, 53.414388536201955 ], [ 32.429420614000037, 53.561589661000127 ], [ 32.461563354000077, 53.70680043600008 ], [ 31.744656209000084, 53.794857076000099 ], [ 31.822635945000059, 54.053445944000075 ], [ 31.324681844000111, 54.229249166000031 ], [ 31.064646037000045, 54.492282206000098 ], [ 31.167947225000091, 54.621576640000043 ], [ 30.770607137000127, 54.78601104800002 ], [ 30.980620158000079, 55.018658346000038 ] ] ] } },
{ "type": "Feature", "properties": { "name": "Bryansk", "type": "Oblast", "region": "Central", "code_hasc": "RU.BR", "latitude": 53.0868, "longitude": 33.2803 }, "geometry": { "type": "Polygon", "coordinates": [ [ [ 32.697931356000083, 53.325893454 ], [ 33.288955518682201, 53.821728014136511 ], [ 33.248131137941641, 53.953968004219973 ], [ 33.656374953441343, 54.031741034820868 ], [ 34.20631554492644, 53.888028876331532 ], [ 34.537251417818652, 53.59817576839697 ], [ 34.500044387338562, 53.427281806110443 ], [ 35.017222120904137, 53.39178009707382 ], [ 35.313638136690656, 53.062187812217758 ], [ 34.796150343863246, 52.864499619761602 ], [ 35.091532830875451, 52.697972317468441 ], [ 34.832943963193316, 52.424035550500207 ], [ 34.882243279703573, 52.23102407550067 ], [ 34.396278110446417, 52.007601020070979 ], [ 34.371101382000063, 51.826811306000124 ], [ 33.778950643000144, 52.36006093400006 ], [ 32.353559611000037, 52.321587830000013 ], [ 32.233308553000086, 52.080853170000083 ], [ 31.76434493000005, 52.100567729000048 ], [ 31.567354370000146, 52.311381734000051 ], [ 31.560843139000042, 52.787063294000077 ], [ 31.247063843000092, 53.014387919000043 ], [ 31.416355835000104, 53.199983826000064 ], [ 32.117294963000063, 53.081102193000063 ], [ 32.697931356000083, 53.325893454 ] ] ] } },
{ "type": "Feature", "properties": { "name": "Kursk", "type": "Oblast", "region": "Central", "code_hasc": "RU.KS", "latitude": 51.7358, "longitude": 36.2921 }, "geometry": { "type": "Polygon", "coordinates": [ [ [ 34.356899862000091, 51.705553081000019 ], [ 34.384909294828049, 51.996413072505277 ], [ 34.684115837675733, 52.071550604776576 ], [ 34.896816034432447, 52.353238837102651 ], [ 35.548662550836013, 52.43297557246467 ], [ 35.62938113812902, 52.248904120328859 ], [ 36.350680779894049, 52.368069973350543 ], [ 37.386896599898137, 51.926598211937915 ], [ 38.298778923908174, 51.961014716256102 ], [ 38.505071242443876, 51.731881415494911 ], [ 38.13992557080843, 51.628683580282996 ], [ 38.291544224286497, 51.292450873209191 ], [ 38.041740349837255, 51.421202704241409 ], [ 37.368603143020607, 51.385778510469834 ], [ 36.611026645862978, 51.078045355908444 ], [ 35.983984816446082, 51.159668280766539 ], [ 35.81014529836682, 50.940405177956563 ], [ 35.546388787712374, 50.905730292119244 ], [ 35.078716268000107, 51.207624817000053 ], [ 34.185954224000113, 51.248914286000044 ], [ 34.300159139000129, 51.368390198000029 ], [ 34.07950077400011, 51.643102112000051 ], [ 34.356899862000091, 51.705553081000019 ] ] ] } },
{ "type": "Feature", "properties": { "name": "Belgorod", "type": "Oblast", "region": "Central", "code_hasc": "RU.BL", "latitude": 50.8757, "longitude": 37.277 }, "geometry": { "type": "Polygon", "coordinates": [ [ [ 35.67320194500013, 50.340184225000044 ], [ 35.425258423000059, 50.500484518000107 ], [ 35.282218058000069, 50.961107412000032 ], [ 35.804150832195148, 50.938234768519749 ], [ 35.983984816446082, 51.159668280766539 ], [ 36.611026645862978, 51.078045355908444 ], [ 37.144224074081706, 51.342912909702989 ], [ 38.041740349837255, 51.421202704241409 ], [ 38.439855584067914, 51.263486232703428 ], [ 38.398927849640529, 51.073471992138707 ], [ 38.845825637343239, 51.036471666334307 ], [ 38.724489373985421, 50.790078437469901 ], [ 39.118780552380542, 50.610502834737986 ], [ 38.990416294076681, 50.432735908035681 ], [ 39.272362908821151, 50.059580390422639 ], [ 39.181005517000074, 49.859486931000063 ], [ 38.937395467000101, 49.803472799000119 ], [ 38.299914999000123, 50.060511373000068 ], [ 38.00039839700014, 49.89979766900008 ], [ 37.415214478000053, 50.431858216000066 ], [ 36.594386027000098, 50.204430237000068 ], [ 36.105837036000082, 50.421109518000051 ], [ 35.67320194500013, 50.340184225000044 ] ] ] } },
{ "type": "Feature", "properties": { "name": "Voronezh", "type": "Oblast", "region": "Central", "code_hasc": "RU.VR", "latitude": 50.7774, "longitude": 40.5223 }, "geometry": { "type": "Polygon", "coordinates": [ [ [ 39.327655884000137, 49.726319885000052 ], [ 38.990416294076681, 50.432735908035681 ], [ 39.118780552380542, 50.610502834737986 ], [ 38.724489373985421, 50.790078437469901 ], [ 38.845825637343239, 51.036471666334307 ], [ 38.40337202310036, 51.071353257746637 ], [ 38.501040480134009, 51.188865465268975 ], [ 38.293714633723368, 51.284725247172389 ], [ 38.13992557080843, 51.628683580282996 ], [ 38.505071242443876, 51.731881415494911 ], [ 38.298778923908174, 51.961014716256102 ], [ 39.26523156108766, 52.105011094686233 ], [ 39.738070917338916, 51.924479479344484 ], [ 40.734599237264945, 51.940395820310812 ], [ 41.066051874094683, 51.710177313931865 ], [ 42.192391392248908, 51.72630036137258 ], [ 42.863978306353715, 51.375882473197578 ], [ 42.904492628731816, 51.240800279209509 ], [ 42.573039991902078, 51.16850495084276 ], [ 41.854944289247555, 51.18855540600714 ], [ 41.167544386963868, 50.780518296981768 ], [ 41.525765414642137, 50.598668932025589 ], [ 41.508608840225747, 50.392118231970812 ], [ 40.884770949020037, 49.690300605488517 ], [ 39.828710571000101, 49.541473288000034 ], [ 39.327655884000137, 49.726319885000052 ] ] ] } },
{ "type": "Feature", "properties": { "name": "Rostov", "type": "Oblast", "region": "Volga", "code_hasc": "RU.RO", "latitude": 47.9913, "longitude": 41.2613 }, "geometry": { "type": "Polygon", "coordinates": [ [ [ 39.67399133300006, 48.970138652000102 ], [ 40.141663045000143, 49.245780741 ], [ 40.118504096000095, 49.588451001000053 ], [ 40.884770949020037, 49.690300605488517 ], [ 41.362054477831862, 50.226340236712531 ], [ 42.115083448742155, 49.750348619093472 ], [ 42.070641716841749, 49.151883857454038 ], [ 42.343803338353382, 49.152142238973113 ], [ 42.745432570057062, 48.796866767087579 ], [ 42.628643832946523, 48.548044745468587 ], [ 42.077876418262065, 48.411257229137789 ], [ 42.020618930818955, 48.037481593900395 ], [ 42.491907992559788, 48.013607082900535 ], [ 42.955342237953914, 47.51033030869678 ], [ 43.731522251250851, 47.476611437267991 ], [ 43.802318962849824, 47.282540595072362 ], [ 44.24456587061843, 47.569318956004963 ], [ 44.262445917245259, 46.900134996233078 ], [ 43.814307896092487, 46.580051174122389 ], [ 43.96644331170944, 46.339755764217102 ], [ 43.772966749615762, 46.407916979285119 ], [ 43.619384393175153, 46.197283840976468 ], [ 43.355627883420084, 46.172349961881196 ], [ 42.928367139731677, 46.435615546120516 ], [ 42.168516880349728, 46.578707586985502 ], [ 42.0342615086617, 46.543257554792319 ], [ 42.206344027554792, 46.317018133879742 ], [ 41.659193963130861, 46.178318590530523 ], [ 41.712627393839114, 45.996004137580883 ], [ 41.162376743092182, 45.953551947964002 ], [ 40.998252394232566, 46.294383857229207 ], [ 40.236748487552632, 46.345982774385504 ], [ 40.023428175869583, 46.764846095770679 ], [ 39.44351525172749, 46.808900254942785 ], [ 38.860398390273474, 46.58798350753284 ], [ 38.911454705969902, 46.81497223637956 ], [ 38.673527437142944, 46.862954815742064 ], [ 39.388682488000086, 47.115179755000042 ], [ 39.088145379000082, 47.286444403000075 ], [ 38.478037957000083, 47.142482815000051 ], [ 38.55990644600007, 47.21820709800005 ], [ 38.775645379000082, 47.245510158000059 ], [ 38.810394727000073, 47.287827867000033 ], [ 38.553396030000044, 47.229803778000075 ], [ 38.427907748000052, 47.133530992000033 ], [ 38.216644727000073, 47.103257554000038 ], [ 38.274386840000091, 47.527849427000021 ], [ 38.877244100000098, 47.86123993000011 ], [ 39.759050741000067, 47.832947083000121 ], [ 39.993248332000121, 48.273230286000043 ], [ 39.815894816000082, 48.308163554000046 ], [ 39.924105266000083, 48.376118063 ], [ 39.835325155000078, 48.573470358000023 ], [ 39.631720011000084, 48.586906230000082 ], [ 39.77941125500007, 48.807719625000075 ], [ 40.052779582000085, 48.849732565000082 ], [ 39.67399133300006, 48.970138652000102 ] ] ] } },
{ "type": "Feature", "properties": { "name": "Buryat", "type": "Respublika", "region": "Siberian", "code_hasc": "RU.BU", "latitude": 52.9061, "longitude": 109.341 }, "geometry": { "type": "Polygon", "coordinates": [ [ [ 102.183870890000094, 51.323896790000035 ], [ 98.994711548000112, 52.058296407000071 ], [ 98.646103143045593, 52.262753403746558 ], [ 98.629256626092399, 52.424293932019339 ], [ 98.934044223961735, 52.665622869799563 ], [ 98.938074986271545, 52.924857693527713 ], [ 99.206689080636522, 52.853440864304446 ], [ 99.370296664659293, 53.109265042447703 ], [ 100.247865838937287, 53.37653555057517 ], [ 100.395143670843709, 53.101177680305682 ], [ 100.865605910284501, 52.800291653536931 ], [ 101.459988233670003, 52.620974433223466 ], [ 101.963213331929694, 52.222445786943467 ], [ 102.542092727297472, 52.227613429915834 ], [ 103.208925408680614, 51.80913768215828 ], [ 103.327781203339839, 51.438049221194603 ], [ 103.816743606132491, 51.401255601864534 ], [ 103.813746371697675, 51.131866360244317 ], [ 104.609356724333338, 51.268292141369216 ], [ 104.649871046711382, 51.622430731692873 ], [ 105.4611910338391, 51.863346259222453 ], [ 106.198303663783008, 52.440184435463323 ], [ 108.060825636793652, 53.205124824351117 ], [ 109.040714146240816, 54.480886746326235 ], [ 108.557849563306661, 54.542975979058156 ], [ 108.782228632245562, 55.169501044537526 ], [ 108.622238396684622, 55.455891831842564 ], [ 108.85405887261885, 55.86625438083496 ], [ 109.25506798669818, 55.979529120472478 ], [ 108.5570227401073, 56.345656643139534 ], [ 108.699029576253906, 56.582903144464524 ], [ 109.767078078190707, 56.704084378191453 ], [ 109.988976679330221, 56.96902944635184 ], [ 111.152316522389526, 56.813431708306666 ], [ 111.586915317587795, 57.107160549819469 ], [ 111.813671503337162, 56.908412991066655 ], [ 112.662095168157407, 56.959650173916373 ], [ 112.895775995165991, 56.691707872220491 ], [ 113.89747195806433, 56.525438951446404 ], [ 114.144795362915602, 56.681140042279083 ], [ 114.779278599327881, 56.699381822313228 ], [ 115.085926548271573, 57.118581041381901 ], [ 116.131030715195266, 57.238573716703627 ], [ 116.238414341448674, 57.149328517696915 ], [ 115.622017857238234, 56.933682766046786 ], [ 115.435569289191335, 56.641090806995123 ], [ 115.800508254352394, 56.466114407353984 ], [ 115.687956985126675, 56.32669139269359 ], [ 115.837611932044979, 56.178948472793763 ], [ 115.94499555919765, 55.413775539909238 ], [ 116.393340285026056, 55.40220001871586 ], [ 116.923437127821103, 54.885487372244427 ], [ 116.703605585129594, 54.554034736314009 ], [ 115.629355909647416, 54.442284450966611 ], [ 114.957562290867031, 54.01923533854 ], [ 113.806108025564868, 53.643134264234902 ], [ 113.842488234644293, 53.381806546335042 ], [ 114.312847121297523, 52.971805732548489 ], [ 113.580592075963523, 52.454472968452706 ], [ 112.544789667109399, 52.34703766535597 ], [ 112.405366652449061, 52.208389797950815 ], [ 112.069573194946997, 52.280375067954992 ], [ 110.676996698338939, 51.50445343707645 ], [ 110.049231399409507, 51.616074531214622 ], [ 109.366792433623857, 51.352783108553581 ], [ 108.59154259631373, 51.506158759419179 ], [ 108.354244419044676, 51.267310289438285 ], [ 108.570045201225014, 51.110782376305622 ], [ 108.067026809439653, 50.753491522815523 ], [ 108.6757751810797, 50.494747626401818 ], [ 107.990235629870369, 50.334757391740197 ], [ 107.744604144765447, 49.967352880331134 ], [ 107.192195679000122, 50.006044414000073 ], [ 106.656517782000037, 50.327006735000069 ], [ 105.328640178000057, 50.476454977000074 ], [ 104.121685425000123, 50.148257955000091 ], [ 103.306593058000033, 50.190425924000053 ], [ 102.302933390000078, 50.563891500000025 ], [ 102.183870890000094, 51.323896790000035 ] ] ] } },
{ "type": "Feature", "properties": { "name": "Tuva", "type": "Respublika", "region": "Siberian", "code_hasc": "RU.TU", "latitude": 51.6051, "longitude": 93.9927 }, "geometry": { "type": "Polygon", "coordinates": [ [ [ 98.937651562969222, 52.124687488536722 ], [ 97.915707642000029, 51.300616557000112 ], [ 97.808530721000068, 50.970481669000023 ], [ 98.293462362000071, 50.518622946000036 ], [ 98.262456502000134, 50.283805237000124 ], [ 98.047999308000044, 50.02304596000009 ], [ 97.301688274000071, 49.725544739000057 ], [ 96.055976196000131, 49.998809713000085 ], [ 95.500661255000125, 49.886723532000033 ], [ 94.60345503800005, 50.019738668000073 ], [ 94.258669882000049, 50.557535299 ], [ 93.104941854000117, 50.598824768000028 ], [ 92.961694783000098, 50.77788360600006 ], [ 92.649775839000029, 50.674065653000056 ], [ 92.360904582000046, 50.868369040000047 ], [ 92.158849731000032, 50.689103495000055 ], [ 91.749779093000086, 50.684090882000092 ], [ 89.633210984699133, 49.907939134283595 ], [ 89.349409620757342, 50.264219062559675 ], [ 89.513740676091288, 50.469426175477565 ], [ 89.86565718013469, 50.501723945403739 ], [ 89.05971154155435, 51.055902004773657 ], [ 88.967210728392388, 51.427868963981496 ], [ 88.735700310820675, 51.559385484552422 ], [ 89.730368279672348, 51.582226466777968 ], [ 90.100888299855114, 51.75089834188492 ], [ 90.027507765870666, 51.984372464217813 ], [ 90.350072055780686, 52.191594956941685 ], [ 90.849266391730566, 51.908046373541254 ], [ 92.852554965639115, 51.833115545945645 ], [ 93.678034296345686, 52.223841050923738 ], [ 94.148703241361488, 52.841736151901841 ], [ 94.512298619385717, 52.910827542057405 ], [ 94.701124302444555, 53.237629299852301 ], [ 94.594464145703739, 53.315660711972271 ], [ 96.091633742403246, 53.450536201284649 ], [ 96.252037388214831, 53.6161074900686 ], [ 96.443653599234153, 53.510687568576429 ], [ 96.874945103433731, 53.729072171343603 ], [ 98.28912234881733, 53.223263250698437 ], [ 98.303178338709301, 53.103735663370117 ], [ 98.937661574222204, 53.149365952776463 ], [ 99.249787225400098, 52.953822333134156 ], [ 98.928669875414357, 52.918475653728422 ], [ 98.934044223961735, 52.665622869799563 ], [ 98.629256626092399, 52.424293932019339 ], [ 98.646103143045593, 52.262753403746558 ], [ 98.937651562969222, 52.124687488536722 ] ] ] } },
{ "type": "Feature", "properties": { "name": "Chita", "type": "Oblast", "region": "Siberian", "code_hasc": "RU.CT", "latitude": 52.159, "longitude": 116.559 }, "geometry": { "type": "Polygon", "coordinates": [ [ [ 114.753749634000144, 50.236211243000085 ], [ 113.579661092000038, 50.01994537400013 ], [ 112.777126099000043, 49.501372375000031 ], [ 111.338454224000088, 49.36473988900012 ], [ 110.688054647000058, 49.134521383000063 ], [ 108.538056681000057, 49.327429505000069 ], [ 107.927447958000073, 49.670044251000078 ], [ 107.95649011200004, 49.923362122000086 ], [ 107.744604144765447, 49.967352880331134 ], [ 107.990235629870369, 50.334757391740197 ], [ 108.6757751810797, 50.494747626401818 ], [ 108.067026809439653, 50.753491522815523 ], [ 108.570045201225014, 51.110782376305622 ], [ 108.354244419044676, 51.267310289438285 ], [ 108.59154259631373, 51.506158759419179 ], [ 109.366792433623857, 51.352783108553581 ], [ 110.049231399409507, 51.616074531214622 ], [ 110.676996698338939, 51.50445343707645 ], [ 112.069573194946997, 52.280375067954992 ], [ 112.405366652449061, 52.208389797950815 ], [ 112.544789667109399, 52.34703766535597 ], [ 113.580592075963523, 52.454472968452706 ], [ 114.312847121297523, 52.971805732548489 ], [ 113.842488234644293, 53.381806546335042 ], [ 113.814479607647741, 53.649025376719749 ], [ 114.957562290867031, 54.01923533854 ], [ 115.629355909647416, 54.442284450966611 ], [ 116.723345981931516, 54.565196845458047 ], [ 116.89274132655089, 54.976696275113 ], [ 116.393340285026056, 55.40220001871586 ], [ 115.94499555919765, 55.413775539909238 ], [ 115.837611932044979, 56.178948472793763 ], [ 115.687956985126675, 56.32669139269359 ], [ 115.800508254352394, 56.466114407353984 ], [ 115.434122349267, 56.689795844302751 ], [ 115.710797968251541, 56.963500068173573 ], [ 116.796519810340897, 56.72449656856179 ], [ 117.327856886586005, 56.942726141698074 ], [ 117.570839471664272, 56.851207180466986 ], [ 117.600915155310076, 57.149690252902815 ], [ 117.79449507019126, 57.292678940980295 ], [ 117.431933221840723, 57.254748440088406 ], [ 117.08611453675644, 57.81027008749453 ], [ 117.409298944290754, 57.905819811035428 ], [ 117.408058709941429, 58.126788235288814 ], [ 117.587272576568125, 58.180169990052946 ], [ 117.467796666083245, 58.298922431025346 ], [ 117.668611280586106, 58.395195624078781 ], [ 118.317357211565991, 58.352510891364489 ], [ 118.630413038730694, 58.175157375812205 ], [ 119.108109978692482, 58.222699693136292 ], [ 119.142319778335036, 57.533439439778306 ], [ 119.495166456566722, 57.585891018555628 ], [ 119.404629348165827, 57.431895250065736 ], [ 119.686265903648518, 57.168397121829685 ], [ 119.621256951746886, 57.020860908404188 ], [ 119.898449334669067, 56.889396063777269 ], [ 119.669522740382149, 56.76495921499577 ], [ 120.54058068185293, 56.274834093118898 ], [ 120.06164350844108, 56.138201606418988 ], [ 120.133990512751893, 55.909016628814356 ], [ 121.20699995298537, 56.015857651809142 ], [ 121.363372837386464, 55.507361558688956 ], [ 121.798385043734697, 55.613763333011377 ], [ 121.983593378331648, 55.476433214321332 ], [ 121.94669640531481, 54.994111232847104 ], [ 121.652037387815199, 54.741051744242554 ], [ 121.896776972079579, 54.801151434690951 ], [ 122.13510867722357, 54.427944241133787 ], [ 121.713222283881237, 54.415205999956925 ], [ 121.752599724697461, 54.144395656834092 ], [ 121.633537225362602, 54.082435615311397 ], [ 121.925922478839311, 53.822709866067441 ], [ 122.025051942000061, 53.429823366000036 ], [ 120.845729207000147, 53.273441875000046 ], [ 120.032962280000106, 52.76065663700011 ], [ 120.079367717000139, 52.589969381000046 ], [ 120.72397953300009, 52.542168681000035 ], [ 120.626156047, 52.34680592900007 ], [ 120.779169963000072, 52.117595114000082 ], [ 120.100451701000054, 51.659948629000027 ], [ 119.517954956000096, 50.904800924000071 ], [ 119.133482300000139, 50.381473694000064 ], [ 119.36395918900007, 50.319461975000124 ], [ 119.208516480000128, 50.015139466000036 ], [ 118.644364868000025, 49.954574687000061 ], [ 117.768862752000075, 49.510984192000038 ], [ 116.21763960800007, 50.013847555000083 ], [ 115.387819459000127, 49.891064352000015 ], [ 114.753749634000144, 50.236211243000085 ] ] ] } },
{ "type": "Feature", "properties": { "name": "Amur", "type": "Oblast", "region": "Far Eastern", "code_hasc": "RU.AM", "latitude": 52.9236, "longitude": 128.354 }, "geometry": { "type": "Polygon", "coordinates": [ [ [ 123.481537313000103, 53.5180781050001 ], [ 122.025051942000061, 53.429823366000036 ], [ 121.925922478839311, 53.822709866067441 ], [ 121.633537225362602, 54.082435615311397 ], [ 121.752599724697461, 54.144395656834092 ], [ 121.713222283881237, 54.415205999956925 ], [ 122.13510867722357, 54.427944241133787 ], [ 121.896776972079579, 54.801151434690951 ], [ 121.652037387815199, 54.741051744242554 ], [ 121.94669640531481, 54.994111232847104 ], [ 121.979459263234389, 55.48317698842726 ], [ 121.768929477713186, 55.615210272935713 ], [ 121.363372837386464, 55.507361558688956 ], [ 121.20699995298537, 56.015857651809142 ], [ 120.179775831789129, 55.874160874924428 ], [ 120.06164350844108, 56.138201606418988 ], [ 120.54058068185293, 56.274834093118898 ], [ 119.960357701146904, 56.493141181520286 ], [ 119.675930616804521, 56.779428616037762 ], [ 120.30276574064635, 57.004143581760843 ], [ 121.406884393300061, 56.975514838039317 ], [ 121.598707309894394, 56.743875231057018 ], [ 122.159603305847895, 56.738371690401152 ], [ 122.589241163648694, 56.489575507203881 ], [ 122.887517531408889, 56.594737047176977 ], [ 123.915361770229424, 56.377334296340678 ], [ 124.509330681565643, 55.873644110986902 ], [ 125.824599237364851, 55.794889228455077 ], [ 126.061587356271389, 55.584566148508941 ], [ 128.222178989668578, 55.663786119034114 ], [ 128.956501092551321, 55.46519358991219 ], [ 129.039803502229802, 55.651952216321718 ], [ 129.643384230897482, 55.744608059114626 ], [ 132.530649856405716, 55.679030667331403 ], [ 132.945508253902744, 55.374656481511408 ], [ 131.199464959640068, 54.612790838726198 ], [ 131.114095494211597, 54.323273627575816 ], [ 130.742128534104495, 54.280459702753035 ], [ 130.398583612143966, 53.909319565845237 ], [ 131.420846795942794, 53.751344712788239 ], [ 131.445858189403907, 53.219180813343826 ], [ 131.894202916131576, 53.127971910475253 ], [ 133.153350865150287, 53.29116608334806 ], [ 133.573273553731497, 53.546034247082787 ], [ 134.010559524102746, 53.433172919494609 ], [ 134.555229119827914, 53.620861720991627 ], [ 134.915517205954188, 53.427023423692049 ], [ 134.814231398660013, 53.340646267011607 ], [ 134.95644494038163, 53.253855699181145 ], [ 134.658892043033347, 52.939146227416416 ], [ 134.783949009439198, 52.654667467129855 ], [ 134.634707472771652, 52.427032783136383 ], [ 133.321299269845326, 52.681823432505382 ], [ 133.340109490660438, 52.203945624490927 ], [ 132.828926223266535, 52.177823187889771 ], [ 132.278675571620283, 51.792988797195221 ], [ 131.40958133401125, 51.681290187791888 ], [ 131.497431268138484, 51.352938137285207 ], [ 131.060455357029014, 51.243022366389084 ], [ 130.64508019379582, 50.657295844127873 ], [ 130.932607862662735, 50.665667426210746 ], [ 130.919895460806856, 50.392996731114238 ], [ 131.296926711098763, 50.365298163379521 ], [ 131.441517368731525, 50.186187649540386 ], [ 131.295376418386923, 49.982272446915886 ], [ 131.497224562563474, 49.910364692176756 ], [ 131.354494256904331, 49.703736476856875 ], [ 131.498671503387072, 49.421841538955846 ], [ 130.982734003271617, 48.972153225091233 ], [ 130.540899699000079, 48.853453268000081 ], [ 129.926466920000053, 49.025690816000079 ], [ 129.480602662000024, 49.421273906000081 ], [ 129.087861776000068, 49.352079163000084 ], [ 128.671866496000064, 49.611443177000055 ], [ 127.703605185000015, 49.660639141 ], [ 127.508113241000046, 49.822334697000045 ], [ 127.590640503000088, 50.208719381000023 ], [ 127.330656372000078, 50.328195292 ], [ 127.287351522, 50.751011862000084 ], [ 126.931765992000066, 51.063783468000068 ], [ 126.981168661000083, 51.308858948000037 ], [ 126.823710572000095, 51.265554098000067 ], [ 126.909441773000026, 51.39110199 ], [ 126.446059204000107, 51.982538757000086 ], [ 126.555974976000073, 52.130643412000026 ], [ 125.977302287000043, 52.610769145000077 ], [ 126.088044881000144, 52.775410258000122 ], [ 125.127431681000132, 53.206546733000053 ], [ 124.870134725000128, 53.107999776000085 ], [ 123.481537313000103, 53.5180781050001 ] ] ] } },
{ "type": "Feature", "properties": { "name": "Yevrey", "type": "Avtonomnaya Oblast", "region": "Far Eastern", "code_hasc": "RU.YV", "latitude": 48.64, "longitude": 132.758 }, "geometry": { "type": "Polygon", "coordinates": [ [ [ 130.825120077000122, 48.317775371000053 ], [ 130.529737590000082, 48.616258443000035 ], [ 130.673915643092414, 48.924249173460566 ], [ 130.982734003271617, 48.972153225091233 ], [ 131.18241173711192, 49.249862371950883 ], [ 131.986393670931079, 49.236426500582525 ], [ 132.119822219419802, 49.485506903720591 ], [ 132.391640252895286, 49.292392075933549 ], [ 132.76980838384975, 49.348021756298976 ], [ 133.173401321213987, 49.175086574885484 ], [ 133.321299269845326, 48.819190986274975 ], [ 134.986623976815054, 48.594811917336074 ], [ 134.76916955003469, 48.373740139395863 ], [ 133.091958456000043, 48.106780497000031 ], [ 132.674619589000031, 47.950614319000081 ], [ 132.536436809000122, 47.711068217 ], [ 131.914045858, 47.667634176 ], [ 130.941805461000115, 47.717967021000064 ], [ 130.674741659000063, 48.063940735000088 ], [ 130.825120077000122, 48.317775371000053 ] ] ] } },
{ "type": "Feature", "properties": { "name": "Khabarovsk", "type": "Kray", "region": "Far Eastern", "code_hasc": "RU.KH", "latitude": 57.0232, "longitude": 135.443 }, "geometry": { "type": "MultiPolygon", "coordinates": [ [ [ [ 134.718732544000147, 48.263411764000082 ], [ 134.386349731554787, 48.381337382714037 ], [ 134.905905390421367, 48.427948717359413 ], [ 134.98300662655447, 48.604527086555777 ], [ 133.321299269845326, 48.819190986274975 ], [ 133.173401321213987, 49.175086574885484 ], [ 132.76980838384975, 49.348021756298976 ], [ 132.391640252895286, 49.292392075933549 ], [ 132.138529087447409, 49.483904934165366 ], [ 131.986393670931079, 49.236426500582525 ], [ 131.446995070965727, 49.207746080017557 ], [ 131.499911736837134, 49.611313178060698 ], [ 131.354494256904331, 49.703736476856875 ], [ 131.498981560850325, 49.90522288672679 ], [ 131.295169711912649, 49.989765529855276 ], [ 131.464461704643895, 50.149807441360281 ], [ 131.296926711098763, 50.365298163379521 ], [ 130.919895460806856, 50.392996731114238 ], [ 130.932607862662735, 50.665667426210746 ], [ 130.64508019379582, 50.657295844127873 ], [ 131.060455357029014, 51.243022366389084 ], [ 131.497431268138484, 51.352938137285207 ], [ 131.40958133401125, 51.681290187791888 ], [ 132.285496860991316, 51.794874985791921 ], [ 132.589767694023863, 52.081524156414673 ], [ 133.426202427400085, 52.254976100866315 ], [ 133.246161736674708, 52.45013214778038 ], [ 133.305279576091493, 52.676009833487001 ], [ 134.634707472771652, 52.427032783136383 ], [ 134.783949009439198, 52.654667467129855 ], [ 134.658892043033347, 52.939146227416416 ], [ 134.95644494038163, 53.253855699181145 ], [ 134.814231398660013, 53.340646267011607 ], [ 134.915517205954188, 53.427023423692049 ], [ 134.555229119827914, 53.620861720991627 ], [ 134.010559524102746, 53.433172919494609 ], [ 133.573273553731497, 53.546034247082787 ], [ 133.153350865150287, 53.29116608334806 ], [ 131.894202916131576, 53.127971910475253 ], [ 131.445858189403907, 53.219180813343826 ], [ 131.420846795942794, 53.751344712788239 ], [ 130.393622674746553, 53.915314032916285 ], [ 130.742128534104495, 54.280459702753035 ], [ 131.106033969591977, 54.316245633529149 ], [ 131.199464959640068, 54.612790838726198 ], [ 132.945508253902744, 55.374656481511408 ], [ 132.400011834978159, 55.703215236693779 ], [ 130.9229960471298, 55.678565579337999 ], [ 130.86460167902419, 55.899482326747943 ], [ 131.125567661718151, 56.41051056630954 ], [ 131.497431268138484, 56.549520168920651 ], [ 131.701449822651171, 56.459086412407999 ], [ 131.79953169173416, 56.722377835068983 ], [ 131.101693149818971, 57.23092560503261 ], [ 131.505906203008863, 57.245808417224623 ], [ 131.693078240568298, 57.560517889888672 ], [ 132.047475214209726, 57.661080226771048 ], [ 131.463738235131359, 58.159912828414292 ], [ 132.119822219419802, 58.046483059145828 ], [ 132.008511183644146, 58.11454092142634 ], [ 132.194753046116148, 58.242543442725662 ], [ 132.124163039192808, 58.486843777418358 ], [ 132.416961704718801, 58.481960354386842 ], [ 132.599276157668442, 58.891030992186529 ], [ 132.807945591216026, 58.880178941405006 ], [ 132.836367629362599, 59.103317775994526 ], [ 133.428992955360513, 59.275632839783725 ], [ 135.186921828279651, 59.116236884324735 ], [ 135.75722293509034, 59.528795681175723 ], [ 136.758712193313045, 59.354646104733945 ], [ 137.465749139611034, 59.555254015460434 ], [ 137.615714145791117, 59.73976471626861 ], [ 138.252987909264561, 59.712531236527298 ], [ 138.24275597520807, 60.492690335290717 ], [ 138.437472771651073, 60.680379136787678 ], [ 138.182811314390619, 60.889410305541162 ], [ 138.291641879668987, 61.109965317745207 ], [ 139.548206008100692, 61.481673896333234 ], [ 139.994276971704835, 61.977664293172552 ], [ 140.279634231134764, 62.053370266224761 ], [ 140.347227003623289, 62.387458401384094 ], [ 140.704724562688398, 62.572718411025846 ], [ 141.295386183925189, 62.435104072395006 ], [ 141.861449822851, 62.027118639313699 ], [ 142.177296177076869, 62.085254625000914 ], [ 142.413250767209092, 61.871262518850131 ], [ 142.981174758108523, 61.90557567038087 ], [ 143.213201938718498, 62.115511175800066 ], [ 143.609353469087296, 62.02468984655917 ], [ 143.646870558829164, 61.869944770135021 ], [ 143.927163528074288, 61.989136461578425 ], [ 143.934398227695965, 61.756850898550113 ], [ 144.222442662298931, 61.733183092225886 ], [ 144.714505649615944, 62.04375844979262 ], [ 145.468361443725598, 61.955701809191112 ], [ 145.7328414247919, 62.059959010699743 ], [ 146.579714796900248, 61.640759793429709 ], [ 146.61475141794358, 61.434079902165706 ], [ 146.767610304871596, 61.403280748107989 ], [ 146.701154413045629, 60.958863430003248 ], [ 146.486077102176523, 60.932921861454702 ], [ 146.404014926847367, 60.666116441320696 ], [ 146.059849888161807, 60.737274889024889 ], [ 145.510012648564839, 60.463699856363235 ], [ 145.792992792083623, 60.198160509000274 ], [ 146.374249301563964, 60.271205146200487 ], [ 146.776085239741974, 59.906421209770997 ], [ 147.111258579619744, 59.884923815581601 ], [ 147.092861769954652, 59.41756216156449 ], [ 146.439641574, 59.460408655000037 ], [ 146.363107906000096, 59.212811464000083 ], [ 146.050291999000024, 59.138872719000062 ], [ 145.824961785000028, 59.241278387000079 ], [ 145.957005529000071, 59.416722807000042 ], [ 145.674652540000011, 59.436428127000056 ], [ 143.164805535000028, 59.381008205000057 ], [ 142.262380405000044, 59.124579169000071 ], [ 141.583733889000086, 58.617748978000066 ], [ 140.740000847000033, 58.271307684000078 ], [ 140.495727974000033, 57.844773602000032 ], [ 138.623057488000086, 56.95929596600007 ], [ 138.581736352, 56.784509175000039 ], [ 138.454448482000089, 56.839336696000032 ], [ 138.129649285000028, 56.585638739000046 ], [ 138.223477099000092, 56.424160253000082 ], [ 135.183724246, 54.85915536300007 ], [ 135.244151238000086, 54.701239325000074 ], [ 135.750173373000052, 54.57094961100006 ], [ 136.82349694100003, 54.647528387000079 ], [ 136.814463738000086, 54.159328518000052 ], [ 136.659190300000091, 53.935044664000031 ], [ 136.764333530000044, 53.775295315000051 ], [ 137.185720248000052, 53.851060289000031 ], [ 137.290863477000016, 54.035711981000077 ], [ 137.061371290000011, 54.145697333000044 ], [ 137.735850457000083, 54.320990302000041 ], [ 137.483897332000083, 54.084662177000041 ], [ 137.30787194100003, 54.118353583000044 ], [ 137.862803582000083, 53.967596747000073 ], [ 137.217621290000011, 53.600572007000039 ], [ 137.335134311000047, 53.529364325000074 ], [ 138.15007571700005, 53.672756252000056 ], [ 138.578623894000089, 53.999335028000075 ], [ 138.579925977000016, 53.828314520000049 ], [ 138.215586785000028, 53.491766669000071 ], [ 138.439219597000033, 53.513657945000034 ], [ 138.771820509, 54.015570380000042 ], [ 138.643565300000091, 54.29718659100007 ], [ 139.302256707000083, 54.190619208000044 ], [ 139.767588738000086, 54.303941148000035 ], [ 140.240570509, 54.05695221600007 ], [ 140.257334832000083, 53.868557033000059 ], [ 140.581228061000047, 53.63930898600006 ], [ 141.40748131600003, 53.303778387000079 ], [ 141.432953321000014, 53.148871161000045 ], [ 141.188812696000014, 52.987494208000044 ], [ 140.70671634200005, 53.111029364000046 ], [ 141.260590040000011, 52.852240302000041 ], [ 141.316254102000016, 52.659125067000048 ], [ 141.12818444100003, 52.422919012000079 ], [ 141.555837436000047, 52.162298895000049 ], [ 141.354991082000083, 52.105902411000045 ], [ 141.425547722000033, 51.925482489000046 ], [ 140.686289910000028, 51.31281159100007 ], [ 140.70671634200005, 51.031683661000045 ], [ 140.442149285000028, 50.530096747000073 ], [ 140.522959832000083, 50.151068427000041 ], [ 140.690928582000083, 50.080267645000049 ], [ 140.415212436000047, 49.874579169000071 ], [ 140.560801629000025, 49.575384833000044 ], [ 140.219248894000089, 49.013861395000049 ], [ 140.397959832000083, 48.992743231000077 ], [ 140.17701256600003, 48.461818752000056 ], [ 139.261729363000086, 47.787909247000073 ], [ 139.026376218287737, 47.389429364873251 ], [ 138.551574335387158, 47.476611437267991 ], [ 138.642731561412347, 47.605673325763348 ], [ 138.512610304821692, 47.663447577143927 ], [ 138.82556277919889, 47.860903224704032 ], [ 138.579479607797566, 48.021875312195903 ], [ 138.707843866101484, 48.188790188116684 ], [ 138.305594516773454, 48.444588527838278 ], [ 137.315474074169174, 48.090294907883674 ], [ 137.605172154271486, 47.898265285714331 ], [ 137.440324335000014, 47.782044990284021 ], [ 138.0502095891012, 47.675901598380051 ], [ 138.086796502856259, 47.516608994809246 ], [ 137.452416620130862, 47.198359687149832 ], [ 137.065463495044241, 47.294865424199941 ], [ 136.978337030429543, 47.015683498994235 ], [ 136.607196892622483, 46.787325343689645 ], [ 135.367272577367544, 46.916413072405362 ], [ 135.423289829561895, 47.040591538768467 ], [ 135.089976840758595, 47.19443227852679 ], [ 134.444538201676664, 46.947367255194649 ], [ 134.41932010264054, 46.680148423910623 ], [ 134.014900343875752, 46.626456610783919 ], [ 134.183571411000059, 47.327499899000074 ], [ 134.772579387000064, 47.710732321000094 ], [ 134.559362427000053, 48.009525452000091 ], [ 134.718732544000147, 48.263411764000082 ] ] ], [ [ [ 137.71648196700005, 54.392157294000071 ], [ 137.917979363000086, 54.509426174000055 ], [ 137.715098504000025, 54.367173570000034 ], [ 137.71648196700005, 54.392157294000071 ] ] ], [ [ [ 137.546722852000016, 54.51626211100006 ], [ 137.641123894000089, 54.400458075000074 ], [ 137.568125847000033, 54.396633205000057 ], [ 137.546722852000016, 54.51626211100006 ] ] ], [ [ [ 137.171234571000014, 55.119533596000053 ], [ 137.074961785000028, 54.933172919000071 ], [ 136.670420769000089, 54.907294012000079 ], [ 136.809255405000044, 55.018052476000037 ], [ 137.171234571000014, 55.119533596000053 ] ] ], [ [ [ 137.567881707000083, 55.194647528000075 ], [ 138.21216881600003, 55.036363023000035 ], [ 137.718923373000052, 54.624335028000075 ], [ 137.485362175000091, 54.879339911000045 ], [ 137.225922071000014, 54.777818101000037 ], [ 137.567881707000083, 55.194647528000075 ] ] ], [ [ [ 139.243593280000027, 54.581031644000063 ], [ 139.261461626000028, 54.599233545000061 ], [ 139.276750074, 54.613109683000062 ], [ 139.243593280000027, 54.581031644000063 ] ] ], [ [ [ 138.19594380500007, 54.701110441000083 ], [ 138.226782555, 54.715626317000044 ], [ 138.240995078000083, 54.713711659000069 ], [ 138.19594380500007, 54.701110441000083 ] ] ] ] } },
{ "type": "Feature", "properties": { "name": "Primor'ye", "type": "Kray", "region": "Far Eastern", "code_hasc": "RU.PR", "latitude": 44.8622, "longitude": 134.594 }, "geometry": { "type": "MultiPolygon", "coordinates": [ [ [ [ 133.874442994000162, 46.319783631000078 ], [ 133.902451620000079, 46.573644104000053 ], [ 134.41932010264054, 46.680148423910623 ], [ 134.444538201676664, 46.947367255194649 ], [ 134.704987421332362, 47.116814277556841 ], [ 135.108580356897846, 47.191693427409746 ], [ 135.423289829561895, 47.040591538768467 ], [ 135.367272577367544, 46.916413072405362 ], [ 136.577224562663332, 46.777455145738372 ], [ 136.978337030429543, 47.015683498994235 ], [ 137.065463495044241, 47.294865424199941 ], [ 137.452416620130862, 47.198359687149832 ], [ 137.822213169901829, 47.357161363406192 ], [ 138.086796502856259, 47.516608994809246 ], [ 138.0502095891012, 47.675901598380051 ], [ 137.440324335000014, 47.782044990284021 ], [ 137.605172154271486, 47.898265285714331 ], [ 137.315474074169174, 48.090294907883674 ], [ 138.305594516773454, 48.444588527838278 ], [ 138.707843866101484, 48.188790188116684 ], [ 138.579479607797566, 48.021875312195903 ], [ 138.82556277919889, 47.860903224704032 ], [ 138.512610304821692, 47.663447577143927 ], [ 138.642731561412347, 47.605673325763348 ], [ 138.551574335387158, 47.476611437267991 ], [ 139.026376218287737, 47.389429364873251 ], [ 138.562754754000025, 47.02993398600006 ], [ 138.034027540000011, 46.155951239000046 ], [ 136.16529381600003, 44.496527411000045 ], [ 135.837901238000086, 44.362697658000059 ], [ 135.128428582000083, 43.500555731000077 ], [ 133.926768425000091, 42.882717190000051 ], [ 133.157725457000083, 42.688421942000048 ], [ 132.989756707000083, 42.826971747000073 ], [ 132.815928582000083, 42.756415106000077 ], [ 132.763438347000033, 42.908148505000042 ], [ 132.404388868000069, 42.942287502000056 ], [ 132.311534050000091, 42.845445054000038 ], [ 132.345795118000069, 43.297919012000079 ], [ 131.929942254000025, 43.069566148000035 ], [ 132.05201256600003, 43.31476471600007 ], [ 131.81568444100003, 43.336737372000073 ], [ 131.219547211000076, 42.554711688000054 ], [ 130.656670389000055, 42.664079512000058 ], [ 130.872894727000016, 42.52765534100007 ], [ 130.672881308000058, 42.311139425000093 ], [ 130.571905559000015, 42.621818136000016 ], [ 130.379669231000094, 42.69667144800006 ], [ 131.103035929000043, 42.910431010000039 ], [ 131.280906210000069, 43.380221456000086 ], [ 131.160706828, 43.532770284000023 ], [ 131.264473104000103, 44.054211325000026 ], [ 130.933433879000063, 44.841708476000079 ], [ 131.433765097000105, 44.96128774000006 ], [ 131.853067668000051, 45.337595520000022 ], [ 132.966178020000086, 45.028880514000022 ], [ 133.874442994000162, 46.319783631000078 ] ] ], [ [ [ 131.826508009, 43.065171617000033 ], [ 131.883311394000089, 42.960760809000078 ], [ 131.757009311000047, 42.990057684000078 ], [ 131.826508009, 43.065171617000033 ] ] ], [ [ [ 132.453623894000089, 42.860907294000071 ], [ 132.401540561000047, 42.831976630000042 ], [ 132.427500847000033, 42.895900783000059 ], [ 132.453623894000089, 42.860907294000071 ] ] ] ] } },
{ "type": "Feature", "properties": { "name": "Tyumen'", "type": "Oblast", "region": "Urals", "code_hasc": "RU.TY", "latitude": 57.2639, "longitude": 68.5186 }, "geometry": { "type": "Polygon", "coordinates": [ [ [ 70.382452841000031, 55.206243796000095 ], [ 68.466343214967367, 55.406721707440795 ], [ 68.176438430189364, 55.709623114914791 ], [ 67.446663852654638, 55.735047919525812 ], [ 67.297422315987035, 55.959013577314693 ], [ 66.014916619906046, 55.991207994453362 ], [ 65.66713423006064, 56.273516344403731 ], [ 65.156674432179273, 56.293334256470757 ], [ 64.967228630596821, 56.500840969135368 ], [ 64.980871210238149, 56.746614081274799 ], [ 65.237289666684717, 56.923554186576439 ], [ 65.067997673953471, 56.907844550285745 ], [ 64.989966261833501, 57.237333482354302 ], [ 64.829252556760082, 57.304719550167079 ], [ 65.002265253438679, 57.592970690345055 ], [ 64.839277785241563, 57.640719713244152 ], [ 66.196610956130712, 58.032504584518904 ], [ 65.934508090975612, 58.614355374101194 ], [ 66.740660435130962, 58.669597479939739 ], [ 66.779004348072192, 58.932010403457298 ], [ 68.35813276641403, 59.282919217148105 ], [ 68.571349725309517, 59.574245104328099 ], [ 69.295233188560758, 59.782888699453906 ], [ 69.071370883559382, 59.897403673440749 ], [ 69.3060852402416, 59.988896796250117 ], [ 70.398525018015164, 59.817486070026064 ], [ 71.187520785955485, 59.908850003424902 ], [ 72.015997349298175, 59.559310615292645 ], [ 72.523769972905882, 59.155045885259369 ], [ 72.926122674122098, 59.143961290481116 ], [ 73.032059361350434, 58.863125718876802 ], [ 75.159474724778704, 58.650218818343774 ], [ 74.206251255191262, 58.133557847816405 ], [ 73.087353143133043, 58.146321926515668 ], [ 72.861217075007971, 58.0105162621158 ], [ 71.249429152433379, 58.076455390004242 ], [ 71.301622348792307, 58.385092882130778 ], [ 70.864646436783573, 58.534618638739175 ], [ 70.383952264185609, 57.922304592782723 ], [ 70.69018680197928, 57.567804267253109 ], [ 70.432011346346542, 57.383784491960682 ], [ 70.612362095434321, 57.200591538968297 ], [ 71.098327263792157, 57.339136054485323 ], [ 71.67172895692579, 56.832035224446031 ], [ 71.059569939700907, 56.701629747015204 ], [ 71.053058709591767, 56.544404201892348 ], [ 70.780413852916922, 56.471669623054652 ], [ 70.938647089291692, 56.404257717719474 ], [ 70.76842492057358, 56.288812567745765 ], [ 70.860925733735598, 55.983973293932365 ], [ 70.762223748826898, 55.90351308905781 ], [ 70.475522902260082, 55.876486314891508 ], [ 70.753852166744082, 55.853128566929797 ], [ 70.543632439585394, 55.710294908483206 ], [ 70.747134230160555, 55.590302232262161 ], [ 70.382452841000031, 55.206243796000095 ] ], [ [ 70.749097934921735, 56.019475002968989 ], [ 70.800567660868808, 56.013713079894671 ], [ 70.806665479827984, 56.04340119081229 ], [ 70.749097934921735, 56.019475002968989 ] ], [ [ 70.700522088823334, 55.953949287129888 ], [ 70.75033816927106, 55.943148912292429 ], [ 70.77018191886043, 55.950073554450967 ], [ 70.700522088823334, 55.953949287129888 ] ] ] } },
{ "type": "Feature", "properties": { "name": "Kurgan", "type": "Oblast", "region": "Urals", "code_hasc": "RU.KU", "latitude": 55.4316, "longitude": 65.3505 }, "geometry": { "type": "Polygon", "coordinates": [ [ [ 68.734233685000049, 55.351714066000014 ], [ 68.605300334000106, 55.19559845 ], [ 68.177109416000064, 55.170535380000089 ], [ 68.308160848000057, 55.072815247000037 ], [ 68.166050659000121, 54.956129863000044 ], [ 65.449782348000099, 54.627467754000023 ], [ 65.19816980000013, 54.51615671800009 ], [ 65.184217164000074, 54.310432841000093 ], [ 64.578517701000067, 54.385570373000107 ], [ 63.368307333000075, 54.162844951000082 ], [ 63.091890903842113, 54.31854523417519 ], [ 63.298493279840955, 54.526155301426002 ], [ 63.192143182361974, 54.686429755129041 ], [ 62.105697869860762, 54.653821925941088 ], [ 61.966894972824718, 55.000725815743749 ], [ 62.266411574034862, 55.104750475054345 ], [ 62.030560336690144, 55.272802232536947 ], [ 62.198302035810286, 55.438373522220274 ], [ 62.586805453608747, 55.509066881031686 ], [ 62.071798130379364, 56.133524888962427 ], [ 62.332970818648334, 56.469163315934281 ], [ 63.356680943270874, 56.514586899765561 ], [ 63.408460727580461, 56.624140937254424 ], [ 64.173271926158463, 56.468388170477681 ], [ 64.323236932338546, 56.746924140536635 ], [ 64.838244255567929, 56.841802070509118 ], [ 65.156674432179273, 56.293334256470757 ], [ 65.66713423006064, 56.273516344403731 ], [ 66.014916619906046, 55.991207994453362 ], [ 67.297422315987035, 55.959013577314693 ], [ 67.446663852654638, 55.735047919525812 ], [ 68.176438430189364, 55.709623114914791 ], [ 68.174888136578204, 55.586168118064165 ], [ 68.734233685000049, 55.351714066000014 ] ] ] } },
{ "type": "Feature", "properties": { "name": "Omsk", "type": "Oblast", "region": "Siberian", "code_hasc": "RU.OM", "latitude": 56.0471, "longitude": 73.3995 }, "geometry": { "type": "MultiPolygon", "coordinates": [ [ [ [ 71.264672892000135, 54.661729228000056 ], [ 70.820358928000132, 55.294145406000084 ], [ 70.46858559900005, 55.285462098000053 ], [ 70.747134230160555, 55.590302232262161 ], [ 70.549006789032035, 55.726211249449591 ], [ 70.765634392613094, 55.838039049162774 ], [ 70.475522902260082, 55.876486314891508 ], [ 70.762223748826898, 55.90351308905781 ], [ 70.855034621250752, 55.973715522353473 ], [ 70.76842492057358, 56.288812567745765 ], [ 70.938647089291692, 56.404257717719474 ], [ 70.774316033957746, 56.459654853188908 ], [ 71.053058709591767, 56.544404201892348 ], [ 71.044790480296399, 56.694679267334266 ], [ 71.673279249637631, 56.837771308199308 ], [ 71.098327263792157, 57.339136054485323 ], [ 70.612362095434321, 57.200591538968297 ], [ 70.432011346346542, 57.383784491960682 ], [ 70.69018680197928, 57.567804267253109 ], [ 70.383952264185609, 57.922304592782723 ], [ 70.864646436783573, 58.534618638739175 ], [ 71.301622348792307, 58.385092882130778 ], [ 71.249429152433379, 58.076455390004242 ], [ 72.861217075007971, 58.0105162621158 ], [ 73.087353143133043, 58.146321926515668 ], [ 74.206251255191262, 58.133557847816405 ], [ 75.10521447087109, 58.581024075400705 ], [ 75.302928500849589, 58.486921291784142 ], [ 75.069144321952876, 58.342899074932348 ], [ 75.221899855194124, 58.222079576411318 ], [ 75.080409783884363, 58.118726712467776 ], [ 75.557383254333672, 57.931399645277395 ], [ 75.58394493960725, 57.661907049970353 ], [ 76.108667433854976, 57.250252591583831 ], [ 76.284780715057934, 56.736795559267591 ], [ 75.84625451033736, 56.462083645044174 ], [ 76.138639763814012, 56.447097480064599 ], [ 76.313822869929481, 56.185330511693735 ], [ 75.763158807133209, 56.141224677476885 ], [ 75.311093378256771, 55.890335598309207 ], [ 75.352124464572341, 55.767862454288831 ], [ 75.08692101399356, 55.754064845915877 ], [ 75.321015253051428, 55.540486151814434 ], [ 75.097463006412568, 55.38178782834558 ], [ 75.394292434248428, 55.03741608318569 ], [ 75.337448357955338, 54.918922023732364 ], [ 75.830338169370975, 54.614599513856433 ], [ 75.685024042225734, 54.530521958721408 ], [ 75.691233574000137, 54.113138241000044 ], [ 74.453470500000094, 53.684992981000065 ], [ 74.38835819500008, 53.462215882000024 ], [ 73.904150025000035, 53.639155985000102 ], [ 73.41095015500008, 53.430021465000081 ], [ 73.22966923000007, 53.6624103810001 ], [ 73.682871541000111, 53.874128724000045 ], [ 73.740645793000112, 54.057941793000097 ], [ 73.360307251000052, 53.938414205000115 ], [ 72.624228149000032, 54.134991354000121 ], [ 72.503098593000061, 54.050862122000055 ], [ 72.700192505000075, 53.957637838000025 ], [ 72.3922009690001, 53.908235169000093 ], [ 72.48294478400004, 54.135611471000075 ], [ 72.043178345000058, 54.378025615000055 ], [ 72.177640422000081, 54.135973205000099 ], [ 71.762471965000032, 54.247645976000044 ], [ 71.647233521000089, 54.10858469700004 ], [ 71.161268351000047, 54.101970113000064 ], [ 70.970840698000131, 54.305006816000017 ], [ 71.190620565000131, 54.318184307000095 ], [ 71.141217895000125, 54.563750712000015 ], [ 71.264672892000135, 54.661729228000056 ] ] ], [ [ [ 70.762223748826898, 56.03066295053469 ], [ 70.787648553437975, 56.000173854839488 ], [ 70.738969353652692, 56.000716458098054 ], [ 70.762223748826898, 56.03066295053469 ] ] ], [ [ [ 70.706516554995005, 55.958445136533783 ], [ 70.77018191886043, 55.950073554450967 ], [ 70.701245559235133, 55.9491433784641 ], [ 70.706516554995005, 55.958445136533783 ] ] ] ] } },
{ "type": "Feature", "properties": { "name": "Novosibirsk", "type": "Oblast", "region": "Siberian", "code_hasc": "RU.NS", "latitude": 55.3139, "longitude": 80.0832 }, "geometry": { "type": "Polygon", "coordinates": [ [ [ 76.664601685000036, 54.134061178000067 ], [ 76.910478150000074, 54.454610088000052 ], [ 75.691233574000137, 54.113138241000044 ], [ 75.802122836799469, 54.690176297498112 ], [ 75.337448357955338, 54.918922023732364 ], [ 75.394292434248428, 55.03741608318569 ], [ 75.097463006412568, 55.38178782834558 ], [ 75.322565545763268, 55.532114569731561 ], [ 75.094362420988887, 55.76321157525399 ], [ 75.352124464572341, 55.767862454288831 ], [ 75.311093378256771, 55.890335598309207 ], [ 75.763158807133209, 56.141224677476885 ], [ 76.318990512901792, 56.191299140343006 ], [ 76.130578240992975, 56.45174835909944 ], [ 75.84625451033736, 56.462083645044174 ], [ 76.284160598332903, 56.72620189090452 ], [ 76.108667433854976, 57.250252591583831 ], [ 78.444338819680752, 57.161317450939578 ], [ 79.589798617911867, 56.92856679991786 ], [ 80.248569777373291, 56.454719754213272 ], [ 81.122314894916428, 56.532621975124016 ], [ 81.557430454052167, 56.258271796106499 ], [ 83.085089146446933, 56.552724107131837 ], [ 83.255724725415689, 56.439397691550198 ], [ 83.069689569418074, 56.233932197113177 ], [ 83.407343377994437, 55.900619208309763 ], [ 83.29468875508195, 55.6824413111176 ], [ 83.644951612726686, 55.701199855988534 ], [ 83.969686313872273, 56.014669094303258 ], [ 84.533579543361213, 56.038853665464273 ], [ 84.551252882614392, 55.722645576032505 ], [ 84.770981073417772, 55.539814358246019 ], [ 84.635072056230399, 55.408737088146097 ], [ 84.875470818923134, 55.388531603350771 ], [ 84.882602166656625, 54.985274562770826 ], [ 85.076078728750304, 54.868279120085276 ], [ 84.940479770824709, 54.731388250966972 ], [ 85.079386020648315, 54.469388740398017 ], [ 84.531925896962548, 54.169717109556927 ], [ 83.567850375694263, 54.126412259218341 ], [ 83.406103142745792, 53.940583807896417 ], [ 83.189682244739743, 54.065382391883873 ], [ 82.485539178290423, 53.468622951687848 ], [ 82.205142857157114, 53.697885444557585 ], [ 81.83482954344862, 53.713052476690393 ], [ 81.726102329159119, 53.840538234951566 ], [ 81.854569940250485, 53.968644110837033 ], [ 81.55401981026597, 53.935028592195749 ], [ 80.92480756961362, 54.396059882357633 ], [ 79.571505161034338, 53.732741197548194 ], [ 78.665617303195972, 53.656053372565054 ], [ 78.376642694404779, 53.488104966970639 ], [ 77.963747999870236, 53.57657501872211 ], [ 78.05769575385591, 53.465160631058268 ], [ 77.784656738717501, 53.327440475497497 ], [ 76.374386841000103, 54.147755432000096 ], [ 76.664601685000036, 54.134061178000067 ] ] ] } },
{ "type": "Feature", "properties": { "name": "Chelyabinsk", "type": "Oblast", "region": "Urals", "code_hasc": "RU.CL", "latitude": 54.1131, "longitude": 60.2383 }, "geometry": { "type": "Polygon", "coordinates": [ [ [ 63.328591957000071, 54.163110075000091 ], [ 62.62912764500004, 54.071170960000089 ], [ 62.525258016000066, 53.871854961000039 ], [ 62.412706746000083, 54.026625875000079 ], [ 62.00363610900007, 53.932006328000071 ], [ 61.33768192500014, 54.063161113000021 ], [ 61.210764608000034, 53.907666728000052 ], [ 60.996100708000085, 53.941411439000021 ], [ 61.19908573400005, 53.797130839000019 ], [ 60.880242147000047, 53.632799785000074 ], [ 61.555343059000052, 53.505727438000051 ], [ 61.235259237000093, 53.503040264000035 ], [ 61.162705526000082, 53.299150899000026 ], [ 62.050661662000039, 53.124768779000036 ], [ 62.094173218000094, 52.992477112000088 ], [ 60.974603312000056, 52.971238098000029 ], [ 60.672606242000086, 52.672160747000063 ], [ 61.039922323000042, 52.334997864000044 ], [ 60.029775856670426, 51.992610475393121 ], [ 59.913686964781562, 52.100437730916497 ], [ 60.143957147104629, 52.426050930306189 ], [ 59.272795851047647, 52.494134630109045 ], [ 59.175024042125813, 52.277377835318816 ], [ 58.800473259633179, 52.438892524270557 ], [ 58.723682081862535, 52.645055649798394 ], [ 58.836026646412563, 53.000822048998316 ], [ 59.027642857431886, 53.014955553256129 ], [ 58.822797478820576, 53.21137767204192 ], [ 58.923359815702895, 53.935157783404975 ], [ 59.322198521244729, 54.181551012269381 ], [ 59.728995395920776, 54.138659573080815 ], [ 59.679489373835509, 54.498146674429449 ], [ 59.943969354002434, 54.857427070203073 ], [ 59.631533643562761, 54.911067206486337 ], [ 59.227837355209772, 54.611188870070293 ], [ 57.961144647307606, 54.392365016832059 ], [ 57.165120884421242, 54.818979804474395 ], [ 57.136905551849736, 55.092141425086652 ], [ 57.51796756355219, 55.334038805446482 ], [ 58.143975864194772, 55.208955999719592 ], [ 57.963831821581266, 55.167123927727062 ], [ 58.000832147385665, 54.916725775873829 ], [ 58.299005160559659, 55.173686835578962 ], [ 58.550979445345092, 54.952666734482193 ], [ 58.815666131087028, 55.02485871006138 ], [ 58.577644484305495, 55.16154287450405 ], [ 59.641352167368609, 55.565342516543865 ], [ 59.239722934765609, 55.58435944293393 ], [ 59.344316033957796, 55.643994046288185 ], [ 59.153940057287798, 55.799540107489918 ], [ 59.173473749413972, 56.005496528342064 ], [ 59.296050246221853, 56.130889391532151 ], [ 58.997257115423508, 56.20855906844622 ], [ 59.194351026878337, 56.351806138942152 ], [ 60.908975051257585, 56.1880952012325 ], [ 61.373236118052375, 56.369117743888751 ], [ 62.126161737074483, 56.127478745947315 ], [ 62.344339634266703, 55.926095689764225 ], [ 62.256282992765875, 55.841191311429839 ], [ 62.516835565209135, 55.737786769743593 ], [ 62.456684197917355, 55.568443101967546 ], [ 62.585461867371237, 55.504467677940966 ], [ 62.034591099000011, 55.293679510900688 ], [ 62.269512160357863, 55.130511176449602 ], [ 62.198302035810286, 54.9967467311767 ], [ 61.97020226382341, 55.021293037543614 ], [ 62.123371210013318, 54.815104071795474 ], [ 62.024772576992802, 54.716505438774959 ], [ 63.192143182361974, 54.686429755129041 ], [ 63.298493279840955, 54.526155301426002 ], [ 63.091890903842113, 54.31854523417519 ], [ 63.328591957000071, 54.163110075000091 ] ] ] } },
{ "type": "Feature", "properties": { "name": "Altay", "type": "Kray", "region": "Siberian", "code_hasc": "RU.AL", "latitude": 52.4268, "longitude": 82.8667 }, "geometry": { "type": "Polygon", "coordinates": [ [ [ 80.054989055000135, 50.752872213000089 ], [ 77.784656738717501, 53.327440475497497 ], [ 78.05769575385591, 53.465160631058268 ], [ 77.925300734141558, 53.564844468797162 ], [ 78.376642694404779, 53.488104966970639 ], [ 78.665617303195972, 53.656053372565054 ], [ 79.441900669280415, 53.692950343783309 ], [ 80.92480756961362, 54.396059882357633 ], [ 81.55401981026597, 53.935028592195749 ], [ 81.854569940250485, 53.968644110837033 ], [ 81.726102329159119, 53.840538234951566 ], [ 81.83482954344862, 53.713052476690393 ], [ 82.205142857157114, 53.697885444557585 ], [ 82.485539178290423, 53.468622951687848 ], [ 83.189682244739743, 54.065382391883873 ], [ 83.406103142745792, 53.940583807896417 ], [ 83.567850375694263, 54.126412259218341 ], [ 84.457925246253069, 54.14160512977287 ], [ 85.160001255153759, 54.487165432438701 ], [ 85.434816522164738, 54.211549181549458 ], [ 86.139166294189067, 53.987764390913867 ], [ 86.56880415198998, 53.53802440020587 ], [ 87.005366651949373, 53.508103746190898 ], [ 86.666575961811134, 53.249876613714719 ], [ 87.076990187647027, 53.075210273335415 ], [ 86.944078403995093, 52.855120348225455 ], [ 87.18747440022338, 52.635030423115495 ], [ 86.711327752973375, 52.5125572781958 ], [ 86.615829706275861, 52.378560288926167 ], [ 86.811373325918225, 52.287997342103608 ], [ 86.7738562361763, 52.113098455928991 ], [ 85.920988396996904, 52.072119046456805 ], [ 85.471300083132292, 51.568532212991215 ], [ 84.014438104135138, 51.137602443997594 ], [ 84.608717075632512, 50.836173813970333 ], [ 84.541641066182194, 50.691066393299366 ], [ 84.088597274744416, 50.634612502265156 ], [ 83.323781779000115, 51.00241770500007 ], [ 82.475823201000082, 50.714011536000029 ], [ 81.460226277000061, 50.730341289000066 ], [ 81.400798381000129, 50.959112854000111 ], [ 81.051517375000117, 50.955702210000098 ], [ 81.152028036000104, 51.186540833000024 ], [ 80.68275435400011, 51.302011820000089 ], [ 80.054989055000135, 50.752872213000089 ] ] ] } },
{ "type": "Feature", "properties": { "name": "Orenburg", "type": "Oblast", "region": "Volga", "code_hasc": "RU.OB", "latitude": 51.5157, "longitude": 56.2149 }, "geometry": { "type": "Polygon", "coordinates": [ [ [ 59.913686964781562, 52.100437730916497 ], [ 60.06075728400009, 51.858670349000036 ], [ 60.479749797000125, 51.784256287000019 ], [ 60.375880167000105, 51.662532451000047 ], [ 61.473797648000129, 51.425802714000028 ], [ 61.663656860000117, 51.258396912000038 ], [ 61.404034465000052, 50.802584941000092 ], [ 60.718494914000075, 50.652671611000059 ], [ 60.021276489000059, 50.854054667000057 ], [ 59.815707642000064, 50.562909648000058 ], [ 59.522805623000124, 50.474646302000068 ], [ 59.437642863000065, 50.631122538000099 ], [ 58.664356730000065, 50.789924215000056 ], [ 58.595006959000045, 51.023372498000086 ], [ 58.308409465000068, 51.150031434000098 ], [ 57.768804158000137, 51.119671530000048 ], [ 57.72239872300014, 50.908728333000042 ], [ 57.46763391200011, 50.85849884100007 ], [ 57.15447473200004, 51.099956971000083 ], [ 56.688353312000061, 50.969138082000043 ], [ 56.478340291000109, 51.073033549000073 ], [ 55.659992310000064, 50.530043437000032 ], [ 54.638245890000064, 51.02768748000004 ], [ 54.502956991000076, 50.928262024000034 ], [ 54.676279745000102, 50.602545471000028 ], [ 54.499442993000116, 50.5232738240001 ], [ 54.379760376000036, 50.61944366500002 ], [ 54.478565715000059, 50.853486227000118 ], [ 53.407313273000113, 51.48417124500007 ], [ 52.545815470000036, 51.459521586000065 ], [ 52.307793823000054, 51.774541117000084 ], [ 51.869164266000041, 51.67307444300009 ], [ 51.693309367000097, 51.454095561000102 ], [ 51.304237508000085, 51.471639710000076 ], [ 51.371933635000062, 51.62958872500009 ], [ 50.76700931792567, 51.759399922768182 ], [ 51.415187615715865, 52.102711494040193 ], [ 51.539831170072432, 52.67694000947381 ], [ 51.727003207631924, 52.664382636349558 ], [ 51.728036737305558, 52.869486396479999 ], [ 52.157881300681481, 53.102572944285896 ], [ 52.07995324134896, 53.514098212362569 ], [ 52.484683057577001, 54.058509426568776 ], [ 52.203666619718717, 54.298649806843059 ], [ 52.538529901233915, 54.377249661542635 ], [ 53.059118280384325, 54.334306546409948 ], [ 52.938402133751424, 54.213797106251434 ], [ 53.067179803205306, 54.073495592447614 ], [ 53.470462681307652, 54.045745347869456 ], [ 54.093783806777253, 53.424439602205837 ], [ 54.926601189892949, 53.219542548549725 ], [ 55.161832309613374, 52.823184313505237 ], [ 55.406675245765939, 52.837111111288721 ], [ 55.24906212791484, 52.647794500915438 ], [ 55.544961378864514, 52.593844306269716 ], [ 55.535762973582337, 52.388688870195153 ], [ 55.861324497027908, 52.373495998741305 ], [ 56.054284295184061, 52.644745592335198 ], [ 56.427904900790509, 52.595136217462425 ], [ 56.451366000640405, 52.308822944523229 ], [ 56.190916781883971, 52.172681383339125 ], [ 56.621691522146023, 52.123795477978888 ], [ 56.780131463196426, 51.592200019315385 ], [ 56.889685499785969, 51.624756170760634 ], [ 56.799355096060822, 51.75208690029018 ], [ 57.197677035866491, 51.572097887307621 ], [ 57.677957798213811, 51.868462226250699 ], [ 58.544778272699091, 51.771233018788735 ], [ 58.694226515841024, 52.048761298495094 ], [ 58.606066521552691, 52.180536201484472 ], [ 58.93968956871862, 52.293397529072706 ], [ 58.867342564407807, 52.452457586848141 ], [ 59.175024042125813, 52.277377835318816 ], [ 59.272795851047647, 52.494134630109045 ], [ 60.136825799371138, 52.429254869416638 ], [ 59.913686964781562, 52.100437730916497 ] ], [ [ 52.229091424329738, 53.354883124056926 ], [ 52.300508253553005, 53.380152899936377 ], [ 52.250485466630948, 53.394932359340885 ], [ 52.229091424329738, 53.354883124056926 ] ] ] } },
{ "type": "Feature", "properties": { "name": "Saratov", "type": "Oblast", "region": "Volga", "code_hasc": "RU.SR", "latitude": 51.6742, "longitude": 46.6368 }, "geometry": { "type": "Polygon", "coordinates": [ [ [ 50.661848586443057, 51.95424510372851 ], [ 50.790677124000126, 51.59729095500002 ], [ 50.581697632000044, 51.63529897100004 ], [ 50.325382528000034, 51.303458761000073 ], [ 49.436547892000078, 51.112333476000046 ], [ 49.369420207000076, 50.82676951200007 ], [ 48.568280477000087, 50.63654856400008 ], [ 48.88567712400004, 50.019893697000029 ], [ 48.429890991000093, 49.809673971 ], [ 47.624668823000093, 50.440798238000085 ], [ 47.239525180742476, 50.378527330072188 ], [ 46.716249627318405, 50.689722805263216 ], [ 46.093755324148844, 50.526063544397005 ], [ 45.810671827842555, 50.773593654823287 ], [ 45.667631462921634, 50.593604640941408 ], [ 45.22817508311357, 50.58843699796904 ], [ 45.308066848106535, 50.876843166878643 ], [ 45.042449986377733, 51.126259466800946 ], [ 44.44631066290674, 51.211551418762951 ], [ 43.329789666759666, 51.017661445519252 ], [ 42.872866652374057, 51.2313434924082 ], [ 42.47960900185393, 51.676535955969541 ], [ 42.919892205760675, 52.369723618849889 ], [ 43.175277134332248, 52.462121080123723 ], [ 44.34667850111191, 52.316135159410067 ], [ 44.548113234138441, 52.552399807005486 ], [ 45.045240513438898, 52.320889391232413 ], [ 45.644377068646804, 52.518551744367471 ], [ 45.980583937298832, 52.40716319422603 ], [ 46.582097609317202, 52.730812689753805 ], [ 47.707817009847076, 52.581235257201342 ], [ 48.252176548109162, 52.810110175544139 ], [ 48.890690545032612, 52.411038926904951 ], [ 49.28704878097642, 52.493540350906414 ], [ 50.221462029748864, 52.129893296938064 ], [ 50.167511835103085, 52.023594876302468 ], [ 50.661848586443057, 51.95424510372851 ] ] ] } },
{ "type": "Feature", "properties": { "name": "Astrakhan'", "type": "Oblast", "region": "Volga", "code_hasc": "RU.AS", "latitude": 47.0334, "longitude": 47.7227 }, "geometry": { "type": "MultiPolygon", "coordinates": [ [ [ [ 46.620191910000074, 48.669596618000085 ], [ 46.478278849000048, 48.410560405000055 ], [ 47.09891280100004, 48.265375468000016 ], [ 47.140564006000091, 47.792665304000067 ], [ 47.359672078000074, 47.683343811000057 ], [ 47.412175334000096, 47.835866801000108 ], [ 48.044488159000082, 47.769695129000027 ], [ 48.525078980000046, 47.41023386600007 ], [ 49.006289917000117, 46.769110210000051 ], [ 48.455109090000064, 46.660796407000035 ], [ 48.539393351000058, 46.567959697 ], [ 48.91797489400011, 46.474322002000079 ], [ 49.29851321700005, 46.251776434000078 ], [ 49.150157097000033, 46.335760809000078 ], [ 49.114512566000087, 46.151271877000056 ], [ 48.626963738000086, 46.087307033000059 ], [ 48.752207879000082, 45.965562242000033 ], [ 48.716319207000083, 45.813544012000079 ], [ 48.573415561000047, 45.971136786000045 ], [ 47.818207227000073, 45.608099677000041 ], [ 47.560069207000083, 45.771551825000074 ], [ 47.65365644600007, 45.559068101000037 ], [ 47.396739129000082, 45.752875067000048 ], [ 47.56771894600007, 45.553615627000056 ], [ 47.364582147148326, 45.685428779114829 ], [ 46.888952263835904, 45.578277695958889 ], [ 47.173792759328364, 46.10483470285925 ], [ 46.840169712162435, 46.075534166468572 ], [ 46.869625279083323, 46.239296780122288 ], [ 46.49300743994138, 46.285702215884555 ], [ 46.954064569424304, 46.434065253408676 ], [ 46.938664992395445, 46.571266180889495 ], [ 47.213480259406424, 46.742315171907649 ], [ 46.515641716591915, 47.392611396498751 ], [ 46.805856560631753, 47.578181464502961 ], [ 46.116286248911251, 47.502423813707992 ], [ 45.734087354747601, 47.843488267869247 ], [ 45.722098423303578, 48.029135851138619 ], [ 44.984158970160308, 48.273229479356985 ], [ 45.374936151082466, 48.464070543121068 ], [ 45.210191684598556, 48.536055813125245 ], [ 45.618332147310753, 48.59553538684861 ], [ 46.014897087930251, 48.866991686017457 ], [ 46.620191910000074, 48.669596618000085 ] ] ], [ [ [ 47.997080925000034, 45.520493882000039 ], [ 47.917735222000033, 45.570054429000038 ], [ 47.957041863000086, 45.650458075000074 ], [ 47.997080925000034, 45.520493882000039 ] ] ] ] } },
{ "type": "Feature", "properties": { "name": "Volgograd", "type": "Oblast", "region": "Volga", "code_hasc": "RU.VG", "latitude": 49.5014, "longitude": 44.4488 }, "geometry": { "type": "Polygon", "coordinates": [ [ [ 47.434460435000062, 50.376528084000043 ], [ 47.308719116000077, 50.044801738000089 ], [ 46.89990686100009, 49.820319316000095 ], [ 46.775108277000072, 49.332545472000064 ], [ 47.040001668000059, 49.150334371000056 ], [ 46.620191910000074, 48.669596618000085 ], [ 46.032467075295244, 48.868903713935197 ], [ 45.618332147310753, 48.59553538684861 ], [ 45.24708865671613, 48.556468004394844 ], [ 45.37173221197196, 48.459212958511216 ], [ 44.984158970160308, 48.273229479356985 ], [ 45.300625441111208, 48.097684638035616 ], [ 44.954600051351292, 48.208478908974428 ], [ 44.568990513401445, 48.056524360510821 ], [ 44.311125116131166, 48.258191637534026 ], [ 44.46522423740862, 48.038773505093161 ], [ 44.38905317636295, 47.868267117333573 ], [ 44.058840772983274, 47.900487371994586 ], [ 43.705167270653021, 47.683136298001727 ], [ 43.66713341697357, 47.445993150363563 ], [ 43.225713332404325, 47.450153102983279 ], [ 43.136519810241055, 47.574254054980656 ], [ 42.945110304796685, 47.516634833230967 ], [ 42.491907992559788, 48.013607082900535 ], [ 42.020618930818955, 48.037481593900395 ], [ 42.077876418262065, 48.411257229137789 ], [ 42.628643832946523, 48.548044745468587 ], [ 42.745122511694547, 48.804721585232926 ], [ 42.343803338353382, 49.152142238973113 ], [ 42.070641716841749, 49.151883857454038 ], [ 42.178748814406219, 49.686218167234586 ], [ 41.492382439997584, 50.083558255109381 ], [ 41.362054477831862, 50.226340236712531 ], [ 41.525765414642137, 50.598668932025589 ], [ 41.165787387777698, 50.777521064345592 ], [ 41.947548456096342, 51.20418752703273 ], [ 42.844134555865026, 51.236201077018052 ], [ 43.35976199671876, 51.014767563871942 ], [ 44.44631066290674, 51.211551418762951 ], [ 45.18828087656118, 51.05135447942564 ], [ 45.312717726242056, 50.847542630487965 ], [ 45.22817508311357, 50.58843699796904 ], [ 45.667631462921634, 50.593604640941408 ], [ 45.810671827842555, 50.773593654823287 ], [ 46.093755324148844, 50.526063544397005 ], [ 46.707567986873073, 50.690885525246756 ], [ 47.434460435000062, 50.376528084000043 ] ] ] } },
{ "type": "Feature", "properties": { "name": "Crimea", "type": "Oblast", "region": "Volga", "code_hasc": "UA.KR", "latitude": 45.3115, "longitude": 34.2784 }, "geometry": { "type": "Polygon", "coordinates": [ [ [ 33.628517493895586, 46.12493524180271 ], [ 33.801878173838645, 46.202705858988168 ], [ 34.68863720264477, 45.974015372711278 ], [ 35.480723504000082, 45.297796942000048 ], [ 35.833262566000087, 45.470892645000049 ], [ 36.63835696700005, 45.351263739000046 ], [ 36.43726647200009, 45.272040106000077 ], [ 36.440114780000044, 45.067450262000079 ], [ 35.847992384000065, 44.992417710000041 ], [ 35.506195509000065, 45.113511460000041 ], [ 35.080821160000085, 44.793768622000073 ], [ 34.720957879000082, 44.810980536000045 ], [ 34.102549675000034, 44.425116278000075 ], [ 33.729997684176972, 44.397974268572824 ], [ 33.852068870481958, 44.431631863719531 ], [ 33.625210748377299, 44.661449004467954 ], [ 33.537445509000065, 45.117377020000049 ], [ 32.481618686000047, 45.408880927000041 ], [ 33.169200066000087, 45.784409898000035 ], [ 33.691661004000082, 45.860744533000059 ], [ 33.628517493895586, 46.12493524180271 ] ] ] } },
{ "type": "Feature", "properties": { "name": "Maga Buryatdan", "type": "Oblast", "region": "Far Eastern", "code_hasc": "RU.MG", "latitude": 62.6257, "longitude": 153.797 }, "geometry": { "type": "MultiPolygon", "coordinates": [ [ [ [ 153.369151238000086, 59.241278387000079 ], [ 152.899912957000083, 58.903631903000075 ], [ 152.363291863000086, 59.059719143000052 ], [ 152.020298305000097, 58.87503653300007 ], [ 151.353664542000047, 58.832562286000041 ], [ 151.088049855, 59.10202038500006 ], [ 152.322238140000081, 59.20740928400005 ], [ 151.734297835, 59.307264023000073 ], [ 151.39605662200006, 59.604162942000073 ], [ 150.779911935000086, 59.43226300200007 ], [ 150.503740514000015, 59.488665913000034 ], [ 150.77434801000004, 59.561914982000076 ], [ 149.375254754000025, 59.772202867000033 ], [ 149.04070071700005, 59.64288971600007 ], [ 149.212087436000047, 59.469142971000053 ], [ 148.743428864000066, 59.47157799200005 ], [ 148.989905678000014, 59.375376721000066 ], [ 148.934522469000058, 59.233272922000083 ], [ 148.219436473000087, 59.408869890000062 ], [ 147.545999066000036, 59.23754682200007 ], [ 146.886566602000016, 59.364732164000031 ], [ 147.101853468762556, 59.423866686098677 ], [ 147.117459752265745, 59.880169582859935 ], [ 146.776085239741974, 59.906421209770997 ], [ 146.374249301563964, 60.271205146200487 ], [ 145.792992792083623, 60.198160509000274 ], [ 145.510012648564839, 60.463699856363235 ], [ 146.059849888161807, 60.737274889024889 ], [ 146.443082310200452, 60.689680894857361 ], [ 146.486077102176523, 60.932921861454702 ], [ 146.731333448579676, 61.003511868377984 ], [ 146.764199660186136, 61.40813833271784 ], [ 145.958770787341905, 62.005259508119764 ], [ 144.72174035103626, 62.095899970207427 ], [ 145.173805779912755, 62.276405748026832 ], [ 145.124299757827544, 62.48990692776249 ], [ 145.482314080830065, 62.55271963180553 ], [ 145.251733840144539, 63.190303452742114 ], [ 145.640547317204891, 63.667121894459854 ], [ 145.556211378752096, 63.828223172261573 ], [ 146.108735792622724, 63.941575426264876 ], [ 146.390475701792184, 64.206649684735112 ], [ 147.266597935246409, 64.052576401879435 ], [ 147.623165318324709, 64.168331611114922 ], [ 147.610452915569567, 64.037331855380785 ], [ 147.938391554926284, 63.943590806970121 ], [ 148.258888788186937, 64.2395934107073 ], [ 148.022624139692198, 64.431002916151613 ], [ 148.302503696888039, 64.554406236158854 ], [ 149.219140252720422, 64.408420315445198 ], [ 149.816416456853972, 64.567273668544942 ], [ 150.086064080892584, 64.489293932369037 ], [ 150.025602655238345, 64.359017646147436 ], [ 150.193034295995858, 64.223909613737646 ], [ 150.608719516692304, 64.166212876722852 ], [ 150.654194778266401, 64.334367987892279 ], [ 151.391720819360216, 64.295636502222749 ], [ 151.479984166436111, 64.435550442398949 ], [ 152.037056105654642, 64.505081082126196 ], [ 152.106095818966764, 64.362531642721081 ], [ 152.379877558102748, 64.393511663932088 ], [ 152.335125766940564, 64.516269028792635 ], [ 152.748227167050118, 64.685922756729781 ], [ 152.499663527849521, 64.938258774922474 ], [ 152.688179153445162, 65.233434557258988 ], [ 153.461568637882237, 65.363039049012855 ], [ 153.494641555063708, 65.835180773274033 ], [ 154.249634230735069, 65.829987290980682 ], [ 154.381719192086962, 65.944243883448451 ], [ 154.216147903303067, 66.064546617132635 ], [ 154.528170200794079, 66.237559312911912 ], [ 156.33591515506032, 66.062789618845784 ], [ 156.630780878134942, 66.202936103018715 ], [ 157.124394159063172, 65.915150051733463 ], [ 157.717639601786118, 66.112037259411977 ], [ 158.476973098129861, 66.114621079998813 ], [ 158.396047805261901, 66.260555324768404 ], [ 158.618566522227184, 66.356105048309303 ], [ 159.202406854092942, 66.202057603875289 ], [ 158.921700473697797, 65.74301585599693 ], [ 160.027369419962724, 65.514864407166613 ], [ 160.519535760966505, 65.165531725508686 ], [ 161.348012323409989, 65.12264028632012 ], [ 161.867257115423513, 64.812710883000818 ], [ 162.996903924576372, 64.648664049406307 ], [ 163.155137160051822, 64.767726548741223 ], [ 163.259006788832153, 64.717807115505934 ], [ 163.169916620355707, 64.552261664244384 ], [ 163.460338169970555, 64.390953680867653 ], [ 162.78720096315385, 64.143216864866417 ], [ 162.929104445613575, 63.945451158044477 ], [ 162.721571893627925, 63.79765656220053 ], [ 162.964864537068706, 63.498837592081202 ], [ 162.673926222617069, 63.380524399781223 ], [ 162.755781692371102, 63.184308987469763 ], [ 162.294104446163146, 63.067261867940829 ], [ 162.277361281997514, 62.916883449711406 ], [ 162.818620233037223, 62.70826569300732 ], [ 162.728599887674591, 62.290306708287915 ], [ 162.1629496598988, 62.186437080406904 ], [ 162.531816033682958, 62.092334295891021 ], [ 162.311157667792031, 61.934204413203076 ], [ 162.510458947200391, 61.658359879198308 ], [ 160.915149244000077, 60.89964503200008 ], [ 160.791623752000078, 60.717700269000034 ], [ 160.431016276000037, 60.749204122000037 ], [ 160.154392683000083, 60.576336133000041 ], [ 160.170095248000052, 60.824896552000041 ], [ 160.444214536, 61.036219521000078 ], [ 159.797539083000061, 60.931102543000065 ], [ 160.000140500000043, 61.106117512000083 ], [ 159.77561830500008, 61.242205661000071 ], [ 160.285139987000093, 61.55410723500006 ], [ 160.345713738000086, 61.944728908000059 ], [ 159.57721252500005, 61.652771070000085 ], [ 159.565585769, 61.816648017000034 ], [ 159.2122886840001, 61.911854848000075 ], [ 157.464508871000021, 61.782105424000065 ], [ 156.679462945000068, 61.524017068000035 ], [ 156.654971258000046, 61.196760199000039 ], [ 155.943059713000025, 60.922629065000081 ], [ 155.913620654000056, 60.703583117000051 ], [ 154.820994986000073, 60.300232171000061 ], [ 154.487589875000026, 59.946306572000083 ], [ 154.563698362000082, 60.093704759000047 ], [ 154.407835273000046, 60.062927667000054 ], [ 154.473480665000011, 59.879339911000045 ], [ 154.220770298000048, 59.869620187000066 ], [ 154.368251316000055, 59.574686270000086 ], [ 154.2200736100001, 59.663976280000043 ], [ 154.138438347000033, 59.456976630000042 ], [ 154.962901238000086, 59.496079820000034 ], [ 155.209713214000089, 59.343879542000082 ], [ 155.194102410000028, 59.175767320000034 ], [ 154.438020693, 59.215520509000044 ], [ 154.048675977000016, 59.052801825000074 ], [ 153.768556553000053, 59.246583379000072 ], [ 153.369151238000086, 59.241278387000079 ] ] ], [ [ [ 150.698530441, 59.140446044000043 ], [ 150.782800263000013, 59.090863816000081 ], [ 150.472075559000018, 59.00415294700008 ], [ 150.698530441, 59.140446044000043 ] ] ], [ [ [ 155.509035809000011, 59.320147796000072 ], [ 155.566932497000039, 59.340423609000084 ], [ 155.600049352000042, 59.319428777000041 ], [ 155.509035809000011, 59.320147796000072 ] ] ], [ [ [ 149.103481109000086, 59.161529008000059 ], [ 149.040028655000015, 59.20292969500008 ], [ 149.14110770700006, 59.207690353000032 ], [ 149.103481109000086, 59.161529008000059 ] ] ] ] } },
{ "type": "Feature", "properties": { "name": "Sakhalin", "type": "Oblast", "region": "Far Eastern", "code_hasc": "RU.SL", "latitude": 47.3479, "longitude": 152.467 }, "geometry": { "type": "MultiPolygon", "coordinates": [ [ [ [ 142.282562696000014, 54.303941148000035 ], [ 142.635101759, 54.266058661000045 ], [ 142.723155144000089, 54.425604559000078 ], [ 143.01295006600003, 54.119086005000042 ], [ 142.851817254000025, 53.871975002000056 ], [ 143.360524936000047, 52.87140534100007 ], [ 143.296885613000086, 52.453680731000077 ], [ 143.193695509, 52.336981512000079 ], [ 143.26140384200005, 52.597601630000042 ], [ 143.118662957000083, 52.337795315000051 ], [ 143.125498894000089, 51.967027085000041 ], [ 143.317881707000083, 51.706366278000075 ], [ 143.224131707000083, 51.522162177000041 ], [ 143.365082227000016, 51.644964911000045 ], [ 143.447764519000089, 51.508368231000077 ], [ 143.379405144000089, 51.350083726000037 ], [ 143.521657748000052, 51.285101630000042 ], [ 143.79029381600003, 50.30923086100006 ], [ 144.385020379000025, 49.072699286000045 ], [ 144.684743686000047, 48.873236395000049 ], [ 144.756602410000028, 48.643255927000041 ], [ 144.05787194100003, 49.253404039000088 ], [ 143.258636915000011, 49.393377997000073 ], [ 143.666758660000028, 49.314886786000045 ], [ 143.008799675000091, 49.123032945000034 ], [ 142.545258009, 47.766669012000079 ], [ 143.016368035000028, 47.253607489000046 ], [ 143.172862175000091, 46.707831122000073 ], [ 143.389659050000091, 46.708075262000079 ], [ 143.197113477000016, 46.840806382000039 ], [ 143.47820071700005, 46.82843659100007 ], [ 143.625743035000028, 46.374701239000046 ], [ 143.430511915000011, 46.025213934000078 ], [ 143.368662957000083, 46.555487372000073 ], [ 142.61841881600003, 46.718573309000078 ], [ 142.085297071000014, 45.900824286000045 ], [ 141.814219597000033, 46.538397528000075 ], [ 142.056651238000086, 47.053697007000039 ], [ 141.965830925000091, 47.612494208000044 ], [ 142.19109134200005, 47.966742255000042 ], [ 141.857432488000086, 48.774237372000073 ], [ 142.125010613000086, 49.462307033000059 ], [ 142.041351759, 50.550970770000049 ], [ 142.26921634200005, 51.11241282800006 ], [ 142.078949415000011, 51.471380927000041 ], [ 141.68677819100003, 51.747300523000035 ], [ 141.823008660000028, 51.744208075000074 ], [ 141.639008009, 51.884507554000038 ], [ 141.64185631600003, 52.318182684000078 ], [ 141.928396030000044, 53.020656643000052 ], [ 141.76880944100003, 53.371649481000077 ], [ 142.241058790000011, 53.529364325000074 ], [ 142.263926629000025, 53.380072333000044 ], [ 142.455332879000025, 53.380275783000059 ], [ 142.687266472000033, 53.529364325000074 ], [ 142.49773196700005, 53.658270575000074 ], [ 142.804453972000033, 53.706976630000042 ], [ 142.739105665000011, 53.845689195000034 ], [ 142.604177280000044, 53.69757721600007 ], [ 142.70826256600003, 53.948228257000039 ], [ 142.282562696000014, 54.303941148000035 ] ] ], [ [ [ 146.131683790000011, 43.540838934000078 ], [ 146.151866082000083, 43.462795315000051 ], [ 146.07935631600003, 43.517645575000074 ], [ 146.131683790000011, 43.540838934000078 ] ] ], [ [ [ 146.604665561000047, 43.808579820000034 ], [ 146.914561394000089, 43.802720445000034 ], [ 146.602224155000044, 43.736070054000038 ], [ 146.604665561000047, 43.808579820000034 ] ] ], [ [ [ 146.119313998000052, 44.506048895000049 ], [ 146.572113477000016, 44.449896552000041 ], [ 145.588715040000011, 43.847560940000051 ], [ 145.556162957000083, 43.65265534100007 ], [ 145.443125847000033, 43.724514065000051 ], [ 146.119313998000052, 44.506048895000049 ] ] ], [ [ [ 148.799164259, 45.415676174000055 ], [ 147.913024045000043, 44.963001684000062 ], [ 147.653800747000105, 44.994851055000083 ], [ 146.861795804000053, 44.445337234000078 ], [ 147.196580001000029, 44.713681755000039 ], [ 147.109198899000035, 44.827148130000069 ], [ 147.894867384, 45.223944403000075 ], [ 147.939952019000089, 45.426255601000037 ], [ 148.06959069100003, 45.251166083000044 ], [ 148.726573113000086, 45.525213934000078 ], [ 148.799164259, 45.415676174000055 ] ] ], [ [ [ 149.667328321000014, 45.853216864000046 ], [ 150.569349547, 46.231757902000084 ], [ 149.436696811000047, 45.586981512000079 ], [ 149.667328321000014, 45.853216864000046 ] ] ], [ [ [ 151.71216881600003, 46.806626695000034 ], [ 152.294932488000086, 47.142482815000051 ], [ 151.850600911000015, 46.790473206000058 ], [ 151.71216881600003, 46.806626695000034 ] ] ], [ [ [ 152.426280144000089, 47.383490302000041 ], [ 152.52444390900007, 47.298645934000035 ], [ 152.413154194000072, 47.34067053800004 ], [ 152.426280144000089, 47.383490302000041 ] ] ], [ [ [ 152.970189196000092, 47.751570356000059 ], [ 153.068818794000094, 47.743296497000074 ], [ 152.978253835000032, 47.684332818000087 ], [ 152.970189196000092, 47.751570356000059 ] ] ], [ [ [ 153.214726524000071, 48.125724698000056 ], [ 153.233300945, 48.039808964000088 ], [ 153.164555774000064, 48.121415472000081 ], [ 153.214726524000071, 48.125724698000056 ] ] ], [ [ [ 154.119476759, 48.899603583000044 ], [ 154.056407097000033, 48.737779039000088 ], [ 153.973317905000044, 48.739488023000035 ], [ 154.119476759, 48.899603583000044 ] ] ], [ [ [ 153.915049675000091, 48.982489325000074 ], [ 153.960703972000033, 48.926703192000048 ], [ 153.902110222000033, 48.95648834800005 ], [ 153.915049675000091, 48.982489325000074 ] ] ], [ [ [ 154.457041863000086, 49.171454169000071 ], [ 154.511729363000086, 49.080226955000057 ], [ 154.439463738000086, 49.157171942000048 ], [ 154.457041863000086, 49.171454169000071 ] ] ], [ [ [ 154.373904417000062, 49.778467248000084 ], [ 154.491337965000071, 49.783252395000034 ], [ 154.411916978000022, 49.73309557400006 ], [ 154.373904417000062, 49.778467248000084 ] ] ], [ [ [ 156.125254754000025, 50.637518622000073 ], [ 155.884938998000052, 50.253729559000078 ], [ 155.39576256600003, 49.995794989000046 ], [ 155.216563347000033, 50.067084052000041 ], [ 155.201914910000028, 50.293524481000077 ], [ 155.689626498000052, 50.403713283000059 ], [ 156.041188998000052, 50.772772528000075 ], [ 156.125254754000025, 50.637518622000073 ] ] ], [ [ [ 156.460459832000083, 50.873724677000041 ], [ 156.405772332000083, 50.630113023000035 ], [ 156.180023634, 50.688421942000048 ], [ 156.199392123000052, 50.780503648000035 ], [ 156.460459832000083, 50.873724677000041 ] ] ], [ [ [ 155.672862175000091, 50.870306708000044 ], [ 155.467621290000011, 50.852484442000048 ], [ 155.474131707000083, 50.921820380000042 ], [ 155.672862175000091, 50.870306708000044 ] ] ], [ [ [ 142.54070071700005, 54.297796942000048 ], [ 142.58716881600003, 54.313299872000073 ], [ 142.604177280000044, 54.310207424000055 ], [ 142.54070071700005, 54.297796942000048 ] ] ], [ [ [ 150.808480581000026, 46.486437534000061 ], [ 150.832855665000011, 46.44086334800005 ], [ 150.780076983000072, 46.45715948600008 ], [ 150.808480581000026, 46.486437534000061 ] ] ], [ [ [ 154.836680535000028, 49.650051174000055 ], [ 154.815114780000044, 49.310207424000055 ], [ 154.605967644000089, 49.292669989000046 ], [ 154.63835696700005, 49.424261786000045 ], [ 154.836680535000028, 49.650051174000055 ] ] ], [ [ [ 146.080902540000125, 43.431097723000107 ], [ 146.080739780000158, 43.416164455000171 ], [ 146.026459181000178, 43.410752671000182 ], [ 146.080902540000125, 43.431097723000107 ] ] ], [ [ [ 145.938161655000044, 43.455349026000192 ], [ 145.896006707000197, 43.417344468000181 ], [ 145.865000847000147, 43.456162828000174 ], [ 145.938161655000044, 43.455349026000192 ] ] ], [ [ [ 146.317718946000014, 43.650580145000106 ], [ 146.344574415000125, 43.619086004999986 ], [ 146.269704623000052, 43.628159898000035 ], [ 146.317718946000014, 43.650580145000106 ] ] ] ] } },
{ "type": "Feature", "properties": { "name": "Sevastopol", "type": "Gorod Federalnogo Znacheniya", "region": "Volga", "code_hasc": "UA.SC", "latitude": 44.5182, "longitude": 33.6396 }, "geometry": { "type": "Polygon", "coordinates": [ [ [ 33.852068870481958, 44.431631863719531 ], [ 33.372325066000087, 44.57648346600007 ], [ 33.571543816000087, 44.62055084800005 ], [ 33.559580925000034, 44.849758205000057 ], [ 33.852068870481958, 44.431631863719531 ] ] ] } },
{ "type": "Feature", "properties": { "name": "Chukchi Autonomous Okrug", "type": "Avtonomnyy Okrug", "region": "Far Eastern", "code_hasc": "RU.CK", "latitude": 66.7517, "longitude": 170.516 }, "geometry": { "type": "MultiPolygon", "coordinates": [ [ [ [ -172.4613440789999, 64.827594598000076 ], [ -172.043356010999901, 64.751182997000058 ], [ -172.633192929999922, 64.684439315000077 ], [ -172.4613440789999, 64.827594598000076 ] ] ], [ [ [ -180.0, 68.98236981000008 ], [ -178.844812576999914, 68.75236095300005 ], [ -178.484934048999918, 68.591538804000038 ], [ -178.724618120999907, 68.675685689000034 ], [ -178.699927991999914, 68.543189316000053 ], [ -178.021351691999911, 68.415961005000042 ], [ -178.07367916599992, 68.259263414000031 ], [ -177.704701300999915, 68.344549872000073 ], [ -178.375070766999926, 68.557440497000073 ], [ -177.492258266999926, 68.291734117000033 ], [ -177.765573696999923, 68.262640692000048 ], [ -177.634714321999923, 68.195298570000034 ], [ -177.338083462999919, 68.244574286000045 ], [ -176.539371365999926, 67.895096721000073 ], [ -176.208794991999923, 67.901770042000066 ], [ -176.533318894999923, 68.002962025000045 ], [ -175.920725063999924, 67.85101959800005 ], [ -176.34087321699991, 67.695902431000036 ], [ -176.20579216899992, 67.645151930000054 ], [ -175.681789216999903, 67.589579382000068 ], [ -176.011965910999919, 67.727347765000047 ], [ -175.824029150999905, 67.812960127000053 ], [ -175.265528730999904, 67.658555079000053 ], [ -175.126770034999907, 67.499889843000062 ], [ -175.366883166999912, 67.357788629000083 ], [ -174.968948072999922, 67.424748405000059 ], [ -175.079823370999918, 67.481146552000041 ], [ -174.806109020999912, 67.364670886000056 ], [ -174.756435579999902, 67.303236781000066 ], [ -174.907608093999926, 67.037384961000043 ], [ -174.687820137999921, 66.732416879000084 ], [ -174.971334610999918, 66.66541324800005 ], [ -174.435663162999901, 66.531544989000054 ], [ -174.463499975999923, 66.279748138000059 ], [ -174.015907117999916, 66.472171315000082 ], [ -173.999312664999906, 66.219249533000038 ], [ -173.691129815999915, 66.439098868000031 ], [ -174.263949977999914, 66.56587565500007 ], [ -173.93055139799992, 66.667626946000041 ], [ -174.026214361999905, 66.961110898000072 ], [ -174.612000388999917, 67.061414029000048 ], [ -173.646468884999905, 67.115614853000068 ], [ -173.071259597999926, 67.044232524000051 ], [ -173.272159080999927, 67.051950533000081 ], [ -173.143370415999925, 66.999645489000045 ], [ -173.29495505299991, 66.981327641000064 ], [ -173.302541624999918, 66.822105105000048 ], [ -173.086575910999926, 66.846746868000082 ], [ -173.226478602999919, 66.910935063000068 ], [ -173.073962646999917, 66.993073229000061 ], [ -172.36248657099992, 66.933213360000082 ], [ -172.986344176999921, 67.039175243000045 ], [ -171.718516809999926, 66.950777496000057 ], [ -170.385192883999906, 66.316531756000074 ], [ -170.625681118999921, 66.234808661000045 ], [ -170.274257087999928, 66.290403867000066 ], [ -170.106204379999923, 66.193047453000077 ], [ -170.338368292999917, 66.185777085000041 ], [ -169.641384189999911, 66.06832743700005 ], [ -170.606312628999916, 65.861314195000034 ], [ -170.48877325299992, 65.670757691000063 ], [ -170.588165723999907, 65.604565845000081 ], [ -171.463265469999925, 65.832589628000051 ], [ -170.981812326999915, 65.592053828000076 ], [ -171.038653915999902, 65.466987232000065 ], [ -172.034203301999923, 65.47443813600006 ], [ -171.743619165999917, 65.499661274000061 ], [ -172.260080532999922, 65.54523346600007 ], [ -172.290481978999907, 65.666174070000068 ], [ -172.85960852799991, 65.69985586100006 ], [ -172.389722103999901, 65.581816507000042 ], [ -172.388608544999926, 65.432236488000058 ], [ -172.093403117999912, 65.483570521000047 ], [ -172.188538779999902, 65.242449841000052 ], [ -172.701975063999924, 65.247626044000071 ], [ -172.201531289999906, 65.21687429900004 ], [ -172.080092961999924, 65.075904770000079 ], [ -173.164116389999919, 64.764602660000037 ], [ -172.805734829999921, 64.80337148600006 ], [ -173.042871607999899, 64.659684678000076 ], [ -172.844633203999905, 64.648869998000066 ], [ -172.967192842999907, 64.56113681800008 ], [ -172.220244059999914, 64.407338186000061 ], [ -172.883345605999921, 64.494710751000071 ], [ -173.013050910999908, 64.46157461100006 ], [ -172.78832359799992, 64.43786076300006 ], [ -172.822171378999911, 64.32036164200008 ], [ -173.106264575999916, 64.240980280000031 ], [ -173.368252841999919, 64.285478215000069 ], [ -173.263661261999914, 64.445990302000041 ], [ -173.414540167999917, 64.61664459800005 ], [ -173.385177814999906, 64.395040744000084 ], [ -173.635433749999919, 64.332230639000045 ], [ -174.652292446999923, 64.725327867000033 ], [ -174.653223080999908, 64.897900993000064 ], [ -175.411452028999918, 64.771263662000081 ], [ -175.864735480999911, 64.999212958000044 ], [ -175.735041269999925, 65.146845106000058 ], [ -176.044056769999912, 65.452093817000048 ], [ -176.976551886999914, 65.60805898600006 ], [ -177.415925472999902, 65.440748491000079 ], [ -178.46110056099991, 65.472741276000079 ], [ -178.424234891999902, 65.712878750000073 ], [ -178.978382941999911, 66.049261786000045 ], [ -178.684256113999908, 66.012571875000049 ], [ -178.495675454999912, 66.140127301000064 ], [ -178.477124043999908, 66.38276195900005 ], [ -178.785134560999921, 66.16724307800007 ], [ -179.117665167999917, 66.242661851000037 ], [ -179.16429602799991, 66.41437409100007 ], [ -179.171457485999923, 66.289455471000053 ], [ -179.424020962999919, 66.34406159100007 ], [ -179.251954696999917, 66.145170391000079 ], [ -179.692982550999915, 66.18390534100007 ], [ -179.766672329999921, 65.819810289000031 ], [ -179.260510410999899, 65.53217898500003 ], [ -179.663089838999923, 65.141263257000048 ], [ -180.0, 65.066229475000057 ], [ -180.0, 68.98236981000008 ] ] ], [ [ [ -169.076527472999913, 65.755072333000044 ], [ -169.063221808999913, 65.828192450000074 ], [ -168.994618292999917, 65.81586334800005 ], [ -169.076527472999913, 65.755072333000044 ] ] ], [ [ [ 169.446462436000047, 69.849107164000031 ], [ 169.234711134, 69.59210846600007 ], [ 168.874522332000083, 69.567857164000031 ], [ 167.753754102000016, 69.83234284100007 ], [ 168.264659050000091, 70.024115302000041 ], [ 169.446462436000047, 69.849107164000031 ] ] ], [ [ [ -180.0, 71.53668798800004 ], [ -178.394846157999922, 71.540716864000046 ], [ -177.443430141999926, 71.237005927000041 ], [ -177.930490688999924, 71.041449286000045 ], [ -179.501210089999915, 70.919663804000038 ], [ -180.0, 70.992010355000048 ], [ -180.0, 71.53668798800004 ] ] ], [ [ [ -172.696034308999913, 64.652533270000049 ], [ -172.519398566999911, 64.593003648000035 ], [ -172.725046352999925, 64.626450914000031 ], [ -172.696034308999913, 64.652533270000049 ] ] ], [ [ [ 162.431769440628528, 69.677134817858786 ], [ 164.02702884200005, 69.773830471000053 ], [ 164.834258050000017, 69.567404028000055 ], [ 166.89380944100003, 69.495917059000078 ], [ 167.80201256600003, 69.775213934000078 ], [ 168.254079623000052, 69.544338283000059 ], [ 168.288259311000047, 69.242661851000037 ], [ 169.371267123000052, 69.076564846000053 ], [ 169.625498894000089, 68.777248440000051 ], [ 170.625173373000052, 68.748602606000077 ], [ 170.449229363000086, 68.863470770000049 ], [ 170.728037957000083, 68.821966864000046 ], [ 170.680430535000028, 68.940375067000048 ], [ 171.15943444100003, 69.044094143000052 ], [ 170.606130405000044, 69.589789130000042 ], [ 170.160732902000063, 69.613366631000076 ], [ 170.591775559000098, 69.764724761000082 ], [ 170.481618686000047, 70.14203522300005 ], [ 172.725352410000028, 69.980861721000053 ], [ 173.198008660000028, 69.783433335000041 ], [ 173.479258660000028, 69.835760809000078 ], [ 173.164073113000086, 69.886664130000042 ], [ 173.27857506600003, 69.941839911000045 ], [ 175.99717651800006, 69.769362901000079 ], [ 176.157669637000026, 69.821481912000081 ], [ 175.781566228000088, 69.885282897000081 ], [ 176.127614780000044, 69.893784898000035 ], [ 176.734548373000052, 69.674750067000048 ], [ 178.772634311000047, 69.415228583000044 ], [ 179.067718946000014, 69.325262762000079 ], [ 178.65398196700005, 69.317450262000079 ], [ 179.261485222000033, 69.272162177000041 ], [ 180.0, 68.981050321000055 ], [ 180.0, 65.06618951300004 ], [ 178.561534050000091, 64.591538804000038 ], [ 178.755869988000086, 64.682196356000077 ], [ 177.625010613000086, 64.72016022300005 ], [ 176.936859571000014, 65.082831122000073 ], [ 176.30632571700005, 65.055487372000073 ], [ 176.958506707000083, 65.046576239000046 ], [ 177.30005944100003, 64.822739976000037 ], [ 176.435801629000025, 64.810939846000053 ], [ 176.045664910000028, 64.962795315000051 ], [ 175.714610222000033, 64.793646552000041 ], [ 175.040782097000033, 64.778062242000033 ], [ 174.441742384, 64.692450262000079 ], [ 175.711680535000028, 64.774725653000075 ], [ 176.082367384, 64.918931382000039 ], [ 176.423675977000016, 64.70962148600006 ], [ 176.145274285000028, 64.62759023600006 ], [ 176.11451256600003, 64.590033270000049 ], [ 176.114268425000091, 64.541937567000048 ], [ 177.49187259200005, 64.767523505000042 ], [ 177.361501498000052, 64.548407294000071 ], [ 177.453623894000089, 64.420640367000033 ], [ 178.183848504000025, 64.205796617000033 ], [ 178.074554884, 64.25421784100007 ], [ 178.282562696000014, 64.353989976000037 ], [ 178.200043165000011, 64.440171617000033 ], [ 178.588633660000028, 64.035101630000042 ], [ 178.382578972000033, 63.973049221000053 ], [ 178.643239780000044, 64.000962632000039 ], [ 178.759287957000083, 63.622992255000042 ], [ 178.26880944100003, 63.565415757000039 ], [ 178.711273634, 63.570013739000046 ], [ 178.595469597000033, 63.411322333000044 ], [ 178.698985222000033, 63.385687567000048 ], [ 178.838389519000089, 63.434881903000075 ], [ 178.754242384, 63.538275458000044 ], [ 178.77702884200005, 63.59516022300005 ], [ 179.00554446700005, 63.321356512000079 ], [ 178.809336785000028, 63.350490627000056 ], [ 179.407399936000047, 63.141343492000033 ], [ 179.249522332000083, 62.98468659100007 ], [ 179.60906009200005, 62.705633856000077 ], [ 179.116058790000011, 62.472235419000071 ], [ 179.073578321000014, 62.287176825000074 ], [ 177.306813998000052, 62.582098700000074 ], [ 177.457774285000028, 62.814846096000053 ], [ 177.188975457000083, 62.709662177000041 ], [ 176.992198113000086, 62.86945221600007 ], [ 176.927907748000052, 62.672919012000079 ], [ 177.265879754000025, 62.588324286000045 ], [ 176.661875847000033, 62.53461334800005 ], [ 175.306407097000033, 62.074937242000033 ], [ 175.395192905000044, 62.122748114000046 ], [ 175.258067254000025, 62.168768622000073 ], [ 175.174489780000044, 62.021918036000045 ], [ 174.599945509, 61.98501211100006 ], [ 174.726898634, 61.886297919000071 ], [ 174.489756707000083, 61.814642645000049 ], [ 174.329132114755225, 62.093161119090325 ], [ 174.107336868201855, 62.078485012473323 ], [ 174.079845006042092, 62.447041327894965 ], [ 173.68762088429628, 62.534684557346395 ], [ 172.852529738956264, 62.331492825133751 ], [ 172.054748976883729, 62.466523343177698 ], [ 170.282970818748254, 62.278886216725482 ], [ 169.986141391811771, 62.545019843291129 ], [ 170.07833214661116, 62.661291816464143 ], [ 168.463753696975459, 63.078217272409177 ], [ 169.598361444425109, 63.656063137204001 ], [ 169.353518508272487, 63.946329658087222 ], [ 168.859698520869983, 64.026583157386767 ], [ 168.498686965231173, 64.317366441308195 ], [ 167.714135369851419, 64.340724189269906 ], [ 167.236955193827043, 64.623652655945307 ], [ 165.871457147329465, 64.554664619476569 ], [ 165.262708774790099, 64.850615546370364 ], [ 164.881956822349366, 64.685922756729781 ], [ 164.187838982582889, 64.934124660724478 ], [ 163.503332961047249, 64.928285224183696 ], [ 163.043929477962934, 64.654451809103705 ], [ 162.735731236307402, 64.661221422530616 ], [ 161.809379511255429, 64.826534328896116 ], [ 161.281143020434001, 65.140675360779255 ], [ 160.519535760966505, 65.165531725508686 ], [ 160.027369419962724, 65.514864407166613 ], [ 158.910124953403852, 65.750043850043596 ], [ 159.197652623169915, 66.211359361045652 ], [ 158.358944126670053, 66.447727363227216 ], [ 158.898756137785426, 66.79080719719434 ], [ 158.800570916814308, 66.981338203495284 ], [ 157.860369908344524, 67.271966457785766 ], [ 157.737586705062313, 67.652563382394135 ], [ 158.325457798338675, 67.74868154581668 ], [ 158.052812941663888, 67.89280711545598 ], [ 158.419405552324292, 68.11098501174888 ], [ 161.406199985940589, 68.411845200995174 ], [ 162.528612094572395, 68.352184760118575 ], [ 162.72322553912727, 68.605166734357283 ], [ 162.596101516072054, 68.800555325268022 ], [ 162.84693891839629, 68.869284980217628 ], [ 162.532126092944736, 69.004677233467532 ], [ 162.78048302567106, 69.19386465083295 ], [ 162.368105096872682, 69.41741689747181 ], [ 162.431769440628528, 69.677134817858786 ] ] ], [ [ [ -175.617298956999917, 71.381048895000049 ], [ -175.628651495999918, 71.351752020000049 ], [ -175.81078040299991, 71.411688544000071 ], [ -175.617298956999917, 71.381048895000049 ] ] ], [ [ [ 180.0, 70.992422908000037 ], [ 178.793304884, 70.80499909100007 ], [ 178.622243686000047, 71.051011460000041 ], [ 180.0, 71.536419634000083 ], [ 180.0, 70.992422908000037 ] ] ], [ [ [ 170.053700734000017, 69.763763601000051 ], [ 170.275276857, 69.773371433000079 ], [ 169.955210375000092, 69.726741718000085 ], [ 170.053700734000017, 69.763763601000051 ] ] ] ] } },
{ "type": "Feature", "properties": { "name": "Yamal-Nenets", "type": "Avtonomnyy Okrug", "region": "Urals", "code_hasc": "RU.YN", "latitude": 65.4117, "longitude": 75.1874 }, "geometry": { "type": "MultiPolygon", "coordinates": [ [ [ [ 70.130625847000033, 66.556341864000046 ], [ 69.870616082000083, 66.477850653000075 ], [ 69.130707227000073, 66.796576239000046 ], [ 70.049815300000034, 66.708929755000042 ], [ 70.130625847000033, 66.556341864000046 ] ] ], [ [ [ 65.037913577176994, 69.271049953167491 ], [ 67.090098504000082, 68.855658270000049 ], [ 68.134938998000052, 68.423407294000071 ], [ 68.288096550000034, 68.188299872000073 ], [ 68.650889519000032, 68.317857164000031 ], [ 68.561045769000032, 68.37250397300005 ], [ 69.10906009200005, 68.878973700000074 ], [ 68.951426629000082, 68.903225002000056 ], [ 69.218923373000052, 68.962144273000035 ], [ 68.458018425000034, 68.984564520000049 ], [ 68.026215040000068, 69.319403387000079 ], [ 68.106618686000047, 69.548732815000051 ], [ 67.01726321700005, 69.703070380000042 ], [ 66.855235222000033, 69.636867580000057 ], [ 66.957692905000044, 69.536851304000038 ], [ 66.795746290000068, 69.586167710000041 ], [ 66.884776238000086, 70.012884833000044 ], [ 67.143321160000085, 69.983140367000033 ], [ 67.327647332000083, 70.106024481000077 ], [ 67.094248894000032, 70.220892645000049 ], [ 67.334483269000032, 70.757798570000034 ], [ 66.68873131600003, 70.76984284100007 ], [ 66.608246290000068, 70.880682684000078 ], [ 66.889496290000068, 71.078680731000077 ], [ 66.62045332100007, 71.057847398000035 ], [ 66.912119988000086, 71.294745184000078 ], [ 68.348806186000047, 71.675197658000059 ], [ 68.975759311000047, 72.695990302000041 ], [ 69.353770379000082, 72.95258209800005 ], [ 71.563243035000085, 72.915961005000042 ], [ 72.836924675000034, 72.709906317000048 ], [ 72.721446160000085, 72.703029690000051 ], [ 72.87427819100003, 72.281073309000078 ], [ 72.35084069100003, 71.864203192000048 ], [ 72.34498131600003, 71.708156643000052 ], [ 71.803396030000044, 71.480292059000078 ], [ 72.636485222000033, 71.131659247000073 ], [ 72.836924675000034, 70.859605210000041 ], [ 72.68327884200005, 70.616603908000059 ], [ 72.771332227000073, 70.42523834800005 ], [ 72.435557488000029, 70.285874742000033 ], [ 72.621592644000032, 70.161688544000071 ], [ 72.491953972000033, 70.041205145000049 ], [ 72.691661004000082, 69.836859442000048 ], [ 72.501719597000033, 69.646714585000041 ], [ 72.63835696700005, 69.441351630000042 ], [ 72.488047722000033, 69.414007880000042 ], [ 72.64771569100003, 69.292222398000035 ], [ 72.47787519600007, 69.176947333000044 ], [ 72.57740319100003, 68.940375067000048 ], [ 73.539073113000029, 68.581000067000048 ], [ 73.646250847000033, 68.457831122000073 ], [ 73.090830925000034, 68.214260158000059 ], [ 73.20443769600007, 67.957220770000049 ], [ 73.114268425000034, 67.690375067000048 ], [ 72.58130944100003, 67.620184637000079 ], [ 72.402598504000082, 67.328070380000042 ], [ 72.048350457000083, 67.302883205000057 ], [ 72.22592207100007, 67.159491278000075 ], [ 71.913259311000047, 67.132310289000031 ], [ 71.994639519000032, 67.055975653000075 ], [ 71.747569207000083, 66.916083075000074 ], [ 71.301931186000047, 66.953558661000045 ], [ 71.51490319100003, 66.878485419000071 ], [ 71.576914910000085, 66.658758856000077 ], [ 70.688649936000047, 66.515366929000038 ], [ 70.295176629000082, 66.638251044000071 ], [ 70.679942254000082, 66.716009833000044 ], [ 70.723399285000085, 66.761786200000074 ], [ 68.965017123000052, 66.809556382000039 ], [ 69.11264082100007, 66.618841864000046 ], [ 70.36264082100007, 66.334418036000045 ], [ 72.30632571700005, 66.28851959800005 ], [ 72.317556186000047, 66.527533270000049 ], [ 73.797129754000082, 66.964097398000035 ], [ 73.899587436000047, 67.296210028000075 ], [ 74.748871290000068, 67.706529039000031 ], [ 74.725433790000068, 68.152411200000074 ], [ 74.331553582000083, 68.385565497000073 ], [ 74.481130405000044, 68.720526434000078 ], [ 76.113129102000073, 68.977728583000044 ], [ 76.60906009200005, 68.966009833000044 ], [ 76.662608269000032, 68.762640692000048 ], [ 77.325694207000083, 68.523342190000051 ], [ 77.161875847000033, 68.293646552000041 ], [ 77.356618686000047, 68.232896226000037 ], [ 77.192556186000047, 67.985174872000073 ], [ 77.305186394000032, 67.910101630000042 ], [ 77.120290561000047, 67.768540757000039 ], [ 77.69304446700005, 67.545314846000053 ], [ 79.052500847000033, 67.570542710000041 ], [ 77.494151238000029, 67.751288153000075 ], [ 77.536957227000073, 68.128607489000046 ], [ 78.172618035000085, 68.274359442000048 ], [ 77.786875847000033, 68.514593817000048 ], [ 77.646983269000032, 68.911118882000039 ], [ 76.042002800000034, 69.239081122000073 ], [ 74.77279707100007, 69.081244208000044 ], [ 73.77662194100003, 69.153957424000055 ], [ 73.899587436000047, 69.420843817000048 ], [ 73.515961134000065, 69.74640534100007 ], [ 73.707692905000044, 70.161322333000044 ], [ 74.316172722000033, 70.520331122000073 ], [ 74.317881707000083, 70.667792059000078 ], [ 73.556162957000083, 71.255113023000035 ], [ 73.022471550000034, 71.428778387000079 ], [ 73.498545769000032, 71.664943752000056 ], [ 73.525889519000032, 71.822211005000042 ], [ 74.994883660000085, 72.137844143000052 ], [ 75.058848504000082, 72.595038153000075 ], [ 74.74154707100007, 72.814398505000042 ], [ 75.036631707000083, 72.881659247000073 ], [ 75.522308790000068, 72.759833075000074 ], [ 75.338226759000065, 72.683172919000071 ], [ 75.68718509200005, 72.58539459800005 ], [ 75.556488477000073, 72.49750397300005 ], [ 75.754730665000068, 72.306382554000038 ], [ 75.253672722000033, 71.942206122000073 ], [ 75.227549675000034, 71.777411200000074 ], [ 75.53288821700005, 71.542303778000075 ], [ 75.26303144600007, 71.36554596600007 ], [ 76.888926629000082, 71.190415757000039 ], [ 76.914235873000052, 71.072455145000049 ], [ 77.00513756600003, 71.184475002000056 ], [ 77.782725457000083, 71.142482815000051 ], [ 78.41138756600003, 70.895453192000048 ], [ 79.053396030000044, 70.941961981000077 ], [ 78.442393425000034, 70.914252020000049 ], [ 78.525401238000029, 71.092962958000044 ], [ 77.928477410000085, 71.257473049000055 ], [ 77.988291863000029, 71.374741929000038 ], [ 77.492198113000029, 71.301336981000077 ], [ 76.272308790000068, 71.57290273600006 ], [ 75.996836785000085, 71.907904364000046 ], [ 76.87818444100003, 72.050034898000035 ], [ 77.584646030000044, 71.831122137000079 ], [ 78.109548373000052, 71.880438544000071 ], [ 78.225759311000047, 71.982570705000057 ], [ 77.98560631600003, 72.109523830000057 ], [ 77.377207879000082, 72.110174872000073 ], [ 78.502764071404727, 72.381906521968403 ], [ 78.914180943295889, 72.116218574227787 ], [ 80.339106886673449, 71.88979828616192 ], [ 80.036386346352742, 71.830757962010296 ], [ 80.102325474241184, 71.664566554702731 ], [ 79.371000603994617, 71.612373359243122 ], [ 79.143210891269575, 71.415227770045533 ], [ 80.537647739851252, 71.059358018957369 ], [ 80.68585574684522, 70.801208400846974 ], [ 80.592838168846356, 70.722246812740195 ], [ 80.757479283442137, 70.655584215339218 ], [ 80.609581333012102, 70.50109752133352 ], [ 80.747143995698821, 70.394049790965028 ], [ 80.180873651197999, 70.434305731824054 ], [ 79.333483514252748, 70.147604886156557 ], [ 78.87986779176515, 69.879662584460675 ], [ 79.130395134827552, 69.738792629875945 ], [ 79.011952753117043, 69.70339427452609 ], [ 79.491096633003167, 69.654456692322469 ], [ 79.86461388492279, 69.348583888835378 ], [ 80.966872185602824, 69.209109199130182 ], [ 81.571073032794175, 69.27329132783251 ], [ 81.684967889156724, 69.446510729186798 ], [ 81.929397414159325, 69.349307359247177 ], [ 81.841030715195302, 69.196396796375041 ], [ 82.45308637873336, 69.161876940168611 ], [ 82.328959589213639, 69.046483466139023 ], [ 82.55158165896637, 68.826910304966589 ], [ 83.038787062572851, 68.667333483253628 ], [ 82.46889936691224, 68.576641344322525 ], [ 82.679325798746561, 68.49178864193226 ], [ 82.702683546708272, 68.298002021476066 ], [ 82.394588657840245, 68.176614081274806 ], [ 82.364616326981889, 67.945878810958334 ], [ 81.72558556522165, 67.923812975088708 ], [ 82.389007602818594, 67.534198513250772 ], [ 82.251341587344371, 67.419244289692188 ], [ 82.357898391297681, 67.330851752306501 ], [ 82.117292922130616, 67.243802802057644 ], [ 83.161880324217577, 66.817989000092268 ], [ 83.296549107055625, 66.673243312828617 ], [ 83.088913202282413, 66.609732977694762 ], [ 83.090980258931779, 66.459173692311992 ], [ 83.53539757703652, 66.192600817074037 ], [ 83.292828404007594, 66.06599355705697 ], [ 83.518137648033985, 65.822494208041235 ], [ 84.030974562725874, 65.793038642019667 ], [ 84.498336215843665, 65.50380564991076 ], [ 84.583912387746466, 65.291208807740247 ], [ 84.283362257761951, 64.908906561688468 ], [ 85.837996046580258, 64.777338365173364 ], [ 85.84151004405328, 64.459166571879734 ], [ 86.030232375223875, 64.264553128224236 ], [ 85.957885370013798, 64.059604396825421 ], [ 85.031843703324228, 63.586351630323463 ], [ 85.672114699433791, 63.359750475104306 ], [ 85.469439732057936, 63.14919485116144 ], [ 85.518325637418172, 62.93256724758038 ], [ 84.435704379853235, 62.177962145536583 ], [ 83.788818800846968, 62.563106593694329 ], [ 83.282906529212937, 62.460528876106707 ], [ 82.749295688944869, 62.75389598331293 ], [ 82.164938592242208, 62.80944814751399 ], [ 81.783979934226522, 62.688447780940294 ], [ 81.339355909647452, 62.825777900529658 ], [ 81.114976840708607, 63.115527656576035 ], [ 80.584156529300344, 63.082558092182182 ], [ 79.914740024632408, 62.792033189779829 ], [ 79.820068801134255, 62.603724269759198 ], [ 78.026276483073218, 62.461097316887617 ], [ 76.688373650623419, 63.039408271474542 ], [ 74.507421502800071, 63.043232327310022 ], [ 73.368059522628812, 63.206943264120298 ], [ 73.103786248936217, 63.436257432934156 ], [ 71.60796024027286, 63.185239163456572 ], [ 71.551012811192265, 63.589968981483253 ], [ 70.923454216938524, 63.687224026467618 ], [ 70.637683547257893, 63.903231513323647 ], [ 70.558308547101717, 64.002243557494126 ], [ 70.768941685410425, 64.19354971015099 ], [ 69.230844354283477, 64.470018621761938 ], [ 68.85918745343821, 64.435705471130575 ], [ 68.990445590691422, 64.329613756069932 ], [ 68.882131789350581, 64.222643540966601 ], [ 68.425002069389961, 64.295972399006985 ], [ 67.798890415060555, 64.031647447571629 ], [ 66.818691848150252, 64.225614936080433 ], [ 66.936307407560776, 64.487046006767741 ], [ 66.681645949401002, 64.557455146537734 ], [ 65.399657017257482, 64.571356105899554 ], [ 63.611445754218153, 64.268480536847278 ], [ 63.236998325412344, 64.523555406157016 ], [ 62.543190545807022, 64.550272121960802 ], [ 62.806430291624622, 64.735170397295974 ], [ 62.67765262217074, 64.891233222435233 ], [ 62.816662224781794, 65.291570542946147 ], [ 62.481282180228391, 65.349293118382661 ], [ 62.018468051559296, 65.717125963392448 ], [ 62.850665317950018, 65.872982082956753 ], [ 62.862240838244077, 66.074726874345743 ], [ 63.295496047204779, 66.239212958411258 ], [ 63.414868604902153, 66.480128485940838 ], [ 65.104687941395355, 66.894625149131286 ], [ 65.190160759611331, 67.144997464361438 ], [ 66.11000125455422, 67.488774929419435 ], [ 65.796118605089532, 67.567839871213039 ], [ 66.205912713301075, 67.693026027928795 ], [ 66.019567498940887, 67.798135891058507 ], [ 66.089537388239819, 67.92965241252881 ], [ 65.28979292230548, 68.012334702784301 ], [ 65.276563754713493, 68.23562856700471 ], [ 65.654318475417256, 68.556177477108861 ], [ 65.314907667654722, 68.803294176385123 ], [ 64.52756554611301, 68.899438178229332 ], [ 64.527255486851232, 69.023229071864137 ], [ 65.037913577176994, 69.271049953167491 ] ] ], [ [ [ 71.249522332000083, 73.417873440000051 ], [ 71.342539910000085, 73.331366278000075 ], [ 71.137461785000085, 73.292669989000046 ], [ 71.249522332000083, 73.417873440000051 ] ] ], [ [ [ 77.610199415000068, 72.634711005000042 ], [ 78.394541863000029, 72.491400458000044 ], [ 77.77076256600003, 72.30499909100007 ], [ 76.852712436000047, 72.333075262000079 ], [ 77.610199415000068, 72.634711005000042 ] ] ], [ [ [ 74.093272332000083, 73.027777411000045 ], [ 74.845225457000083, 73.093695380000042 ], [ 74.961599155000044, 73.059963283000059 ], [ 74.702647332000083, 73.07876211100006 ], [ 74.656260613000029, 72.858628648000035 ], [ 74.093272332000083, 73.027777411000045 ] ] ], [ [ [ 76.184580925000034, 73.216986395000049 ], [ 76.632578972000033, 73.131252346000053 ], [ 76.133311394000032, 73.208319403000075 ], [ 76.184580925000034, 73.216986395000049 ] ] ], [ [ [ 71.435720248000052, 73.35297272300005 ], [ 71.730236288000071, 73.034408710000037 ], [ 71.374501464000048, 73.178934145000085 ], [ 69.874847852000073, 73.038275458000044 ], [ 70.064952019000032, 73.237127997000073 ], [ 69.959320509000065, 73.398830471000053 ], [ 70.469574415000068, 73.499212958000044 ], [ 71.229177280000044, 73.464748440000051 ], [ 70.980316602000073, 73.265366929000038 ], [ 71.288910352000073, 73.251695054000038 ], [ 71.435720248000052, 73.35297272300005 ] ] ], [ [ [ 76.250743035000085, 73.554185289000031 ], [ 76.754405144000032, 73.429877020000049 ], [ 76.07195071700005, 73.525458075000074 ], [ 76.250743035000085, 73.554185289000031 ] ] ], [ [ [ 76.07935631600003, 73.559556382000039 ], [ 75.900645379000082, 73.470851955000057 ], [ 75.304209832000083, 73.408758856000077 ], [ 76.07935631600003, 73.559556382000039 ] ] ], [ [ [ 67.217295769000032, 69.42055898600006 ], [ 67.30827884200005, 69.437689520000049 ], [ 67.13217207100007, 69.36391836100006 ], [ 66.938649936000047, 69.439398505000042 ], [ 67.217295769000032, 69.42055898600006 ] ] ], [ [ [ 67.327972852000073, 69.572699286000045 ], [ 67.258962436000047, 69.438625393000052 ], [ 67.021820509000065, 69.476955471000053 ], [ 67.188243035000085, 69.570990302000041 ], [ 67.327972852000073, 69.572699286000045 ] ] ], [ [ [ 66.590342644000032, 70.473049221000053 ], [ 66.867523634000065, 70.380804755000042 ], [ 66.763682488000086, 70.403143622000073 ], [ 66.590342644000032, 70.473049221000053 ] ] ], [ [ [ 66.559255405000044, 70.544256903000075 ], [ 66.397308790000068, 70.63031647300005 ], [ 66.427989129000082, 70.799505927000041 ], [ 66.47982832100007, 70.763861395000049 ], [ 66.559255405000044, 70.544256903000075 ] ] ], [ [ [ 66.599619988000086, 71.004380601000037 ], [ 66.508474155000044, 70.827948309000078 ], [ 66.433929884000065, 70.827134507000039 ], [ 66.599619988000086, 71.004380601000037 ] ] ] ] } },
{ "type": "Feature", "properties": { "name": "Nenets", "type": "Avtonomnyy Okrug", "region": "Northwestern", "code_hasc": "RU.NN", "latitude": 67.8271, "longitude": 56.2877 }, "geometry": { "type": "MultiPolygon", "coordinates": [ [ [ [ 51.171722852000073, 68.501450914000031 ], [ 51.498301629000082, 68.48859284100007 ], [ 50.792491082000083, 68.379299221000053 ], [ 51.171722852000073, 68.501450914000031 ] ] ], [ [ [ 55.239756707000083, 68.927394924000055 ], [ 55.506602410000085, 68.913763739000046 ], [ 55.225433790000068, 68.913763739000046 ], [ 55.239756707000083, 68.927394924000055 ] ] ], [ [ [ 54.628916863000086, 69.005845445000034 ], [ 54.697927280000044, 68.982001044000071 ], [ 54.570811394000032, 68.964056708000044 ], [ 54.628916863000086, 69.005845445000034 ] ] ], [ [ [ 44.214162803225165, 66.408148754847886 ], [ 44.563243035000085, 66.666205145000049 ], [ 44.364024285000085, 66.782294012000079 ], [ 44.521657748000052, 66.919419664000031 ], [ 44.377696160000085, 67.104437567000048 ], [ 43.766698982000037, 67.277688506000061 ], [ 44.144541863000086, 67.679429429000038 ], [ 44.087412957000083, 67.88507721600007 ], [ 44.268402540000068, 67.926825262000079 ], [ 44.13803144600007, 67.995103257000039 ], [ 44.41179446700005, 68.063421942000048 ], [ 44.180837436000047, 68.036078192000048 ], [ 44.227549675000034, 68.296779690000051 ], [ 43.273672822000037, 68.658176276000063 ], [ 45.582137180000075, 68.514198463000071 ], [ 46.534922722000033, 68.132554429000038 ], [ 46.698252800000034, 67.816473700000074 ], [ 45.350433790000068, 67.730414130000042 ], [ 44.912119988000086, 67.371975002000056 ], [ 45.593893033000086, 67.158239759000082 ], [ 46.025157097000033, 66.833400783000059 ], [ 46.597911004000082, 66.857977606000077 ], [ 46.406748894000089, 66.746161200000074 ], [ 47.58139082100007, 66.869859117000033 ], [ 47.947927280000044, 67.444322007000039 ], [ 47.845713738000086, 67.600897528000075 ], [ 49.106700066000087, 67.639471747000073 ], [ 48.585948113000086, 67.934271552000041 ], [ 49.133311394000089, 67.862616278000075 ], [ 50.778819207000083, 68.379299221000053 ], [ 51.058848504000082, 68.351385809000078 ], [ 52.17709394600007, 68.582424221000053 ], [ 52.051768425000034, 68.492417710000041 ], [ 52.36101321700005, 68.47492096600007 ], [ 52.135590040000068, 68.379299221000053 ], [ 52.40202884200005, 68.337713934000078 ], [ 52.731293165000068, 68.474188544000071 ], [ 52.491384311000047, 68.591538804000038 ], [ 52.63445071700005, 68.65851471600007 ], [ 52.328461134000065, 68.63344961100006 ], [ 53.87859134200005, 68.974107164000031 ], [ 54.561289910000085, 68.999701239000046 ], [ 53.594899936000047, 68.906927802000041 ], [ 54.026215040000068, 68.845445054000038 ], [ 53.720469597000033, 68.656927802000041 ], [ 53.944346550000034, 68.405991929000038 ], [ 53.210703972000033, 68.269354559000078 ], [ 53.992523634000065, 68.221380927000041 ], [ 54.18490644600007, 68.320542710000041 ], [ 54.203298373000052, 68.209540106000077 ], [ 54.504405144000032, 68.312201239000046 ], [ 54.831879102000073, 68.17328522300005 ], [ 54.936696811000047, 68.398423570000034 ], [ 55.392914259000065, 68.564276434000078 ], [ 57.329844597000033, 68.56476471600007 ], [ 58.171153191000087, 68.889349677000041 ], [ 58.336924675000034, 68.735581773000035 ], [ 58.424082879000082, 68.742743231000077 ], [ 58.270518425000034, 68.893703518000052 ], [ 58.878754102000073, 69.003119208000044 ], [ 59.223887566000087, 68.999701239000046 ], [ 58.891856316000087, 68.93423086100006 ], [ 59.423024936000047, 68.757025458000044 ], [ 59.056407097000033, 68.619533596000053 ], [ 59.087087436000047, 68.416896877000056 ], [ 59.674815300000034, 68.336167710000041 ], [ 59.963877800000034, 68.466009833000044 ], [ 59.811208530000044, 68.687933661000045 ], [ 60.968760613000086, 68.906927802000041 ], [ 60.902679884000065, 69.122259833000044 ], [ 60.591319207000083, 69.132798570000034 ], [ 60.138845248000052, 69.577866929000038 ], [ 60.926605665000068, 69.86749909100007 ], [ 64.548024936000047, 69.451727606000077 ], [ 65.004405144000032, 69.30414459800005 ], [ 64.831065300000034, 69.294419664000031 ], [ 64.785899285000085, 69.14712148600006 ], [ 65.037913577176994, 69.271049953167491 ], [ 64.989966261833501, 69.204716702513792 ], [ 64.527255486851232, 69.023229071864137 ], [ 64.554127232285907, 68.871403713710379 ], [ 65.314907667654722, 68.803294176385123 ], [ 65.654318475417256, 68.556177477108861 ], [ 64.555677524997748, 68.358463447130362 ], [ 64.530252720386727, 68.200126857968087 ], [ 63.833964471183378, 68.028457750224959 ], [ 63.871378208137742, 67.835963040062211 ], [ 63.105430128897297, 67.674784246995387 ], [ 62.821313103816635, 67.388031725383769 ], [ 61.624796990788468, 67.011723945503661 ], [ 52.155194126407764, 67.08551788973881 ], [ 49.006032342218816, 66.119116930302084 ], [ 48.139108514046654, 66.12728180591057 ], [ 47.660791457359835, 65.808076483842626 ], [ 44.214162803225165, 66.408148754847886 ] ] ], [ [ [ 59.150726759000065, 69.254624742000033 ], [ 59.244639519000032, 69.145697333000044 ], [ 58.762054884000065, 69.338934637000079 ], [ 59.150726759000065, 69.254624742000033 ] ] ], [ [ [ 50.323008660000085, 69.150539455000057 ], [ 49.248545769000089, 68.779974677000041 ], [ 48.592051629000082, 68.730861721000053 ], [ 48.219411655000044, 68.895656643000052 ], [ 48.304209832000083, 69.27680084800005 ], [ 48.906260613000086, 69.507961330000057 ], [ 50.323008660000085, 69.150539455000057 ] ] ], [ [ [ 60.539805535000085, 69.81867096600007 ], [ 59.563487175000034, 69.715033270000049 ], [ 59.623708530000044, 69.804348049000055 ], [ 59.431488477000073, 69.889471747000073 ], [ 58.695567254000082, 70.002834377000056 ], [ 58.412119988000086, 70.260321356000077 ], [ 58.824229363000086, 70.215887762000079 ], [ 58.494639519000032, 70.331976630000042 ], [ 59.023610873000052, 70.479803778000075 ], [ 60.539805535000085, 69.81867096600007 ] ] ], [ [ [ 54.239431186000047, 68.303778387000079 ], [ 54.316905144000032, 68.259100653000075 ], [ 54.199473504000082, 68.25649648600006 ], [ 54.239431186000047, 68.303778387000079 ] ] ], [ [ [ 53.865733269000032, 68.30695221600007 ], [ 53.991465691000087, 68.345851955000057 ], [ 53.957692905000044, 68.293361721000053 ], [ 53.865733269000032, 68.30695221600007 ] ] ], [ [ [ 48.812347852000073, 68.696519273000035 ], [ 49.124278191000087, 68.667669989000046 ], [ 48.765961134000065, 68.696600653000075 ], [ 48.812347852000073, 68.696519273000035 ] ] ], [ [ [ 49.570323113000086, 68.817084052000041 ], [ 49.598480665000068, 68.81476471600007 ], [ 49.491953972000033, 68.79242584800005 ], [ 49.570323113000086, 68.817084052000041 ] ] ], [ [ [ 54.19271894600007, 68.813706773000035 ], [ 54.374847852000073, 68.790961005000042 ], [ 54.395355665000068, 68.782538153000075 ], [ 54.19271894600007, 68.813706773000035 ] ] ], [ [ [ 49.753103061000047, 68.88031647300005 ], [ 49.841807488000086, 68.906236070000034 ], [ 49.751719597000033, 68.877427476000037 ], [ 49.753103061000047, 68.88031647300005 ] ] ], [ [ [ 54.927989129000082, 68.940171617000033 ], [ 55.019541863000086, 68.915432033000059 ], [ 54.911875847000033, 68.930975653000075 ], [ 54.927989129000082, 68.940171617000033 ] ] ], [ [ [ 50.000743035000085, 68.932318427000041 ], [ 50.107676629000082, 68.96352773600006 ], [ 50.069834832000083, 68.943060614000046 ], [ 50.000743035000085, 68.932318427000041 ] ] ] ] } },
{ "type": "Feature", "properties": { "name": "Sakha (Yakutia)", "type": "Avtonomnyy Okrug", "region": "Far Eastern", "code_hasc": "RU.CK", "latitude": 65.5964, "longitude": 130.989 }, "geometry": { "type": "MultiPolygon", "coordinates": [ [ [ [ 161.319102410000028, 69.242661851000037 ], [ 161.514984571000014, 68.934637762000079 ], [ 161.409190300000091, 68.893255927000041 ], [ 161.455577019000089, 69.000962632000039 ], [ 161.134776238000086, 69.091864325000074 ], [ 161.092458530000044, 69.464789130000042 ], [ 161.374522332000083, 69.545884507000039 ], [ 161.319102410000028, 69.242661851000037 ] ] ], [ [ [ 161.475108269000089, 69.638006903000075 ], [ 161.615733269000089, 69.450384833000044 ], [ 161.360687696000014, 69.414007880000042 ], [ 161.475108269000089, 69.638006903000075 ] ] ], [ [ [ 127.404795769000089, 73.518622137000079 ], [ 127.690928582000083, 73.542873440000051 ], [ 128.063324415000011, 73.491359768000052 ], [ 127.77507571700005, 73.492580471000053 ], [ 127.404795769000089, 73.518622137000079 ] ] ], [ [ [ 111.295176628998206, 73.869126694940974 ], [ 112.371836785000028, 73.705308335000041 ], [ 112.945323113000086, 73.79047272300005 ], [ 112.822927280000044, 73.998439846000053 ], [ 113.111501498000052, 73.892157294000071 ], [ 113.430511915000011, 73.609930731000077 ], [ 113.131358269000089, 73.449693101000037 ], [ 113.494639519000089, 73.339911200000074 ], [ 113.52116946700005, 73.103989976000037 ], [ 113.104502800000091, 72.821966864000046 ], [ 113.189219597000033, 72.721909898000035 ], [ 113.368174675000091, 72.66547272300005 ], [ 114.090342644000089, 72.600653387000079 ], [ 113.158213738000086, 72.822699286000045 ], [ 113.54224694100003, 72.977362372000073 ], [ 113.562347852000016, 73.253404039000031 ], [ 114.035817905000044, 73.347316799000055 ], [ 113.466563347000033, 73.504950262000079 ], [ 115.413096550000091, 73.71039459800005 ], [ 118.450205925000091, 73.588771877000056 ], [ 118.997569207000083, 73.491359768000052 ], [ 118.467133009, 73.478094794000071 ], [ 118.39421634200005, 73.238023179000038 ], [ 119.722504102000016, 72.958929755000042 ], [ 121.791351759, 72.97687409100007 ], [ 122.732188347000033, 72.826564846000053 ], [ 122.30827884200005, 72.941351630000042 ], [ 123.338145379000025, 72.98110586100006 ], [ 123.400889519000089, 73.174302476000037 ], [ 123.670664910000028, 73.203314520000049 ], [ 123.218109571000014, 73.408758856000077 ], [ 123.417328321000014, 73.443548895000049 ], [ 123.246104363000086, 73.545884507000039 ], [ 123.568858269000089, 73.716050523000035 ], [ 123.999522332000083, 73.641506252000056 ], [ 123.876719597000033, 73.772528387000079 ], [ 125.137461785000028, 73.704169012000079 ], [ 125.197520379000025, 73.550930080000057 ], [ 125.651866082000083, 73.525458075000074 ], [ 125.562510613000086, 73.408758856000077 ], [ 126.288096550000091, 73.55727773600006 ], [ 126.391123894000089, 73.464016018000052 ], [ 126.158457879000025, 73.38149648600006 ], [ 126.419688347000033, 73.409491278000075 ], [ 126.565196160000028, 73.233465887000079 ], [ 126.562998894000089, 73.38149648600006 ], [ 126.932383660000028, 73.429877020000049 ], [ 126.858164910000028, 73.533392645000049 ], [ 127.98755944100003, 73.470851955000057 ], [ 128.076914910000028, 73.405666408000059 ], [ 127.96021569100003, 73.347316799000055 ], [ 128.969248894000089, 73.177394924000055 ], [ 128.777354363000086, 73.070786851000037 ], [ 129.4789311400001, 72.979239844000062 ], [ 128.290782097000033, 72.908636786000045 ], [ 128.129242384, 72.786078192000048 ], [ 129.358083530000044, 72.703029690000051 ], [ 129.198415561000047, 72.655178127000056 ], [ 128.479177280000044, 72.724554755000042 ], [ 127.905446811000047, 72.667141018000052 ], [ 128.611338738000086, 72.48273346600007 ], [ 129.258311394000089, 72.463934637000079 ], [ 129.56413821700005, 72.230658270000049 ], [ 128.934092644000089, 72.072984117000033 ], [ 127.665782097000033, 72.430080471000053 ], [ 127.864431186000047, 72.332464911000045 ], [ 127.747080925000091, 72.32562897300005 ], [ 128.249359571000014, 72.204820054000038 ], [ 128.926605665000011, 71.738755601000037 ], [ 129.183929884, 71.809271552000041 ], [ 129.041188998000052, 72.018784898000035 ], [ 129.543711785000028, 71.72296784100007 ], [ 128.820485873000052, 71.658107815000051 ], [ 129.248708530000044, 71.549872137000079 ], [ 129.762705925000091, 71.147609768000052 ], [ 129.62623131600003, 71.086127020000049 ], [ 130.619883660000028, 70.866400458000044 ], [ 130.768890821000014, 70.977525132000039 ], [ 131.042002800000091, 70.738755601000037 ], [ 131.54615319100003, 70.887111721000053 ], [ 131.850922071000014, 71.208197333000044 ], [ 132.188324415000011, 71.215887762000079 ], [ 131.941905144000089, 71.267401434000078 ], [ 132.717784050000091, 71.946234442000048 ], [ 133.066274404000069, 71.971290715000066 ], [ 133.341360795000014, 71.886264828000037 ], [ 133.031344913, 71.955098626000051 ], [ 132.715098504000025, 71.810695705000057 ], [ 133.15162194100003, 71.579169012000079 ], [ 134.739024285000028, 71.367987372000073 ], [ 134.650645379000025, 71.297308661000045 ], [ 134.668630405000044, 71.26430898600006 ], [ 134.770030144000089, 71.366929429000038 ], [ 134.69654381600003, 71.42133209800005 ], [ 134.81023196700005, 71.481838283000059 ], [ 135.621592644000089, 71.623114325000074 ], [ 136.774587436000047, 71.523423570000034 ], [ 137.704925977000016, 71.284735419000071 ], [ 137.526133660000028, 71.220282294000071 ], [ 137.812998894000089, 71.119614976000037 ], [ 138.074392123000052, 71.133978583000044 ], [ 137.739268425000091, 71.229478257000039 ], [ 138.36296634200005, 71.318915106000077 ], [ 137.828623894000089, 71.387152411000045 ], [ 138.098643425000091, 71.581447658000059 ], [ 138.756032748000052, 71.643011786000045 ], [ 139.192230665000011, 71.415106512000079 ], [ 140.033213738000086, 71.47211334800005 ], [ 139.734548373000052, 71.67218659100007 ], [ 139.809255405000044, 71.86078522300005 ], [ 139.336192254000025, 71.94953034100007 ], [ 140.197113477000016, 72.213812567000048 ], [ 139.089203321000014, 72.236883856000077 ], [ 139.541758660000028, 72.497626044000071 ], [ 141.110850457000083, 72.586981512000079 ], [ 140.594248894000089, 72.89288971600007 ], [ 146.854014519000089, 72.354193427000041 ], [ 144.943207227000016, 72.438177802000041 ], [ 144.52076256600003, 72.225002346000053 ], [ 144.105479363000086, 72.277899481000077 ], [ 144.415537957000083, 72.175034898000035 ], [ 145.068695509, 72.264349677000041 ], [ 146.929209832000083, 72.312648830000057 ], [ 145.972504102000016, 71.856268622000073 ], [ 145.993011915000011, 72.029730536000045 ], [ 146.34693444100003, 72.127630927000041 ], [ 145.96802819100003, 72.070502020000049 ], [ 145.880056186000047, 72.21906159100007 ], [ 145.613291863000086, 72.244330145000049 ], [ 145.805674675000091, 71.929022528000075 ], [ 144.970957879000025, 71.980292059000078 ], [ 145.215993686000047, 71.843329169000071 ], [ 144.88640384200005, 71.771389065000051 ], [ 144.893239780000044, 71.675197658000059 ], [ 146.036306186000047, 71.786363023000035 ], [ 147.195567254000025, 72.329901434000078 ], [ 148.40202884200005, 72.310939846000053 ], [ 149.724782748000052, 72.120794989000046 ], [ 150.074229363000086, 71.894232489000046 ], [ 148.833994988000086, 71.812323309000078 ], [ 149.039398634, 71.757757880000042 ], [ 148.827159050000091, 71.675197658000059 ], [ 150.102061394000089, 71.594712632000039 ], [ 149.868011915000011, 71.462225653000075 ], [ 150.670664910000028, 71.490179755000042 ], [ 150.046722852000016, 71.209662177000041 ], [ 150.656993035000028, 71.390285549000055 ], [ 150.594899936000047, 71.277899481000077 ], [ 151.492442254000025, 71.333156643000052 ], [ 152.136729363000086, 71.017279364000046 ], [ 151.681488477000016, 70.975897528000075 ], [ 152.540782097000033, 70.79132721600007 ], [ 155.936371290000011, 71.099351304000038 ], [ 157.989105665000011, 71.04751211100006 ], [ 159.237803582000083, 70.829291083000044 ], [ 159.843109571000014, 70.581529039000031 ], [ 160.094248894000089, 70.309881903000075 ], [ 159.938243035000028, 70.128485419000071 ], [ 159.688649936000047, 70.133978583000044 ], [ 159.914561394000089, 70.098578192000048 ], [ 159.692067905000044, 69.910874742000033 ], [ 159.769053582000083, 69.76203034100007 ], [ 160.925547722000033, 69.642075914000031 ], [ 160.962901238000086, 69.105536200000074 ], [ 161.415375196000014, 68.982001044000071 ], [ 161.106944207000083, 68.605210679000038 ], [ 160.779470248000052, 68.539455471000053 ], [ 161.134125196000014, 68.561428127000056 ], [ 161.574066602000016, 68.921128648000035 ], [ 161.435801629000025, 69.379868882000039 ], [ 162.327159050000091, 69.701971747000073 ], [ 162.445516392267677, 69.640271512120535 ], [ 162.368105096872682, 69.41741689747181 ], [ 162.78048302567106, 69.19386465083295 ], [ 162.532126092944736, 69.004677233467532 ], [ 162.84693891839629, 68.869284980217628 ], [ 162.596101516072054, 68.800555325268022 ], [ 162.72322553912727, 68.605166734357283 ], [ 162.417611118957893, 68.309060776933279 ], [ 161.406199985940589, 68.411845200995174 ], [ 158.256418085026553, 68.068506985508918 ], [ 158.053123000026403, 67.863454902221918 ], [ 158.325457798338675, 67.74868154581668 ], [ 157.805902947962636, 67.705480048265599 ], [ 157.691077915613278, 67.539469509909907 ], [ 157.88476118418123, 67.437744453044047 ], [ 157.860369908344524, 67.271966457785766 ], [ 158.702592401418087, 67.055235501417201 ], [ 158.903407016820324, 66.80780874287916 ], [ 158.360597772169399, 66.453876858130457 ], [ 158.528959588913835, 66.359386501785593 ], [ 158.390880162289591, 66.248953966052682 ], [ 158.476973098129861, 66.114621079998813 ], [ 157.717639601786118, 66.112037259411977 ], [ 157.124394159063172, 65.915150051733463 ], [ 156.630780878134942, 66.202936103018715 ], [ 156.33591515506032, 66.062789618845784 ], [ 154.395258417142145, 66.20458974941738 ], [ 154.216147903303067, 66.064546617132635 ], [ 154.381719192086962, 65.944243883448451 ], [ 154.259866163892298, 65.834224758865503 ], [ 153.483169386657778, 65.825517279998451 ], [ 153.461568637882237, 65.363039049012855 ], [ 152.688179153445162, 65.233434557258988 ], [ 152.499663527849521, 64.938258774922474 ], [ 152.748227167050118, 64.685922756729781 ], [ 152.203867628787975, 64.357105618229696 ], [ 152.015765416140994, 64.503659979724262 ], [ 151.479984166436111, 64.435550442398949 ], [ 151.391720819360216, 64.295636502222749 ], [ 150.631043735879643, 64.331112371938389 ], [ 150.608719516692304, 64.166212876722852 ], [ 150.193034295995858, 64.223909613737646 ], [ 150.025602655238345, 64.359017646147436 ], [ 150.086064080892584, 64.489293932369037 ], [ 149.816416456853972, 64.567273668544942 ], [ 149.219140252720422, 64.408420315445198 ], [ 148.302503696888039, 64.554406236158854 ], [ 148.022624139692198, 64.431002916151613 ], [ 148.258888788186937, 64.2395934107073 ], [ 147.938391554926284, 63.943590806970121 ], [ 147.610452915569567, 64.037331855380785 ], [ 147.623165318324709, 64.168331611114922 ], [ 147.266597935246409, 64.052576401879435 ], [ 146.390475701792184, 64.206649684735112 ], [ 146.108735792622724, 63.941575426264876 ], [ 145.553317498903425, 63.824114894686602 ], [ 145.640547317204891, 63.667121894459854 ], [ 145.251733840144539, 63.190303452742114 ], [ 145.479833612131415, 62.548017075927305 ], [ 145.124299757827544, 62.48990692776249 ], [ 145.173805779912755, 62.276405748026832 ], [ 144.222442662298931, 61.733183092225886 ], [ 143.934398227695965, 61.756850898550113 ], [ 143.927163528074288, 61.989136461578425 ], [ 143.646870558829164, 61.869944770135021 ], [ 143.609353469087296, 62.02468984655917 ], [ 143.213201938718498, 62.115511175800066 ], [ 142.981174758108523, 61.90557567038087 ], [ 142.413250767209092, 61.871262518850131 ], [ 142.177296177076869, 62.085254625000914 ], [ 141.861449822851, 62.027118639313699 ], [ 141.295386183925189, 62.435104072395006 ], [ 140.704724562688398, 62.572718411025846 ], [ 140.347227003623289, 62.387458401384094 ], [ 140.279634231134764, 62.053370266224761 ], [ 139.994276971704835, 61.977664293172552 ], [ 139.548206008100692, 61.481673896333234 ], [ 138.291641879668987, 61.109965317745207 ], [ 138.182811314390619, 60.889410305541162 ], [ 138.437472771651073, 60.680379136787678 ], [ 138.24275597520807, 60.492690335290717 ], [ 138.252987909264561, 59.712531236527298 ], [ 137.615714145791117, 59.73976471626861 ], [ 137.465749139611034, 59.555254015460434 ], [ 136.758712193313045, 59.354646104733945 ], [ 135.75722293509034, 59.528795681175723 ], [ 135.186921828279651, 59.116236884324735 ], [ 133.428992955360513, 59.275632839783725 ], [ 132.836367629362599, 59.103317775994526 ], [ 132.807945591216026, 58.880178941405006 ], [ 132.599276157668442, 58.891030992186529 ], [ 132.416961704718801, 58.481960354386842 ], [ 132.124163039192808, 58.486843777418358 ], [ 132.194753046116148, 58.242543442725662 ], [ 132.008511183644146, 58.11454092142634 ], [ 132.119822219419802, 58.046483059145828 ], [ 131.468699171629396, 58.164667060236638 ], [ 132.047475214209726, 57.661080226771048 ], [ 131.693078240568298, 57.560517889888672 ], [ 131.505906203008863, 57.245808417224623 ], [ 131.101693149818971, 57.23092560503261 ], [ 131.79953169173416, 56.722377835068983 ], [ 131.701449822651171, 56.459086412407999 ], [ 131.497431268138484, 56.549520168920651 ], [ 131.125567661718151, 56.41051056630954 ], [ 130.86460167902419, 55.899482326747943 ], [ 130.9229960471298, 55.678565579337999 ], [ 129.474092238166236, 55.7271414254364 ], [ 129.039803502229802, 55.651952216321718 ], [ 128.956501092551321, 55.46519358991219 ], [ 128.222178989668578, 55.663786119034114 ], [ 126.061587356271389, 55.584566148508941 ], [ 125.824599237364851, 55.794889228455077 ], [ 124.500959100382147, 55.876176256528993 ], [ 123.88569949773364, 56.387256171135334 ], [ 121.598707309894394, 56.743875231057018 ], [ 121.420216912780234, 56.972956854974825 ], [ 120.65550906788917, 57.032074693492291 ], [ 119.898449334669067, 56.889396063777269 ], [ 119.645338169221077, 57.002257392264823 ], [ 119.686265903648518, 57.168397121829685 ], [ 119.404629348165827, 57.431895250065736 ], [ 119.495166456566722, 57.585891018555628 ], [ 119.178699985615822, 57.505534166468578 ], [ 119.044858025977078, 57.733272203249555 ], [ 119.13239790264106, 58.472348537954645 ], [ 118.776347284399662, 58.603968411313076 ], [ 118.893342727085155, 58.804834703558697 ], [ 118.707204218300035, 59.063836982390796 ], [ 118.845903761649197, 59.291058255234248 ], [ 118.75464318193724, 59.407795315501403 ], [ 118.282630649784664, 59.609333401315382 ], [ 117.883068474730294, 59.441901760557755 ], [ 117.089318474967627, 59.588404446108257 ], [ 117.229671665614774, 59.80430858017678 ], [ 117.0645137879809, 59.91882355416368 ], [ 117.301915318037459, 60.013934028132837 ], [ 116.582372674559224, 60.359933580370409 ], [ 115.708937616277922, 60.524781398742505 ], [ 115.238165317575294, 60.446956692197546 ], [ 114.697113072110596, 60.219218655416569 ], [ 114.174767693774015, 59.753458970954739 ], [ 113.591754185107561, 59.565201727777492 ], [ 113.461012810892498, 59.261628525835761 ], [ 112.569077590158599, 59.067118434967767 ], [ 112.502621698332632, 58.870360419397798 ], [ 112.451462029848699, 59.125228583132582 ], [ 112.631089309424056, 59.310488592774334 ], [ 112.293125441585858, 59.300566717979621 ], [ 112.270594516823394, 59.50039948235019 ], [ 111.637248162872368, 59.207600815924877 ], [ 110.68505822115992, 59.254626370210815 ], [ 110.27826134558461, 58.984048570185337 ], [ 109.822165155297625, 58.981258043124171 ], [ 109.504561801885586, 59.292556871102704 ], [ 109.261269159344181, 59.321340644455177 ], [ 109.763874139080201, 60.026982326772952 ], [ 109.732041457147488, 60.225058091957351 ], [ 110.116204055172943, 60.587051500426355 ], [ 110.045924106612176, 60.667615058088415 ], [ 110.266789178977376, 60.696502184228393 ], [ 110.517006463677319, 61.085005602026911 ], [ 109.800150995372121, 61.316490180277583 ], [ 109.870120883771733, 61.532885239861912 ], [ 109.620006951859295, 61.718093574458862 ], [ 109.603677198843627, 61.884284979967845 ], [ 109.997348261413094, 62.288187974795164 ], [ 109.267160271829027, 62.523522447303094 ], [ 109.646878697294028, 62.826191310780359 ], [ 109.471592238391054, 62.93179210122446 ], [ 109.364725376075228, 63.354169420082656 ], [ 109.042161086165152, 63.552296861211119 ], [ 108.124904412708418, 63.579995428945836 ], [ 108.297503697337731, 63.810523993687355 ], [ 108.766415643167363, 63.860443426922586 ], [ 108.467519158682194, 64.281709703539946 ], [ 107.967704706007339, 64.169881903826763 ], [ 106.621636997949054, 64.510377916307789 ], [ 105.790679965907657, 64.488725490688807 ], [ 105.706964145978532, 64.658430895469394 ], [ 105.875325961823648, 64.658534247357579 ], [ 105.950773553356782, 64.893920396708893 ], [ 106.220214470921064, 64.857178453322945 ], [ 105.983329705701294, 65.027969061922647 ], [ 106.958153924963597, 65.502203681254855 ], [ 106.420305616810708, 65.671443997142717 ], [ 106.471258579719631, 66.00739248337635 ], [ 106.116551547715687, 66.198646959189773 ], [ 106.103322381922339, 66.378325913809817 ], [ 106.321913690264523, 66.478888250692194 ], [ 106.184351026678485, 66.800625719201548 ], [ 105.540152622845198, 67.023402817685849 ], [ 106.802401158186854, 67.348240872518204 ], [ 106.890044386739021, 68.859931546203882 ], [ 106.145386997911601, 69.423101305280966 ], [ 108.290579055179194, 69.856769925391689 ], [ 109.23698123629498, 69.77589630846785 ], [ 109.509005975345417, 70.033451647375614 ], [ 109.281526320083572, 70.212303778796297 ], [ 110.26317182781753, 70.427381090564836 ], [ 110.102768182005946, 70.631916409015048 ], [ 112.249407180097251, 71.00331492834124 ], [ 112.694858026076986, 71.217332872014424 ], [ 112.000016717697349, 71.407786363050207 ], [ 111.996089309074307, 72.132729194396745 ], [ 111.056715122904563, 72.380595200707887 ], [ 111.295356887310447, 72.503326728046034 ], [ 110.608783807326802, 72.785841783571414 ], [ 110.901272413590959, 73.050476793369285 ], [ 110.157648554437174, 73.39495189131668 ], [ 111.08493045457675, 73.587601630211054 ], [ 110.877730878377292, 73.76785161745812 ], [ 111.295176628998206, 73.869126694940974 ] ] ], [ [ [ 162.345550977000016, 70.662054755000042 ], [ 162.484141472000033, 70.654120184000078 ], [ 162.237803582000083, 70.654120184000078 ], [ 162.345550977000016, 70.662054755000042 ] ] ], [ [ [ 161.53052819100003, 70.841620184000078 ], [ 161.69459069100003, 70.750433661000045 ], [ 161.463145379000025, 70.80499909100007 ], [ 161.53052819100003, 70.841620184000078 ] ] ], [ [ [ 160.674385118000032, 70.914210700000069 ], [ 160.504065691000051, 70.805012156000032 ], [ 160.407969597000033, 70.914252020000049 ], [ 160.674385118000032, 70.914210700000069 ] ] ], [ [ [ 137.914235873000052, 71.558498440000051 ], [ 137.693369988000086, 71.41937897300005 ], [ 136.99187259200005, 71.517523505000042 ], [ 137.218272332000083, 71.576239325000074 ], [ 137.914235873000052, 71.558498440000051 ] ] ], [ [ [ 128.652517123000052, 72.675767320000034 ], [ 128.974457227000016, 72.593817450000074 ], [ 128.103688998000052, 72.634711005000042 ], [ 128.652517123000052, 72.675767320000034 ] ] ], [ [ [ 128.317149285000028, 72.812323309000078 ], [ 128.994082622000064, 72.932471077000059 ], [ 129.417138999000031, 72.812595702000067 ], [ 129.207042752, 72.761894598000083 ], [ 128.317149285000028, 72.812323309000078 ] ] ], [ [ [ 120.27857506600003, 73.100897528000075 ], [ 119.720713738000086, 73.03384023600006 ], [ 119.63445071700005, 73.128159898000035 ], [ 120.021983269000089, 73.168117580000057 ], [ 120.27857506600003, 73.100897528000075 ] ] ], [ [ [ 143.407237175000091, 73.542792059000078 ], [ 143.565113328000052, 73.231150289000084 ], [ 143.174945069000046, 73.176580216000048 ], [ 139.767087831000026, 73.418344749000084 ], [ 140.493302439000104, 73.485043916000052 ], [ 141.127207879000025, 73.881659247000073 ], [ 142.045176629000025, 73.916571356000077 ], [ 143.407237175000091, 73.542792059000078 ] ] ], [ [ [ 124.381032748000052, 73.939398505000042 ], [ 124.660655144000089, 73.891994533000059 ], [ 124.287852410000028, 73.880926825000074 ], [ 124.381032748000052, 73.939398505000042 ] ] ], [ [ [ 136.258962436000047, 73.957464911000045 ], [ 136.135264519000089, 73.87921784100007 ], [ 135.354014519000089, 74.259100653000075 ], [ 136.010752800000091, 74.103461005000042 ], [ 136.258962436000047, 73.957464911000045 ] ] ], [ [ [ 141.097829623000052, 74.149237372000073 ], [ 141.037771030000044, 74.003851630000042 ], [ 140.545095248000052, 73.915838934000078 ], [ 140.16471625500003, 74.070638190000068 ], [ 140.349900026, 74.254215725000051 ], [ 141.097829623000052, 74.149237372000073 ] ] ], [ [ [ 115.980723504000025, 74.377508856000077 ], [ 116.052989129000025, 74.285223700000074 ], [ 115.885752800000091, 74.323635158000059 ], [ 115.980723504000025, 74.377508856000077 ] ] ], [ [ [ 113.405772332000083, 74.444037177000041 ], [ 112.774912957000083, 74.088080145000049 ], [ 111.459239129000025, 74.313706773000035 ], [ 111.951345248000052, 74.370794989000046 ], [ 112.110118035000028, 74.551214911000045 ], [ 113.405772332000083, 74.444037177000041 ] ] ], [ [ [ 148.610362175000091, 75.215521552000041 ], [ 150.958018425000091, 75.142320054000038 ], [ 150.609222852000016, 74.893500067000048 ], [ 149.208994988000086, 74.758002020000049 ], [ 148.172129754000025, 74.803534247000073 ], [ 146.071787957000083, 75.240301825000074 ], [ 146.436208530000044, 75.596747137000079 ], [ 146.77076256600003, 75.506740627000056 ], [ 146.634287957000083, 75.437730210000041 ], [ 146.796722852000016, 75.366359768000052 ], [ 148.407725457000083, 75.421087958000044 ], [ 148.610362175000091, 75.215521552000041 ] ] ], [ [ [ 137.08130944100003, 75.568182684000078 ], [ 136.967621290000011, 75.601792710000041 ], [ 136.969818556000064, 75.609035549000055 ], [ 137.08130944100003, 75.568182684000078 ] ] ], [ [ [ 136.984629754000025, 75.621649481000077 ], [ 137.13990319100003, 75.652818101000037 ], [ 136.970225457000083, 75.60968659100007 ], [ 136.984629754000025, 75.621649481000077 ] ] ], [ [ [ 136.184336785000028, 75.615912177000041 ], [ 135.983409050000091, 75.417181708000044 ], [ 135.450043165000011, 75.375677802000041 ], [ 135.693125847000033, 75.869330145000049 ], [ 136.184336785000028, 75.615912177000041 ] ] ], [ [ [ 145.366221550000091, 75.540228583000044 ], [ 144.729340040000011, 75.431586005000042 ], [ 144.677744988000086, 75.327826239000046 ], [ 144.94109134200005, 75.273342190000051 ], [ 143.998545769000089, 75.024969794000071 ], [ 142.88445071700005, 75.14679596600007 ], [ 142.494313998000052, 75.375677802000041 ], [ 143.001149936000047, 75.707953192000048 ], [ 142.337901238000086, 75.725653387000079 ], [ 142.434092644000089, 75.677964585000041 ], [ 142.008311394000089, 75.622748114000046 ], [ 142.439463738000086, 75.203111070000034 ], [ 143.707774285000028, 74.947455145000049 ], [ 142.514008009, 74.817368882000039 ], [ 141.843760613000086, 74.998968817000048 ], [ 140.068695509, 74.827948309000078 ], [ 139.65202884200005, 74.98078034100007 ], [ 139.127207879000025, 74.652289130000042 ], [ 137.895274285000028, 74.846177476000037 ], [ 136.862152540000011, 75.362046617000033 ], [ 137.422373894000089, 75.369818427000041 ], [ 137.143321160000028, 75.410223700000074 ], [ 137.293630405000044, 75.601629950000074 ], [ 137.06763756600003, 75.725775458000044 ], [ 137.742686394000089, 75.749090887000079 ], [ 137.432953321000014, 75.953192450000074 ], [ 138.432139519000089, 76.063381252000056 ], [ 138.532725457000083, 76.186102606000077 ], [ 139.048838738000086, 76.239081122000073 ], [ 138.897308790000011, 76.218736070000034 ], [ 140.509532097000033, 75.79047272300005 ], [ 140.47584069100003, 75.640326239000046 ], [ 141.062266472000033, 75.650091864000046 ], [ 140.864431186000047, 75.738836981000077 ], [ 141.000987175000091, 76.047430731000077 ], [ 141.62468509200005, 76.01312897300005 ], [ 141.310069207000083, 76.184475002000056 ], [ 142.546885613000086, 75.862982489000046 ], [ 143.947113477000016, 75.834784247000073 ], [ 145.366221550000091, 75.540228583000044 ] ] ], [ [ [ 149.453496564000034, 76.768779133000066 ], [ 149.200090368000019, 76.62680582400003 ], [ 148.431788852000068, 76.629325828000049 ], [ 149.453496564000034, 76.768779133000066 ] ] ], [ [ [ 152.829274936000047, 76.196193752000056 ], [ 152.773448113000086, 76.083400783000059 ], [ 152.554860873000052, 76.139349677000041 ], [ 152.829274936000047, 76.196193752000056 ] ] ], [ [ [ 156.550303582000083, 77.125799872000073 ], [ 156.653330925000091, 77.084173895000049 ], [ 156.491709832000083, 77.098211981000077 ], [ 156.550303582000083, 77.125799872000073 ] ] ], [ [ [ 161.893766933000052, 69.653837723000038 ], [ 161.866936048000071, 69.554553803000033 ], [ 161.665616534000037, 69.620548109000083 ], [ 161.667243635000091, 69.636682631000042 ], [ 161.893766933000052, 69.653837723000038 ] ] ] ] } },
{ "type": "Feature", "properties": { "name": "City of St. Petersburg", "type": "Gorod Federalnogo Znacheniya", "region": "Northwestern", "code_hasc": "RU.SP", "latitude": 59.8064, "longitude": 30.2901 }, "geometry": { "type": "MultiPolygon", "coordinates": [ [ [ [ 29.697139291337795, 59.950047624764714 ], [ 30.161957227000073, 59.868475653000075 ], [ 30.246104363000086, 59.97492096600007 ], [ 29.446606073411544, 60.210795397389631 ], [ 30.390424432141799, 60.122738755888861 ], [ 30.747715284732578, 59.725657050432517 ], [ 30.259372999564278, 59.609850165252908 ], [ 29.697139291337795, 59.950047624764714 ] ] ], [ [ [ 29.713552280000044, 60.021877346000053 ], [ 29.78687584700009, 59.975083726000037 ], [ 29.657399936000047, 60.025458075000074 ], [ 29.713552280000044, 60.021877346000053 ] ] ] ] } },
{ "type": "Feature", "properties": { "name": "Arkhangel'sk", "type": "Oblast", "region": "Northwestern", "code_hasc": "RU.AR", "latitude": 63.3132, "longitude": 41.9939 }, "geometry": { "type": "MultiPolygon", "coordinates": [ [ [ [ 36.523406226628119, 63.971429154705895 ], [ 37.437810567000042, 63.792280503000086 ], [ 38.088063998000052, 64.034898179000038 ], [ 37.95671634200005, 64.364081122000073 ], [ 37.286228154000071, 64.352206061000061 ], [ 36.559760947000086, 64.717422723000084 ], [ 36.439952019000089, 64.917059637000079 ], [ 36.807444256000053, 64.959052297000085 ], [ 36.820001697000066, 65.147141284000043 ], [ 38.385021487000074, 64.844626712000036 ], [ 38.066579623000052, 64.781195380000042 ], [ 38.048106316000087, 64.64594147300005 ], [ 38.448030871000071, 64.817878104000044 ], [ 39.566524317000074, 64.545267993000039 ], [ 39.923594597000033, 64.603013414000031 ], [ 39.786387566000087, 64.596869208000044 ], [ 39.850352410000085, 64.675970770000049 ], [ 40.181651238000086, 64.558661200000074 ], [ 40.517100457000083, 64.541449286000045 ], [ 40.410899285000085, 64.736802476000037 ], [ 40.517344597000033, 64.774115302000041 ], [ 39.740896030000044, 65.356512762000079 ], [ 39.749278191000087, 65.552069403000075 ], [ 40.710134311000047, 65.972316799000055 ], [ 41.643565300000034, 66.172756252000056 ], [ 42.200938347000033, 66.532171942000048 ], [ 42.66146894600007, 66.443345445000034 ], [ 42.548594597000033, 66.38507721600007 ], [ 43.30209394600007, 66.426011460000041 ], [ 43.692637566000087, 66.237209377000056 ], [ 43.288340691000087, 66.090236721000053 ], [ 43.352793816000087, 66.041489976000037 ], [ 43.514903191000087, 65.974188544000071 ], [ 43.382334832000083, 66.071926174000055 ], [ 43.836436394000089, 66.185777085000041 ], [ 44.179698113000086, 65.864325262000079 ], [ 44.079356316000087, 66.206691799000055 ], [ 44.303166945198313, 66.413000800546456 ], [ 47.154465772777144, 65.815750433935364 ], [ 47.726110466724663, 65.818928535523469 ], [ 48.156265090261684, 66.130279039446066 ], [ 49.006032342218816, 66.119116930302084 ], [ 48.998694288910258, 65.240333360096486 ], [ 49.605789015950279, 65.289193427035002 ], [ 50.063022087799084, 64.890199692761598 ], [ 50.467441848362569, 64.791601061539723 ], [ 50.314686314222001, 64.512444972957098 ], [ 49.595350376318777, 64.591354886019133 ], [ 48.408342726035926, 64.224219672100162 ], [ 48.115750766984263, 64.348113919421792 ], [ 46.611449822551265, 64.326564845691053 ], [ 45.427129348340713, 64.171690578956998 ], [ 46.819189081011245, 63.746961981710058 ], [ 47.021347284449575, 63.559169827425592 ], [ 46.946829868003988, 63.341560371014282 ], [ 47.554648064556488, 63.148497219171304 ], [ 47.082635532403856, 62.839627183947357 ], [ 47.413364698821795, 62.192793280885155 ], [ 48.290830519412907, 62.321622626283158 ], [ 48.366071405371031, 62.729298001001894 ], [ 49.608992954161465, 62.770225735429335 ], [ 49.051610955681042, 61.690963447505055 ], [ 49.461405063892585, 61.586111965894474 ], [ 49.313920526411152, 61.187893377976991 ], [ 48.509318474967642, 61.04774689380406 ], [ 48.418988071242495, 60.853805243716977 ], [ 47.568497348873507, 61.059115709422429 ], [ 47.196116977616384, 61.04831533548429 ], [ 46.946519809641472, 60.857009181928163 ], [ 46.508510369757744, 61.063663234770445 ], [ 45.878161249342156, 61.016275947077247 ], [ 45.786693963155869, 61.166757718094175 ], [ 45.378760206918002, 61.205463365341984 ], [ 45.229105259100379, 60.903879706583155 ], [ 44.052949659599108, 61.079217841430193 ], [ 43.510863885359981, 60.767453925458256 ], [ 42.394756301262248, 60.769417630219436 ], [ 41.923467237722832, 60.917470608481779 ], [ 41.394093866238904, 60.857991034758413 ], [ 41.343037551441796, 60.645962633368811 ], [ 40.746484815921519, 60.779649563376609 ], [ 39.953768344933167, 60.649993394779301 ], [ 39.190610792753887, 60.652938951471413 ], [ 38.957240025007138, 60.806883043117921 ], [ 38.661340773158145, 60.711384996420406 ], [ 37.857358840238248, 61.284579983079709 ], [ 37.761964146328296, 61.648227037048116 ], [ 37.929499138974052, 61.962109687412124 ], [ 37.729304640296903, 62.199847114252918 ], [ 37.428754510312388, 62.213205471255492 ], [ 37.590295037685792, 62.453604233948226 ], [ 37.504925571358001, 62.645323797755054 ], [ 36.500542433286626, 62.826036282048733 ], [ 36.258903436244566, 63.031760158904206 ], [ 36.412279087110164, 63.205599676983468 ], [ 35.857377557328391, 63.598650621029321 ], [ 36.469329868078944, 63.675545152486791 ], [ 36.523406226628119, 63.971429154705895 ] ] ], [ [ [ 51.40951582100007, 71.806138414000031 ], [ 51.610036655000044, 72.091701565000051 ], [ 52.368418816000087, 72.075344143000052 ], [ 52.416514519000032, 72.289292710000041 ], [ 52.868174675000034, 72.346747137000079 ], [ 52.680023634000065, 72.478745835000041 ], [ 53.102061394000032, 72.600653387000079 ], [ 52.754893425000034, 72.638373114000046 ], [ 53.21810957100007, 72.648423570000034 ], [ 52.375254754000082, 72.730373440000051 ], [ 53.382009311000047, 72.888617255000042 ], [ 53.14193769600007, 72.962469794000071 ], [ 53.382009311000047, 73.011542059000078 ], [ 53.121918165000068, 73.100897528000075 ], [ 53.322520379000082, 73.220851955000057 ], [ 54.19076582100007, 73.272202867000033 ], [ 54.934825066000087, 73.425360419000071 ], [ 55.304209832000083, 73.339341539000031 ], [ 56.43523196700005, 73.230129299000055 ], [ 56.582041863000086, 73.129584052000041 ], [ 55.808360222000033, 73.066107489000046 ], [ 56.46615644600007, 73.052476304000038 ], [ 56.377207879000082, 73.006659247000073 ], [ 55.616465691000087, 72.963690497000073 ], [ 56.251800977000073, 72.972357489000046 ], [ 56.219899936000047, 72.826564846000053 ], [ 55.480723504000082, 72.805812893000052 ], [ 55.946055535000085, 72.668890692000048 ], [ 55.616465691000087, 72.696844794000071 ], [ 55.723480665000068, 72.638332424000055 ], [ 55.618174675000034, 72.542181708000044 ], [ 55.267100457000083, 72.586981512000079 ], [ 55.536143425000034, 72.472479559000078 ], [ 55.115570509000065, 72.450384833000044 ], [ 55.465668165000068, 72.43618398600006 ], [ 55.376963738000086, 72.302679755000042 ], [ 55.574961785000085, 72.199652411000045 ], [ 55.225433790000068, 71.929022528000075 ], [ 55.506358269000032, 71.898016669000071 ], [ 56.105723504000082, 71.258978583000044 ], [ 57.638682488000086, 70.729885158000059 ], [ 57.432627800000034, 70.743557033000059 ], [ 57.539317254000082, 70.704779364000046 ], [ 57.45248457100007, 70.606350002000056 ], [ 56.740489129000082, 70.70258209800005 ], [ 57.295746290000068, 70.564683335000041 ], [ 56.199229363000086, 70.709377346000053 ], [ 56.654551629000082, 70.589992580000057 ], [ 56.514008009000065, 70.544867255000042 ], [ 55.404795769000032, 70.750392971000053 ], [ 55.472504102000073, 70.654120184000078 ], [ 55.162608269000032, 70.553127346000053 ], [ 54.513438347000033, 70.825425523000035 ], [ 54.767425977000073, 70.647935289000031 ], [ 53.539724155000044, 70.80499909100007 ], [ 53.30014082100007, 70.866400458000044 ], [ 53.70476321700005, 70.845933335000041 ], [ 53.501719597000033, 71.094427802000041 ], [ 54.243988477000073, 71.122870184000078 ], [ 53.450938347000033, 71.26430898600006 ], [ 53.951182488000086, 71.462225653000075 ], [ 53.413340691000087, 71.311753648000035 ], [ 53.251719597000033, 71.456040757000039 ], [ 53.444102410000085, 71.545477606000077 ], [ 52.882334832000083, 71.39398834800005 ], [ 52.547211134000065, 71.634833075000074 ], [ 52.416270379000082, 71.476548570000034 ], [ 52.268809441000087, 71.587958075000074 ], [ 52.141856316000087, 71.545477606000077 ], [ 52.279063347000033, 71.476548570000034 ], [ 51.840342644000032, 71.456040757000039 ], [ 51.532399936000047, 71.565904039000031 ], [ 51.40951582100007, 71.806138414000031 ] ] ], [ [ [ 56.986989780000044, 74.690497137000079 ], [ 55.832692905000044, 74.800034898000035 ], [ 56.678477410000085, 74.94867584800005 ], [ 55.726328972000033, 75.08148834800005 ], [ 56.071136915000068, 75.218939520000049 ], [ 56.530446811000047, 75.07843659100007 ], [ 57.04623457100007, 75.398138739000046 ], [ 57.741058790000068, 75.327866929000038 ], [ 57.500824415000068, 75.499212958000044 ], [ 58.93100019600007, 75.867621161000045 ], [ 60.347666863000086, 76.005682684000078 ], [ 60.042735222000033, 76.05414459800005 ], [ 60.268077019000032, 76.110093492000033 ], [ 60.838389519000032, 76.122992255000042 ], [ 60.46843509200005, 76.01312897300005 ], [ 60.734711134000065, 76.005357164000031 ], [ 61.14576256600003, 76.116115627000056 ], [ 60.89975019600007, 76.157171942000048 ], [ 61.076914910000085, 76.279974677000041 ], [ 62.503672722000033, 76.177679755000042 ], [ 64.090830925000034, 76.31281159100007 ], [ 65.484873894000032, 76.574896552000041 ], [ 65.998789910000085, 76.533351955000057 ], [ 65.753428582000083, 76.682847398000035 ], [ 67.588063998000052, 77.013373114000046 ], [ 68.462901238000086, 76.966701565000051 ], [ 69.033946160000085, 76.712062893000052 ], [ 68.177744988000086, 76.314601955000057 ], [ 68.287933790000068, 76.281317450000074 ], [ 63.55201256600003, 75.711493231000077 ], [ 61.48170006600003, 75.223456122000073 ], [ 61.27662194100003, 75.327866929000038 ], [ 60.724782748000052, 75.02765534100007 ], [ 59.927256707000083, 75.005804755000042 ], [ 60.687510613000086, 74.923814195000034 ], [ 60.194102410000085, 74.854966539000031 ], [ 60.372325066000087, 74.793524481000077 ], [ 60.276377800000034, 74.749660549000055 ], [ 59.508799675000034, 74.799750067000048 ], [ 59.872569207000083, 74.676825262000079 ], [ 59.75521894600007, 74.587469794000071 ], [ 59.090505405000044, 74.738267320000034 ], [ 59.289805535000085, 74.642645575000074 ], [ 59.08366946700005, 74.648871161000045 ], [ 59.221446160000085, 74.615423895000049 ], [ 59.145762566000087, 74.444037177000041 ], [ 58.186778191000087, 74.581244208000044 ], [ 58.638682488000086, 74.423570054000038 ], [ 58.728037957000083, 74.23859284100007 ], [ 58.292246941000087, 74.221625067000048 ], [ 58.521983269000032, 74.149237372000073 ], [ 58.162119988000086, 74.150376695000034 ], [ 58.123301629000082, 73.986721096000053 ], [ 57.531748894000032, 74.191839911000045 ], [ 57.260752800000034, 74.080308335000041 ], [ 57.911875847000033, 73.915838934000078 ], [ 57.748708530000044, 73.72601959800005 ], [ 57.395355665000068, 73.845526434000078 ], [ 56.555674675000034, 73.888576565000051 ], [ 57.349864129000082, 73.82758209800005 ], [ 57.617523634000065, 73.668850002000056 ], [ 57.350108269000032, 73.553412177000041 ], [ 56.735118035000085, 73.680243231000077 ], [ 57.253916863000086, 73.457180080000057 ], [ 56.749278191000087, 73.361517645000049 ], [ 56.72982832100007, 73.244533596000053 ], [ 56.120860222000033, 73.290025132000039 ], [ 55.917491082000083, 73.448391018000052 ], [ 55.924001498000052, 73.311997789000031 ], [ 54.90007571700005, 73.448391018000052 ], [ 54.250010613000086, 73.328273830000057 ], [ 54.033050977000073, 73.374660549000055 ], [ 54.541514519000032, 73.610988674000055 ], [ 55.349619988000086, 73.717230536000045 ], [ 54.280772332000083, 73.600531317000048 ], [ 53.631114129000082, 73.759588934000078 ], [ 54.801524285000085, 73.970445054000038 ], [ 54.588633660000085, 74.018866278000075 ], [ 55.01889082100007, 74.173000393000052 ], [ 55.864431186000047, 74.105943101000037 ], [ 55.07585696700005, 74.26593659100007 ], [ 55.746836785000085, 74.29633209800005 ], [ 55.232920769000032, 74.375799872000073 ], [ 55.38835696700005, 74.445054429000038 ], [ 56.287364129000082, 74.491685289000031 ], [ 55.656911655000044, 74.519761460000041 ], [ 55.529551629000082, 74.654852606000077 ], [ 56.986989780000044, 74.690497137000079 ] ] ], [ [ [ 42.504490695000072, 66.777905783000051 ], [ 42.668028742000047, 66.666691259000061 ], [ 42.426499751000051, 66.752008942000032 ], [ 42.504490695000072, 66.777905783000051 ] ] ], [ [ [ 56.843028191000087, 70.606350002000056 ], [ 57.221690300000034, 70.526068427000041 ], [ 57.063649936000047, 70.502427476000037 ], [ 56.843028191000087, 70.606350002000056 ] ] ], [ [ [ 53.23178144600007, 71.215887762000079 ], [ 53.009776238000086, 70.96820709800005 ], [ 52.211761915000068, 71.308091539000031 ], [ 52.741058790000068, 71.405829169000071 ], [ 53.23178144600007, 71.215887762000079 ] ] ], [ [ [ 51.000987175000034, 80.102525132000039 ], [ 51.505137566000087, 79.933417059000078 ], [ 50.045258009000065, 79.974432684000078 ], [ 51.000987175000034, 80.102525132000039 ] ] ], [ [ [ 50.33562259200005, 80.181586005000042 ], [ 49.883148634000065, 80.069891669000071 ], [ 49.531260613000086, 80.158758856000077 ], [ 50.33562259200005, 80.181586005000042 ] ] ], [ [ [ 56.329112175000034, 80.624904690000051 ], [ 55.431651238000086, 80.714260158000059 ], [ 56.946055535000085, 80.693793036000045 ], [ 56.329112175000034, 80.624904690000051 ] ] ], [ [ [ 47.430674675000034, 80.593817450000074 ], [ 46.083994988000086, 80.439886786000045 ], [ 46.043711785000085, 80.573553778000075 ], [ 44.857432488000086, 80.617417710000041 ], [ 47.536306186000047, 80.856675523000035 ], [ 48.764008009000065, 80.65961334800005 ], [ 47.748789910000085, 80.770493882000039 ], [ 47.304209832000083, 80.652777411000045 ], [ 47.430674675000034, 80.593817450000074 ] ] ], [ [ [ 62.22193444100003, 80.813218492000033 ], [ 62.115977410000085, 80.622381903000075 ], [ 61.04460696700005, 80.405178127000056 ], [ 59.63640384200005, 80.431219794000071 ], [ 59.221446160000085, 80.652777411000045 ], [ 59.693858269000032, 80.837144273000035 ], [ 62.22193444100003, 80.813218492000033 ] ] ], [ [ [ 58.542735222000033, 80.754299221000053 ], [ 57.815684441000087, 80.809881903000075 ], [ 59.029063347000033, 80.824123440000051 ], [ 58.542735222000033, 80.754299221000053 ] ] ], [ [ [ 55.986501498000052, 80.803656317000048 ], [ 54.876719597000033, 80.721136786000045 ], [ 53.980316602000073, 80.816229559000078 ], [ 55.986501498000052, 80.803656317000048 ] ] ], [ [ [ 51.689300977000073, 80.727280992000033 ], [ 49.675303582000083, 80.481512762000079 ], [ 49.816172722000033, 80.40102773600006 ], [ 48.83952884200005, 80.387844143000052 ], [ 48.626963738000086, 80.295314846000053 ], [ 49.107188347000033, 80.189520575000074 ], [ 48.37240644600007, 80.091782945000034 ], [ 47.627696160000085, 80.072211005000042 ], [ 48.085134311000047, 80.207180080000057 ], [ 46.618418816000087, 80.295314846000053 ], [ 48.132985873000052, 80.32648346600007 ], [ 47.619476759000065, 80.405178127000056 ], [ 48.235850457000083, 80.426906643000052 ], [ 47.379405144000089, 80.453558661000045 ], [ 49.188243035000085, 80.521429755000042 ], [ 49.681976759000065, 80.721136786000045 ], [ 48.955332879000082, 80.734767971000053 ], [ 50.237152540000068, 80.933498440000051 ], [ 50.44304446700005, 80.906073309000078 ], [ 49.997325066000087, 80.865057684000078 ], [ 50.855967644000032, 80.918524481000077 ], [ 51.045176629000082, 80.851467190000051 ], [ 50.251231316000087, 80.741603908000059 ], [ 51.689300977000073, 80.727280992000033 ] ] ], [ [ [ 58.65365644600007, 81.043768622000073 ], [ 58.366953972000033, 80.94594961100006 ], [ 57.840993686000047, 81.047674872000073 ], [ 58.069509311000047, 81.111517645000049 ], [ 58.65365644600007, 81.043768622000073 ] ] ], [ [ [ 58.282399936000047, 80.926499742000033 ], [ 56.896739129000082, 81.016099351000037 ], [ 56.095550977000073, 81.091009833000044 ], [ 58.282399936000047, 80.926499742000033 ] ] ], [ [ [ 57.058767123000052, 80.691839911000045 ], [ 54.41732832100007, 81.00844961100006 ], [ 54.670909050000034, 81.125189520000049 ], [ 56.01921634200005, 81.04360586100006 ], [ 57.716075066000087, 80.793158270000049 ], [ 57.058767123000052, 80.691839911000045 ] ] ], [ [ [ 50.476573113000086, 81.069973049000055 ], [ 50.347422722000033, 81.091009833000044 ], [ 50.976817254000082, 81.105902411000045 ], [ 50.374278191000087, 81.022772528000075 ], [ 50.476573113000086, 81.069973049000055 ] ] ], [ [ [ 58.570485873000052, 81.413153387000079 ], [ 56.740489129000082, 81.453517971000053 ], [ 57.784027540000068, 81.56476471600007 ], [ 58.570485873000052, 81.413153387000079 ] ] ], [ [ [ 63.467458530000044, 81.589056708000044 ], [ 62.106455925000034, 81.680080471000053 ], [ 63.80591881600003, 81.660142320000034 ], [ 63.467458530000044, 81.589056708000044 ] ] ], [ [ [ 59.439952019000032, 81.81781647300005 ], [ 57.891286655000044, 81.707953192000048 ], [ 58.156097852000073, 81.830267645000049 ], [ 59.439952019000032, 81.81781647300005 ] ] ], [ [ [ 58.731700066000087, 75.916896877000056 ], [ 59.262461785000085, 75.965399481000077 ], [ 58.693207227000073, 75.903265692000048 ], [ 58.731700066000087, 75.916896877000056 ] ] ], [ [ [ 59.927256707000083, 79.994859117000033 ], [ 58.768728061000047, 80.021063544000071 ], [ 59.529144727000073, 80.120917059000078 ], [ 59.927256707000083, 79.994859117000033 ] ] ], [ [ [ 55.712087436000047, 80.103461005000042 ], [ 56.129893425000034, 80.351223049000055 ], [ 57.021983269000032, 80.363999742000033 ], [ 57.153575066000087, 80.198960679000038 ], [ 56.956797722000033, 80.066310940000051 ], [ 55.712087436000047, 80.103461005000042 ] ] ], [ [ [ 53.869476759000065, 80.27094147300005 ], [ 52.182871941000087, 80.276068427000041 ], [ 53.149587436000047, 80.412583726000037 ], [ 53.869476759000065, 80.27094147300005 ] ] ], [ [ [ 57.528819207000083, 80.131415106000077 ], [ 56.946055535000085, 80.481512762000079 ], [ 59.276133660000085, 80.330023505000042 ], [ 58.390961134000065, 80.320217190000051 ], [ 58.076914910000085, 80.261786200000074 ], [ 58.406504754000082, 80.165594794000071 ], [ 57.528819207000083, 80.131415106000077 ] ] ], [ [ [ 53.798024936000047, 80.472886460000041 ], [ 53.972911004000082, 80.529282945000034 ], [ 53.883311394000032, 80.610744533000059 ], [ 54.465098504000082, 80.481512762000079 ], [ 53.798024936000047, 80.472886460000041 ] ] ], [ [ [ 60.022715691000087, 80.995428778000075 ], [ 60.612803582000083, 81.092474677000041 ], [ 61.701670769000032, 81.105292059000078 ], [ 60.987803582000083, 80.922023830000057 ], [ 60.022715691000087, 80.995428778000075 ] ] ], [ [ [ 62.503672722000033, 80.824123440000051 ], [ 64.03646894600007, 80.986883856000077 ], [ 64.704844597000033, 81.205267645000049 ], [ 65.22982832100007, 81.136704820000034 ], [ 65.465668165000068, 80.934881903000075 ], [ 63.130707227000073, 80.683091539000031 ], [ 62.503672722000033, 80.824123440000051 ] ] ], [ [ [ 56.994395379000082, 81.166164455000057 ], [ 57.887868686000047, 81.24555084800005 ], [ 58.083750847000033, 81.214544989000046 ], [ 56.994395379000082, 81.166164455000057 ] ] ], [ [ [ 55.646820509000065, 81.200262762000079 ], [ 55.431651238000086, 81.283433335000041 ], [ 56.544769727000073, 81.254787502000056 ], [ 56.335948113000086, 81.385199286000045 ], [ 56.72624759200005, 81.397162177000041 ], [ 57.905039910000085, 81.297105210000041 ], [ 55.646820509000065, 81.200262762000079 ] ] ], [ [ [ 59.05437259200005, 81.287054755000042 ], [ 58.464121941000087, 81.334947007000039 ], [ 59.385427280000044, 81.330552476000037 ], [ 59.05437259200005, 81.287054755000042 ] ] ], [ [ [ 61.65398196700005, 81.60492584800005 ], [ 62.141123894000032, 81.586086330000057 ], [ 62.196299675000034, 81.564846096000053 ], [ 61.65398196700005, 81.60492584800005 ] ] ], [ [ [ 40.431407097000033, 64.612697658000059 ], [ 40.194834832000083, 64.574164130000042 ], [ 40.054698113000086, 64.652533270000049 ], [ 39.824229363000086, 64.679754950000074 ], [ 40.188487175000034, 64.708238023000035 ], [ 40.302256707000083, 64.635484117000033 ], [ 40.431407097000033, 64.612697658000059 ] ] ], [ [ [ 39.949717644000089, 64.741929429000038 ], [ 39.980479363000086, 64.729437567000048 ], [ 39.943695509000065, 64.72797272300005 ], [ 39.949717644000089, 64.741929429000038 ] ] ], [ [ [ 40.406748894000089, 64.642482815000051 ], [ 40.03484134200005, 64.760565497000073 ], [ 40.333506707000083, 64.772406317000048 ], [ 40.406748894000089, 64.642482815000051 ] ] ], [ [ [ 53.23991946700005, 71.354437567000048 ], [ 53.395355665000068, 71.280503648000035 ], [ 53.16146894600007, 71.354885158000059 ], [ 53.23991946700005, 71.354437567000048 ] ] ], [ [ [ 58.613942905000044, 79.979437567000048 ], [ 58.870371941000087, 79.901312567000048 ], [ 58.248301629000082, 79.933417059000078 ], [ 58.613942905000044, 79.979437567000048 ] ] ], [ [ [ 60.052256707000083, 80.187689520000049 ], [ 60.210459832000083, 80.149155992000033 ], [ 59.891286655000044, 80.175441799000055 ], [ 60.052256707000083, 80.187689520000049 ] ] ], [ [ [ 54.407725457000083, 80.284816799000055 ], [ 54.178070509000065, 80.189276434000078 ], [ 54.10124759200005, 80.27289459800005 ], [ 54.193532748000052, 80.307114976000037 ], [ 54.407725457000083, 80.284816799000055 ] ] ], [ [ [ 55.498789910000085, 80.316839911000045 ], [ 55.234873894000032, 80.227932033000059 ], [ 54.929698113000086, 80.259588934000078 ], [ 55.296397332000083, 80.332180080000057 ], [ 55.498789910000085, 80.316839911000045 ] ] ], [ [ [ 54.987478061000047, 80.41437409100007 ], [ 55.244965040000068, 80.438462632000039 ], [ 55.270518425000034, 80.409369208000044 ], [ 55.129893425000034, 80.374335028000075 ], [ 54.987478061000047, 80.41437409100007 ] ] ], [ [ [ 54.626719597000033, 80.477240302000041 ], [ 54.771494988000086, 80.393011786000045 ], [ 54.390391472000033, 80.386542059000078 ], [ 54.626719597000033, 80.477240302000041 ] ] ], [ [ [ 54.981944207000083, 80.448919989000046 ], [ 54.62240644600007, 80.511297919000071 ], [ 55.073008660000085, 80.484076239000046 ], [ 54.981944207000083, 80.448919989000046 ] ] ], [ [ [ 59.097666863000086, 81.213120835000041 ], [ 59.75554446700005, 81.169989325000074 ], [ 58.994639519000032, 81.198187567000048 ], [ 59.097666863000086, 81.213120835000041 ] ] ], [ [ [ 60.562754754000082, 81.273627020000049 ], [ 60.432302280000044, 81.244370835000041 ], [ 59.840586785000085, 81.291571356000077 ], [ 60.031993035000085, 81.311102606000077 ], [ 60.562754754000082, 81.273627020000049 ] ] ], [ [ [ 58.493011915000068, 81.579087632000039 ], [ 58.275726759000065, 81.592718817000048 ], [ 58.702321811000047, 81.612616278000075 ], [ 58.493011915000068, 81.579087632000039 ] ] ], [ [ [ 38.036572706864888, 61.020875149268704 ], [ 38.087525668874491, 61.041649074844884 ], [ 38.124836053041406, 61.017361151795683 ], [ 38.036572706864888, 61.020875149268704 ] ] ] ] } },
{ "type": "Feature", "properties": { "name": "Krasnoyarsk", "type": "Kray", "region": "Siberian", "code_hasc": "RU.KX", "latitude": 65.5602, "longitude": 95.2029 }, "geometry": { "type": "MultiPolygon", "coordinates": [ [ [ [ 78.502764071404727, 72.381906521968403 ], [ 79.513845248000052, 72.362209377000056 ], [ 80.834646030000044, 72.083319403000075 ], [ 80.632334832000083, 72.046087958000044 ], [ 81.736664259000065, 71.699896552000041 ], [ 83.251719597000033, 71.725653387000079 ], [ 83.047862175000034, 71.415106512000079 ], [ 82.272634311000047, 71.278794664000031 ], [ 82.35279381600003, 71.096258856000077 ], [ 82.20834394600007, 70.986802476000037 ], [ 82.41724694100003, 70.777044989000046 ], [ 82.082041863000029, 70.565375067000048 ], [ 82.34888756600003, 70.202297268000052 ], [ 82.157237175000034, 70.571600653000075 ], [ 82.464610222000033, 70.613185940000051 ], [ 82.578623894000032, 70.911118882000039 ], [ 82.90162194100003, 71.001044012000079 ], [ 83.137217644000032, 70.76398346600007 ], [ 83.010508660000028, 70.426581122000073 ], [ 82.64380944100003, 70.181219794000071 ], [ 83.149424675000034, 70.07648346600007 ], [ 82.951670769000032, 70.325140692000048 ], [ 83.77466881600003, 70.476629950000074 ], [ 83.381846550000034, 71.03266022300005 ], [ 83.116058790000068, 71.113470770000049 ], [ 83.618907097000033, 71.63117096600007 ], [ 83.360524936000047, 71.840643622000073 ], [ 82.678070509000065, 71.879461981000077 ], [ 82.185069207000083, 72.093491929000038 ], [ 82.307383660000085, 72.182847398000035 ], [ 82.198090040000068, 72.28156159100007 ], [ 80.704112175000034, 72.545355536000045 ], [ 80.834483269000032, 72.620510158000059 ], [ 80.63209069100003, 72.733791408000059 ], [ 80.814300977000073, 72.974269924000055 ], [ 80.231130405000044, 73.175970770000049 ], [ 80.563487175000034, 73.221502997000073 ], [ 80.254893425000034, 73.329738674000055 ], [ 80.67741946700005, 73.504950262000079 ], [ 80.51295006600003, 73.56704336100006 ], [ 87.080088738000029, 73.871527411000045 ], [ 85.78679446700005, 73.48078034100007 ], [ 85.833181186000047, 73.331773179000038 ], [ 86.78248131600003, 73.000881252000056 ], [ 85.844004754000082, 73.439846096000053 ], [ 87.164805535000028, 73.611395575000074 ], [ 87.664073113000029, 73.890855210000041 ], [ 87.296397332000083, 73.841376044000071 ], [ 86.940196160000028, 74.033148505000042 ], [ 87.362315300000034, 74.047756252000056 ], [ 85.90552819100003, 74.354681708000044 ], [ 86.297129754000082, 74.313055731000077 ], [ 86.049489780000044, 74.416164455000057 ], [ 86.475271030000044, 74.458197333000044 ], [ 86.953868035000028, 74.388861395000049 ], [ 86.715830925000034, 74.301825262000079 ], [ 87.262380405000044, 74.354681708000044 ], [ 86.535492384000065, 74.51235586100006 ], [ 86.78248131600003, 74.560736395000049 ], [ 85.740407748000052, 74.635891018000052 ], [ 86.090586785000028, 74.820786851000037 ], [ 86.957530144000032, 74.60883209800005 ], [ 86.762054884000065, 74.704087632000039 ], [ 87.385752800000034, 74.944322007000039 ], [ 87.172862175000034, 74.985296942000048 ], [ 87.789886915000068, 75.026271877000056 ], [ 86.898610873000052, 75.087713934000078 ], [ 87.024587436000047, 75.164211330000057 ], [ 87.952647332000083, 75.100043036000045 ], [ 89.24577884200005, 75.506740627000056 ], [ 89.703623894000032, 75.443508205000057 ], [ 89.612803582000083, 75.492377020000049 ], [ 90.05787194100003, 75.519720770000049 ], [ 89.954112175000034, 75.577622789000031 ], [ 91.580251498000052, 75.637762762000079 ], [ 91.700205925000034, 75.736395575000074 ], [ 92.371348504000082, 75.740464585000041 ], [ 93.549815300000034, 75.853013414000031 ], [ 94.163096550000034, 75.944281317000048 ], [ 92.826833530000044, 75.965399481000077 ], [ 93.230804884000065, 76.05414459800005 ], [ 93.120941602000073, 76.095689195000034 ], [ 93.998708530000044, 76.05414459800005 ], [ 93.685801629000082, 76.13226959800005 ], [ 96.196462436000047, 76.087551174000055 ], [ 95.575205925000034, 75.88898346600007 ], [ 95.73951256600003, 75.856431382000039 ], [ 96.664561394000032, 75.965399481000077 ], [ 96.461436394000032, 75.871893622000073 ], [ 97.250987175000034, 76.043402411000045 ], [ 97.396820509000065, 76.047308661000045 ], [ 97.185313347000033, 75.930609442000048 ], [ 97.82390384200005, 75.988104559000078 ], [ 97.548350457000026, 76.05414459800005 ], [ 98.816416863000029, 76.26703522300005 ], [ 98.712738477000073, 76.204982815000051 ], [ 99.754893425000034, 76.049017645000049 ], [ 99.424001498000052, 75.793443101000037 ], [ 99.570648634000065, 75.779730536000045 ], [ 99.902354363000029, 75.92719147300005 ], [ 99.865733269000032, 76.107652085000041 ], [ 98.817881707000026, 76.494208075000074 ], [ 100.851084832000026, 76.540106512000079 ], [ 102.249522332000026, 76.38312409100007 ], [ 100.87826582100007, 76.55499909100007 ], [ 101.234629754000082, 76.767279364000046 ], [ 100.857676629000082, 76.873236395000049 ], [ 102.043142123000052, 77.380601304000038 ], [ 103.19662519600007, 77.658921617000033 ], [ 104.75163821700005, 77.706203518000052 ], [ 105.873708530000044, 77.568589585000041 ], [ 106.292002800000034, 77.370021877000056 ], [ 104.14193769600007, 77.088853257000039 ], [ 105.928477410000028, 77.144110419000071 ], [ 105.435394727000073, 77.000067450000074 ], [ 106.829844597000033, 77.054673570000034 ], [ 107.499766472000033, 76.924505927000041 ], [ 106.417002800000034, 76.50922272300005 ], [ 107.845469597000033, 76.534816799000055 ], [ 107.946055535000028, 76.737290757000039 ], [ 111.090342644000032, 76.762274481000077 ], [ 112.199066602000016, 76.471869208000044 ], [ 111.829112175000034, 76.341498114000046 ], [ 112.256846550000091, 76.454413153000075 ], [ 112.747813347000033, 76.335272528000075 ], [ 112.500743035000028, 76.239081122000073 ], [ 112.857676629000025, 76.143500067000048 ], [ 112.569672071000014, 76.047308661000045 ], [ 113.302744988000086, 76.115627346000053 ], [ 112.932139519000089, 76.259588934000078 ], [ 113.259287957000083, 76.266424872000073 ], [ 113.549082879000025, 76.020656643000052 ], [ 113.480804884, 75.855536200000074 ], [ 113.890147332000083, 75.853989976000037 ], [ 113.55591881600003, 75.540228583000044 ], [ 113.426117384, 75.540228583000044 ], [ 113.617442254000025, 75.656236070000034 ], [ 113.067556186000047, 75.683498440000051 ], [ 113.137543165000011, 75.711493231000077 ], [ 112.559092644000089, 75.851304429000038 ], [ 112.336924675000091, 75.848089911000045 ], [ 112.870616082000083, 75.711493231000077 ], [ 112.747813347000033, 75.698472398000035 ], [ 112.813649936000047, 75.557318427000041 ], [ 113.267425977000016, 75.651109117000033 ], [ 113.290537957000083, 75.550523179000038 ], [ 113.720469597000033, 75.409857489000046 ], [ 111.772308790000068, 74.668524481000077 ], [ 109.561208530000044, 74.313706773000035 ], [ 109.979502800000034, 74.29633209800005 ], [ 108.066579623000052, 73.635321356000077 ], [ 107.146820509000065, 73.617661851000037 ], [ 106.785411004000025, 73.340521552000041 ], [ 106.062754754000025, 73.273016669000071 ], [ 105.650645379000025, 72.911078192000048 ], [ 105.066742384000065, 72.785589911000045 ], [ 106.036367876000043, 72.952521541000067 ], [ 106.657134699000039, 72.831952970000032 ], [ 107.103262717000064, 72.856405815000073 ], [ 106.254639767000072, 72.967199506000043 ], [ 106.175629102000073, 73.09438711100006 ], [ 108.316661004000025, 73.221584377000056 ], [ 108.197520379000025, 73.279038804000038 ], [ 109.43490644600007, 73.426703192000048 ], [ 109.193614129000025, 73.551662502000056 ], [ 109.713877800000034, 73.45258209800005 ], [ 110.931968214861172, 73.687905585574299 ], [ 111.12296430915552, 73.620364488130576 ], [ 110.157648554437174, 73.39495189131668 ], [ 110.901272413590959, 73.050476793369285 ], [ 110.608783807326802, 72.785841783571414 ], [ 111.295356887310447, 72.503326728046034 ], [ 111.056715122904563, 72.380595200707887 ], [ 111.996089309074307, 72.132729194396745 ], [ 112.000016717697349, 71.407786363050207 ], [ 112.709430779906484, 71.24288686783467 ], [ 112.249407180097251, 71.00331492834124 ], [ 110.102768182005946, 70.631916409015048 ], [ 110.26317182781753, 70.427381090564836 ], [ 109.281526320083572, 70.212303778796297 ], [ 109.509005975345417, 70.033451647375614 ], [ 109.23698123629498, 69.77589630846785 ], [ 108.290579055179194, 69.856769925391689 ], [ 106.139599237314883, 69.41628001590999 ], [ 106.890044386739021, 68.859931546203882 ], [ 106.802401158186854, 67.348240872518204 ], [ 105.540152622845198, 67.023402817685849 ], [ 106.184351026678485, 66.800625719201548 ], [ 106.321913690264523, 66.478888250692194 ], [ 106.103322381922339, 66.378325913809817 ], [ 106.116551547715687, 66.198646959189773 ], [ 106.471258579719631, 66.00739248337635 ], [ 106.420305616810708, 65.671443997142717 ], [ 106.958153924963597, 65.502203681254855 ], [ 105.989840935810491, 65.033188381738398 ], [ 106.220214470921064, 64.857178453322945 ], [ 105.950773553356782, 64.893920396708893 ], [ 105.722673781369849, 64.58205312794945 ], [ 106.134018182293232, 64.404389553135331 ], [ 106.604687128208354, 64.512703356274869 ], [ 107.327950473835244, 64.248585110414467 ], [ 108.161491327362796, 64.23804311799546 ], [ 108.320137973988267, 64.039037176824195 ], [ 107.55026248612478, 63.85700694381535 ], [ 106.709900344125515, 63.986611437367912 ], [ 106.793409457580367, 63.842382514041788 ], [ 106.509602491761541, 63.495091051510769 ], [ 106.730570916914246, 63.367476101141108 ], [ 106.12337283708672, 63.059510403482307 ], [ 106.504434848789174, 62.675037747094336 ], [ 106.796923455952708, 62.601760565897393 ], [ 106.327391391599406, 62.265812080563023 ], [ 106.446143832571749, 62.235478014498767 ], [ 106.407283155693051, 62.034766750984716 ], [ 105.902197707258324, 61.834882311569402 ], [ 105.809076775572692, 61.622388821287018 ], [ 104.788984003009261, 61.3484003774754 ], [ 105.007368605776492, 61.182183133544754 ], [ 104.614937779354989, 61.074076035980227 ], [ 104.628580357197677, 60.890004583844416 ], [ 104.463112421201231, 60.84445180880391 ], [ 104.664857211690901, 60.402773342715591 ], [ 105.47855431472982, 60.249035955744716 ], [ 105.490543247972482, 59.845236315503541 ], [ 104.79880252501647, 59.690878810908373 ], [ 104.977809686068099, 59.463760890852427 ], [ 105.225339797393701, 59.429292711489438 ], [ 105.346986119114035, 59.091690578857083 ], [ 104.798182408291439, 58.863229072563627 ], [ 104.793944940406618, 58.669287421577224 ], [ 104.458151482904555, 58.602263088970346 ], [ 103.869143508066429, 58.735174871722904 ], [ 103.901079542786647, 58.897077135201584 ], [ 103.375220167876421, 59.034123033051515 ], [ 103.324370558654323, 59.26010407244496 ], [ 102.521835564759442, 59.186051743992778 ], [ 102.405873650848264, 59.072544461257849 ], [ 102.513257277101616, 58.721428941092711 ], [ 101.117993606219898, 58.118985093986851 ], [ 101.030247023980905, 57.897603258583501 ], [ 100.812689244413036, 57.883650621478978 ], [ 100.957796665084004, 57.498299465947582 ], [ 100.748817173173961, 57.403240667922432 ], [ 100.40496219285086, 57.55028595583218 ], [ 100.04343387237526, 58.078574124396312 ], [ 99.702782831162665, 58.085705471230483 ], [ 99.42207645076752, 57.798746243144592 ], [ 98.961639438908946, 57.723298652510778 ], [ 97.934001905663365, 57.811303616268845 ], [ 97.348507928298204, 57.048016872880339 ], [ 97.619912550623667, 56.953629869322981 ], [ 97.486277296559933, 56.810537828457996 ], [ 97.775045200675436, 56.779997056818672 ], [ 97.878088007155782, 56.411234035822076 ], [ 97.568236119101584, 56.382760321731439 ], [ 97.580225051444927, 56.195123196178542 ], [ 97.125265740921179, 56.101743882973778 ], [ 96.767561477180379, 55.768999334951332 ], [ 96.918043247297987, 55.329517116721547 ], [ 96.584936964968904, 55.023205065461354 ], [ 96.713817987210291, 54.919387111725825 ], [ 96.572844679838056, 54.51837799674712 ], [ 96.064658645080385, 54.573335883544189 ], [ 95.66675011642468, 54.335417589550104 ], [ 96.657697382228378, 53.556007798720884 ], [ 94.739881625636485, 53.382736721422532 ], [ 94.585679151571526, 53.307004909948603 ], [ 94.701124302444555, 53.237629299852301 ], [ 94.512298619385717, 52.910827542057405 ], [ 94.148703241361488, 52.841736151901841 ], [ 93.667182244664843, 52.215624498471811 ], [ 92.505392694317322, 51.781439114423563 ], [ 90.849266391730566, 51.908046373541254 ], [ 90.476589160561275, 52.183400842574827 ], [ 91.396313104266312, 52.867987778812903 ], [ 91.35114790195405, 53.077484036459111 ], [ 91.841247186308578, 53.288272203499389 ], [ 91.46969363825076, 53.513891506787559 ], [ 91.32654992144171, 53.816663723052329 ], [ 91.463905877654099, 54.056545721807595 ], [ 91.159014926997258, 54.487888901951237 ], [ 90.854950800439042, 54.626743475830722 ], [ 90.915308872406513, 54.791074531164668 ], [ 90.458282505233399, 54.870759588783983 ], [ 90.195869581715783, 55.151414293235007 ], [ 89.20078820171409, 54.990390529799072 ], [ 88.608773519881993, 55.445589632855217 ], [ 89.449041782552172, 55.861965237006075 ], [ 89.056610956130669, 56.301679999232533 ], [ 88.502742954223947, 56.589982815354631 ], [ 88.7407646019048, 56.713541164992762 ], [ 88.623975864794261, 56.83296540043284 ], [ 88.722367792239766, 57.086386624243289 ], [ 88.526204054973107, 57.122095037955603 ], [ 89.147354771005837, 57.614209703015376 ], [ 89.38041548128939, 57.637154038927747 ], [ 89.377418246854575, 57.916878567391961 ], [ 88.130465935754273, 58.114024155690231 ], [ 87.918179151946276, 58.499943752901856 ], [ 88.391845331396894, 58.914466254514025 ], [ 88.826547479382612, 59.024459539775933 ], [ 88.621495396095611, 59.293021959096109 ], [ 87.910634393062765, 59.268139756844278 ], [ 87.084121535380518, 59.88275340434609 ], [ 84.531305780237517, 59.974995835989034 ], [ 84.783590121586826, 60.370527248733538 ], [ 84.259591098650219, 60.855510566059763 ], [ 85.968220655958476, 61.474645901387191 ], [ 84.689745721287977, 61.80997426999653 ], [ 84.435704379853235, 62.177962145536583 ], [ 85.518325637418172, 62.93256724758038 ], [ 85.469439732057936, 63.14919485116144 ], [ 85.672114699433791, 63.359750475104306 ], [ 85.031843703324228, 63.586351630323463 ], [ 85.963466425035449, 64.065702215784597 ], [ 85.855669386732757, 64.763437404912281 ], [ 84.292147250994788, 64.902653713997665 ], [ 84.312817823783519, 65.098455716058425 ], [ 84.583912387746466, 65.291208807740247 ], [ 84.498336215843665, 65.50380564991076 ], [ 84.030974562725874, 65.793038642019667 ], [ 83.518137648033985, 65.822494208041235 ], [ 83.292828404007594, 66.06599355705697 ], [ 83.53539757703652, 66.192600817074037 ], [ 83.090980258931779, 66.459173692311992 ], [ 83.088913202282413, 66.609732977694762 ], [ 83.296549107055625, 66.673243312828617 ], [ 83.161880324217577, 66.817989000092268 ], [ 82.117292922130616, 67.243802802057644 ], [ 82.357898391297681, 67.330851752306501 ], [ 82.251341587344371, 67.419244289692188 ], [ 82.389007602818594, 67.534198513250772 ], [ 81.72558556522165, 67.923812975088708 ], [ 82.364616326981889, 67.945878810958334 ], [ 82.394588657840245, 68.176614081274806 ], [ 82.702683546708272, 68.298002021476066 ], [ 82.679325798746561, 68.49178864193226 ], [ 82.46889936691224, 68.576641344322525 ], [ 83.038787062572851, 68.667333483253628 ], [ 82.55158165896637, 68.826910304966589 ], [ 82.328959589213639, 69.046483466139023 ], [ 82.45308637873336, 69.161876940168611 ], [ 81.841030715195302, 69.196396796375041 ], [ 81.929397414159325, 69.349307359247177 ], [ 81.684967889156724, 69.446510729186798 ], [ 81.571073032794175, 69.27329132783251 ], [ 80.966872185602824, 69.209109199130182 ], [ 79.86461388492279, 69.348583888835378 ], [ 79.491096633003167, 69.654456692322469 ], [ 79.011952753117043, 69.70339427452609 ], [ 79.130395134827552, 69.738792629875945 ], [ 78.87986779176515, 69.879662584460675 ], [ 79.333483514252748, 70.147604886156557 ], [ 80.180873651197999, 70.434305731824054 ], [ 80.747143995698821, 70.394049790965028 ], [ 80.609581333012102, 70.50109752133352 ], [ 80.757479283442137, 70.655584215339218 ], [ 80.592838168846356, 70.722246812740195 ], [ 80.68585574684522, 70.801208400846974 ], [ 80.537647739851252, 71.059358018957369 ], [ 79.143210891269575, 71.415227770045533 ], [ 79.371000603994617, 71.612373359243122 ], [ 80.102325474241184, 71.664566554702731 ], [ 80.036386346352742, 71.830757962010296 ], [ 80.339106886673449, 71.88979828616192 ], [ 78.914180943295889, 72.116218574227787 ], [ 78.502764071404727, 72.381906521968403 ] ] ], [ [ [ 86.892344597000033, 73.69672272300005 ], [ 86.783946160000028, 73.608221747000073 ], [ 86.398936394000032, 73.59438711100006 ], [ 86.509613477000073, 73.641831773000035 ], [ 86.892344597000033, 73.69672272300005 ] ] ], [ [ [ 96.74773196700005, 76.030991929000038 ], [ 97.334808790000068, 76.108710028000075 ], [ 96.69857832100007, 75.995794989000046 ], [ 96.74773196700005, 76.030991929000038 ] ] ], [ [ [ 95.101573113000029, 76.225409247000073 ], [ 95.197276238000029, 76.164007880000042 ], [ 95.006032748000052, 76.177679755000042 ], [ 95.101573113000029, 76.225409247000073 ] ] ], [ [ [ 94.999196811000047, 76.273260809000078 ], [ 94.84888756600003, 76.186102606000077 ], [ 94.410166863000029, 76.212388414000031 ], [ 94.77865644600007, 76.210923570000034 ], [ 94.999196811000047, 76.273260809000078 ] ] ], [ [ [ 96.383311394000032, 76.335272528000075 ], [ 96.724619988000029, 76.346380927000041 ], [ 96.76693769600007, 76.335272528000075 ], [ 96.383311394000032, 76.335272528000075 ] ] ], [ [ [ 96.787364129000082, 76.212388414000031 ], [ 97.041270379000082, 76.239081122000073 ], [ 96.760915561000047, 76.17641836100006 ], [ 96.715993686000047, 76.208685614000046 ], [ 96.854014519000032, 76.355658270000049 ], [ 97.07545006600003, 76.308010158000059 ], [ 96.859548373000052, 76.272162177000041 ], [ 96.787364129000082, 76.212388414000031 ] ] ], [ [ [ 93.944102410000028, 76.616441148000035 ], [ 94.362315300000034, 76.574896552000041 ], [ 93.868337436000047, 76.588568427000041 ], [ 93.944102410000028, 76.616441148000035 ] ] ], [ [ [ 95.122080925000034, 76.718898830000057 ], [ 95.32748457100007, 76.664252020000049 ], [ 94.81763756600003, 76.653998114000046 ], [ 95.122080925000034, 76.718898830000057 ] ] ], [ [ [ 110.877730878377292, 73.76785161745812 ], [ 109.737478061000047, 73.661688544000071 ], [ 109.52702884200005, 73.796087958000044 ], [ 110.021494988000029, 74.014471747000073 ], [ 110.958994988000029, 73.908636786000045 ], [ 111.159027540000068, 74.037339585000041 ], [ 111.582204623000052, 74.02570221600007 ], [ 110.877730878377292, 73.76785161745812 ] ] ], [ [ [ 93.920874367000067, 78.157024306000039 ], [ 93.629079623000052, 78.157049872000073 ], [ 93.592913510000074, 78.17239763200007 ], [ 93.920874367000067, 78.157024306000039 ] ] ], [ [ [ 92.213389519000032, 79.139553127000056 ], [ 92.724375847000033, 79.076849677000041 ], [ 92.175629102000073, 79.130845445000034 ], [ 92.213389519000032, 79.139553127000056 ] ] ], [ [ [ 92.990570509000065, 79.419501044000071 ], [ 92.791840040000068, 79.383246161000045 ], [ 92.58725019600007, 79.415106512000079 ], [ 92.791270379000082, 79.440008856000077 ], [ 92.990570509000065, 79.419501044000071 ] ] ], [ [ [ 91.784678582000083, 79.419501044000071 ], [ 92.470550977000073, 79.432562567000048 ], [ 92.24382571700005, 79.382310289000031 ], [ 91.784678582000083, 79.419501044000071 ] ] ], [ [ [ 91.14421634200005, 79.537339585000041 ], [ 91.531260613000029, 79.449286200000074 ], [ 90.793793165000068, 79.563544012000079 ], [ 91.14421634200005, 79.537339585000041 ] ] ], [ [ [ 99.982920769000032, 79.69790273600006 ], [ 100.30982506600003, 79.665961005000042 ], [ 99.905772332000026, 79.60382721600007 ], [ 99.982920769000032, 79.69790273600006 ] ] ], [ [ [ 94.327647332000026, 80.028998114000046 ], [ 94.154144727000073, 79.983343817000048 ], [ 93.929860873000052, 79.974432684000078 ], [ 93.984385613000029, 80.015366929000038 ], [ 94.327647332000026, 80.028998114000046 ] ] ], [ [ [ 79.562998894000032, 72.768255927000041 ], [ 79.395274285000085, 72.704046942000048 ], [ 78.584646030000044, 72.841864325000074 ], [ 79.17310631600003, 73.101385809000078 ], [ 79.541351759000065, 72.925523179000038 ], [ 79.562998894000032, 72.768255927000041 ] ] ], [ [ [ 84.418304884000065, 74.039984442000048 ], [ 84.418304884000065, 73.970445054000038 ], [ 83.884532097000033, 74.018866278000075 ], [ 84.418304884000065, 74.039984442000048 ] ] ], [ [ [ 83.180023634000065, 74.155178127000056 ], [ 83.620127800000034, 74.090887762000079 ], [ 82.814463738000029, 74.093980210000041 ], [ 83.180023634000065, 74.155178127000056 ] ] ], [ [ [ 82.398692254000082, 74.152899481000077 ], [ 82.740000847000033, 74.101385809000078 ], [ 82.317556186000047, 74.116848049000055 ], [ 82.398692254000082, 74.152899481000077 ] ] ], [ [ [ 84.870860222000033, 74.505560614000046 ], [ 84.541840040000068, 74.457098700000074 ], [ 84.732758009000065, 74.395697333000044 ], [ 84.386566602000073, 74.45766836100006 ], [ 84.870860222000033, 74.505560614000046 ] ] ], [ [ [ 85.237478061000047, 74.575262762000079 ], [ 85.630707227000073, 74.511297919000071 ], [ 85.14812259200005, 74.537176825000074 ], [ 85.237478061000047, 74.575262762000079 ] ] ], [ [ [ 85.802989129000082, 74.574408270000049 ], [ 86.207204623000052, 74.51235586100006 ], [ 85.658457879000082, 74.471380927000041 ], [ 85.802989129000082, 74.574408270000049 ] ] ], [ [ [ 79.614105665000068, 74.601752020000049 ], [ 79.490000847000033, 74.516913153000075 ], [ 79.148692254000082, 74.607896226000037 ], [ 79.244313998000052, 74.658636786000045 ], [ 79.614105665000068, 74.601752020000049 ] ] ], [ [ [ 85.706228061000047, 74.731431382000039 ], [ 85.096690300000034, 74.755601304000038 ], [ 85.495860222000033, 74.813869533000059 ], [ 85.706228061000047, 74.731431382000039 ] ] ], [ [ [ 86.213389519000032, 74.903387762000079 ], [ 87.138845248000052, 74.936916408000059 ], [ 86.68685957100007, 74.89594147300005 ], [ 86.91960696700005, 74.819810289000031 ], [ 86.213389519000032, 74.903387762000079 ] ] ], [ [ [ 82.082530144000032, 75.158026434000078 ], [ 82.150401238000029, 75.09516022300005 ], [ 82.02670332100007, 75.128729559000078 ], [ 82.082530144000032, 75.158026434000078 ] ] ], [ [ [ 82.23959394600007, 75.375677802000041 ], [ 82.041188998000052, 75.337836005000042 ], [ 82.01303144600007, 75.177150783000059 ], [ 81.492442254000082, 75.362046617000033 ], [ 82.170746290000068, 75.519720770000049 ], [ 82.01303144600007, 75.444037177000041 ], [ 82.23959394600007, 75.375677802000041 ] ] ], [ [ [ 81.627614780000044, 75.936753648000035 ], [ 82.25904381600003, 75.875962632000039 ], [ 81.553884311000047, 75.930609442000048 ], [ 81.627614780000044, 75.936753648000035 ] ] ], [ [ [ 83.279470248000052, 75.956284898000035 ], [ 82.862315300000034, 75.917181708000044 ], [ 82.25904381600003, 75.972235419000071 ], [ 82.65748131600003, 75.998846747000073 ], [ 83.279470248000052, 75.956284898000035 ] ] ], [ [ [ 96.644053582000026, 76.26703522300005 ], [ 96.595550977000073, 76.157171942000048 ], [ 96.446787957000026, 76.271633205000057 ], [ 96.246104363000029, 76.204982815000051 ], [ 96.344737175000034, 76.105047919000071 ], [ 95.266123894000032, 76.218573309000078 ], [ 95.349945509000065, 76.288763739000046 ], [ 95.570160352000073, 76.238185940000051 ], [ 95.812266472000033, 76.302923895000049 ], [ 96.644053582000026, 76.26703522300005 ] ] ], [ [ [ 113.446625196000014, 76.36945221600007 ], [ 113.137543165000011, 76.36945221600007 ], [ 113.117686394000089, 76.376898505000042 ], [ 113.446625196000014, 76.36945221600007 ] ] ], [ [ [ 111.958832227000073, 76.60219961100006 ], [ 112.367198113000086, 76.658148505000042 ], [ 112.71412194100003, 76.520453192000048 ], [ 112.567881707000083, 76.443508205000057 ], [ 111.958832227000073, 76.60219961100006 ] ] ], [ [ [ 96.47201582100007, 76.691595770000049 ], [ 96.313487175000034, 76.622544664000031 ], [ 95.88990319100003, 76.616441148000035 ], [ 96.232432488000029, 76.712062893000052 ], [ 96.47201582100007, 76.691595770000049 ] ] ], [ [ [ 95.417002800000034, 76.705267645000049 ], [ 95.834727410000028, 76.691595770000049 ], [ 95.52865644600007, 76.64874909100007 ], [ 95.417002800000034, 76.705267645000049 ] ] ], [ [ [ 97.446299675000034, 76.714748440000051 ], [ 97.596202019000032, 76.60219961100006 ], [ 97.288259311000047, 76.691595770000049 ], [ 97.446299675000034, 76.714748440000051 ] ] ], [ [ [ 96.527354363000029, 77.205511786000045 ], [ 96.235036655000044, 76.990464585000041 ], [ 95.231944207000026, 77.006293036000045 ], [ 95.420664910000028, 77.055487372000073 ], [ 96.527354363000029, 77.205511786000045 ] ] ], [ [ [ 105.861827019000032, 77.254868882000039 ], [ 105.902679884000065, 77.304022528000075 ], [ 106.011485222000033, 77.28742096600007 ], [ 105.861827019000032, 77.254868882000039 ] ] ], [ [ [ 89.30437259200005, 77.307928778000075 ], [ 89.817020347000039, 77.210589664000054 ], [ 89.134613477000073, 77.217718817000048 ], [ 89.30437259200005, 77.307928778000075 ] ] ], [ [ [ 106.333018425000034, 77.321600653000075 ], [ 106.408457879000025, 77.331000067000048 ], [ 106.456553582000026, 77.321600653000075 ], [ 106.333018425000034, 77.321600653000075 ] ] ], [ [ [ 107.395355665000068, 77.360256252000056 ], [ 107.721690300000034, 77.269720770000049 ], [ 107.204844597000033, 77.234320380000042 ], [ 107.457041863000029, 77.280585028000075 ], [ 107.279551629000025, 77.301703192000048 ], [ 107.395355665000068, 77.360256252000056 ] ] ], [ [ [ 106.943125847000033, 77.458726304000038 ], [ 106.700938347000033, 77.383612372000073 ], [ 106.52475019600007, 77.390448309000078 ], [ 106.730316602000073, 77.470445054000038 ], [ 106.943125847000033, 77.458726304000038 ] ] ], [ [ [ 107.704112175000034, 78.137152411000045 ], [ 107.451019727000073, 78.053168036000045 ], [ 106.395030144000032, 78.130926825000074 ], [ 107.337901238000029, 78.190741278000075 ], [ 107.704112175000034, 78.137152411000045 ] ] ], [ [ [ 106.765635613000029, 78.308498440000051 ], [ 106.193858269000032, 78.193060614000046 ], [ 105.990977410000028, 78.219142971000053 ], [ 106.765635613000029, 78.308498440000051 ] ] ], [ [ [ 105.415537957000026, 78.58344147300005 ], [ 104.787364129000082, 78.336371161000045 ], [ 101.209808790000068, 78.193508205000057 ], [ 99.871267123000052, 77.952215887000079 ], [ 99.268321160000028, 78.041571356000077 ], [ 100.049652540000068, 78.34320709800005 ], [ 100.385264519000032, 78.751613674000055 ], [ 101.166351759000065, 78.760972398000035 ], [ 100.823741082000026, 78.808783270000049 ], [ 100.907237175000034, 78.985093492000033 ], [ 101.070078972000033, 79.034654039000031 ], [ 101.591644727000073, 78.976996161000045 ], [ 101.625661655000044, 78.986883856000077 ], [ 100.988129102000073, 79.062648830000057 ], [ 101.194183790000068, 79.202866929000038 ], [ 101.817556186000047, 79.371039130000042 ], [ 102.246267123000052, 79.24164459800005 ], [ 102.139659050000034, 79.356838283000059 ], [ 102.302907748000052, 79.432806708000044 ], [ 103.153168165000068, 79.309637762000079 ], [ 102.82545006600003, 79.227118231000077 ], [ 102.379161004000082, 78.822455145000049 ], [ 103.62427819100003, 79.171210028000075 ], [ 104.455332879000082, 78.966742255000042 ], [ 104.524912957000026, 78.88507721600007 ], [ 104.366709832000026, 78.857123114000046 ], [ 104.578868035000028, 78.775213934000078 ], [ 105.17505944100003, 78.809271552000041 ], [ 105.415537957000026, 78.58344147300005 ] ] ], [ [ [ 77.613617384000065, 79.521918036000045 ], [ 76.696055535000085, 79.477606512000079 ], [ 76.620616082000083, 79.548570054000038 ], [ 76.174327019000032, 79.569077867000033 ], [ 76.051442905000044, 79.648504950000074 ], [ 77.613617384000065, 79.521918036000045 ] ] ], [ [ [ 90.86654707100007, 80.062567450000074 ], [ 93.81373131600003, 79.898667710000041 ], [ 93.05209394600007, 79.715277411000045 ], [ 91.921885613000029, 79.678941148000035 ], [ 92.353282097000033, 79.734198309000078 ], [ 91.072520379000082, 79.850978908000059 ], [ 91.298594597000033, 79.919134833000044 ], [ 90.86654707100007, 80.062567450000074 ] ] ], [ [ [ 99.034922722000033, 79.295965887000079 ], [ 99.925547722000033, 78.945990302000041 ], [ 99.40560957100007, 78.822455145000049 ], [ 97.442230665000068, 78.817206122000073 ], [ 97.603037957000026, 78.843491929000038 ], [ 94.826670769000032, 79.066636460000041 ], [ 94.333994988000029, 79.248602606000077 ], [ 94.312266472000033, 79.479193427000041 ], [ 93.69695071700005, 79.459865627000056 ], [ 93.991221550000034, 79.494045315000051 ], [ 93.690196160000028, 79.54242584800005 ], [ 93.882009311000047, 79.60382721600007 ], [ 93.235850457000083, 79.438950914000031 ], [ 93.114105665000068, 79.467271226000037 ], [ 93.320160352000073, 79.501450914000031 ], [ 92.854177280000044, 79.55609772300005 ], [ 94.690114780000044, 79.816107489000046 ], [ 94.224619988000029, 79.898667710000041 ], [ 94.951996290000068, 80.104478257000039 ], [ 97.592133009000065, 80.174872137000079 ], [ 98.089610222000033, 80.056341864000046 ], [ 97.191579623000052, 79.706935940000051 ], [ 98.377207879000082, 79.877875067000048 ], [ 98.556976759000065, 80.058539130000042 ], [ 100.022471550000034, 79.823553778000075 ], [ 99.817067905000044, 79.74164459800005 ], [ 99.666677280000044, 79.312241929000038 ], [ 99.034922722000033, 79.295965887000079 ] ] ], [ [ [ 79.210703972000033, 80.961330471000053 ], [ 80.43718509200005, 80.940171617000033 ], [ 78.974619988000029, 80.842596747000073 ], [ 79.210703972000033, 80.961330471000053 ] ] ], [ [ [ 91.547211134000065, 81.153794664000031 ], [ 91.186208530000044, 81.056830145000049 ], [ 89.89389082100007, 81.173570054000038 ], [ 90.07154381600003, 81.214544989000046 ], [ 91.547211134000065, 81.153794664000031 ] ] ], [ [ [ 97.747080925000034, 80.741603908000059 ], [ 97.972911004000082, 80.721136786000045 ], [ 97.130625847000033, 80.665838934000078 ], [ 97.02076256600003, 80.525864976000037 ], [ 97.422862175000034, 80.326971747000073 ], [ 97.187998894000032, 80.233587958000044 ], [ 94.530039910000028, 80.131008205000057 ], [ 93.749847852000073, 79.996771552000041 ], [ 92.06576582100007, 80.172430731000077 ], [ 92.888194207000083, 80.172430731000077 ], [ 92.107432488000029, 80.289740302000041 ], [ 93.244395379000082, 80.309556382000039 ], [ 91.422129754000082, 80.309556382000039 ], [ 92.627614780000044, 80.391546942000048 ], [ 91.887705925000034, 80.46039459800005 ], [ 92.769297722000033, 80.516750393000052 ], [ 93.270274285000028, 80.797105210000041 ], [ 92.497243686000047, 80.77570221600007 ], [ 93.162608269000032, 80.946966864000046 ], [ 93.052744988000029, 80.995428778000075 ], [ 95.547211134000065, 81.220770575000074 ], [ 95.103526238000029, 81.271307684000078 ], [ 95.77662194100003, 81.288804429000038 ], [ 97.883555535000028, 80.769476630000042 ], [ 97.747080925000034, 80.741603908000059 ] ] ], [ [ [ 91.943614129000082, 77.643947658000059 ], [ 92.110118035000028, 77.610907294000071 ], [ 91.865977410000028, 77.628648179000038 ], [ 91.943614129000082, 77.643947658000059 ] ] ], [ [ [ 83.305108873000052, 70.805514753000068 ], [ 83.469408132000069, 70.737734944000067 ], [ 83.304760029000079, 70.644604345000062 ], [ 83.309572222000043, 70.44310013300003 ], [ 83.065270919000056, 70.36532894700008 ], [ 83.305108873000052, 70.805514753000068 ] ] ], [ [ [ 97.639008009000065, 76.773098049000055 ], [ 97.459808790000068, 76.718451239000046 ], [ 97.160736524000072, 76.753607489000046 ], [ 97.639008009000065, 76.773098049000055 ] ] ], [ [ [ 89.047127915000033, 77.140894532000061 ], [ 88.919571261000044, 76.977100910000047 ], [ 88.663875129000076, 77.080350503000034 ], [ 88.785648890000061, 77.123571913000035 ], [ 89.047127915000033, 77.140894532000061 ] ] ] ] } },
{ "type": "Feature", "properties": { "name": "Kalmyk", "type": "Respublika", "region": "Volga", "code_hasc": "RU.KL", "latitude": 46.5191, "longitude": 45.4681 }, "geometry": { "type": "Polygon", "coordinates": [ [ [ 47.496429884000065, 45.565252997000073 ], [ 47.078298373000052, 44.785101630000042 ], [ 47.003184441000087, 44.921576239000046 ], [ 46.888140135558785, 44.751867995011935 ], [ 45.705975375862863, 44.975782172009588 ], [ 45.586189406116148, 45.158303331433558 ], [ 44.20715213366401, 45.610007026003416 ], [ 43.877559848807948, 45.945490424243644 ], [ 42.915551385088349, 46.241415514514358 ], [ 42.51660932765833, 45.989699612147376 ], [ 42.17740522637007, 46.099098619105973 ], [ 42.104851514685606, 45.92789459935625 ], [ 41.712627393839114, 45.996004137580883 ], [ 41.647101678000013, 46.16707896612138 ], [ 42.206344027554792, 46.317018133879742 ], [ 42.0342615086617, 46.543257554792319 ], [ 42.168516880349728, 46.578707586985502 ], [ 42.928367139731677, 46.435615546120516 ], [ 43.355627883420084, 46.172349961881196 ], [ 43.619384393175153, 46.197283840976468 ], [ 43.772966749615762, 46.407916979285119 ], [ 43.960758904799604, 46.336138413956633 ], [ 43.817098423153709, 46.58873281546704 ], [ 44.262445917245259, 46.900134996233078 ], [ 44.332725864007386, 47.480719713044323 ], [ 44.126330193583556, 47.544643460227462 ], [ 43.802318962849824, 47.282540595072362 ], [ 43.636334262915852, 47.575726834225975 ], [ 44.071553175738472, 47.906559353431419 ], [ 44.38905317636295, 47.868267117333573 ], [ 44.46522423740862, 48.038773505093161 ], [ 44.311125116131166, 48.258191637534026 ], [ 44.568990513401445, 48.056524360510821 ], [ 44.962558221384768, 48.208685615448758 ], [ 45.71651736828187, 48.032934068552379 ], [ 45.828861931932579, 47.728198147526484 ], [ 46.297050409149051, 47.437001451555716 ], [ 46.805856560631753, 47.578181464502961 ], [ 46.515641716591915, 47.392611396498751 ], [ 47.213480259406424, 46.742315171907649 ], [ 46.938664992395445, 46.571266180889495 ], [ 46.954064569424304, 46.434065253408676 ], [ 46.49300743994138, 46.285702215884555 ], [ 46.869625279083323, 46.239296780122288 ], [ 46.840169712162435, 46.075534166468572 ], [ 47.173792759328364, 46.10483470285925 ], [ 46.888952263835904, 45.578277695958889 ], [ 47.364582147148326, 45.685428779114829 ], [ 47.496429884000065, 45.565252997000073 ] ] ] } },
{ "type": "Feature", "properties": { "name": "Kamchatka", "type": "Oblast", "region": "Far Eastern", "code_hasc": "RU.KQ", "latitude": 56.5325, "longitude": 160.187 }, "geometry": { "type": "MultiPolygon", "coordinates": [ [ [ [ 167.73406009200005, 54.762640692000048 ], [ 168.110362175000091, 54.503485419000071 ], [ 167.43913821700005, 54.866278387000079 ], [ 167.73406009200005, 54.762640692000048 ] ] ], [ [ [ 166.664398634, 54.756415106000077 ], [ 166.356455925000091, 54.839544989000046 ], [ 165.746429884, 55.297064520000049 ], [ 166.253672722000033, 55.331854559000078 ], [ 166.250254754000025, 55.152289130000042 ], [ 166.664398634, 54.756415106000077 ] ] ], [ [ [ 164.706900488000088, 58.976828187000081 ], [ 163.490018932, 58.444503218000079 ], [ 163.412854354000046, 58.535368944000084 ], [ 163.913191360000042, 58.994291270000076 ], [ 163.749282562000076, 59.018959858000073 ], [ 164.558116082000083, 59.23969147300005 ], [ 164.706900488000088, 58.976828187000081 ] ] ], [ [ [ 174.453570079595465, 61.814805667247697 ], [ 174.073008660000028, 61.841620184000078 ], [ 173.804942254000025, 61.64984772300005 ], [ 173.54460696700005, 61.749090887000079 ], [ 173.481130405000044, 61.555243231000077 ], [ 173.128428582000083, 61.396958726000037 ], [ 172.715586785000028, 61.430731512000079 ], [ 172.894541863000086, 61.277899481000077 ], [ 172.667816602000016, 61.334458726000037 ], [ 172.766774936000047, 61.262518622000073 ], [ 172.242686394000089, 61.142726955000057 ], [ 172.476084832000083, 61.055731512000079 ], [ 172.009287957000083, 61.101141669000071 ], [ 172.20085696700005, 60.975775458000044 ], [ 172.047129754000025, 60.860663153000075 ], [ 171.957774285000028, 60.953111070000034 ], [ 171.536875847000033, 60.80695221600007 ], [ 171.632578972000033, 60.744818427000041 ], [ 171.396332227000016, 60.782945054000038 ], [ 171.179453972000033, 60.55890534100007 ], [ 170.515879754000025, 60.45062897300005 ], [ 170.662119988000086, 60.332017320000034 ], [ 170.265147332000083, 59.920355536000045 ], [ 169.214366082000083, 60.628729559000078 ], [ 167.024912957000083, 60.427679755000042 ], [ 166.245127800000091, 59.830633856000077 ], [ 166.10279381600003, 59.909409898000035 ], [ 166.373301629000025, 60.49945709800005 ], [ 164.99927819100003, 60.135321356000077 ], [ 165.212087436000047, 59.991359768000052 ], [ 164.838633660000028, 59.78742096600007 ], [ 164.488536004000025, 60.111029364000046 ], [ 164.117930535000028, 59.941392320000034 ], [ 164.190440300000091, 59.854193427000041 ], [ 164.041677280000044, 59.907538153000075 ], [ 164.204844597000033, 59.99750397300005 ], [ 163.628672722000033, 60.046576239000046 ], [ 163.793793165000011, 59.991359768000052 ], [ 163.361827019000089, 59.827460028000075 ], [ 163.390147332000083, 59.631537177000041 ], [ 163.180186394000089, 59.558254299000055 ], [ 163.312510613000086, 59.287543036000045 ], [ 163.066905144000089, 59.234076239000046 ], [ 163.261868851000031, 59.080830376000051 ], [ 162.882660352000016, 59.132798570000034 ], [ 163.068549302000065, 58.968053169000086 ], [ 162.405294473000026, 58.654444867000052 ], [ 161.993228165, 58.087392175000048 ], [ 162.082041863000086, 57.882473049000055 ], [ 162.455539485000031, 57.784350824000057 ], [ 162.354502800000091, 57.688544012000079 ], [ 162.689952019000089, 57.969712632000039 ], [ 163.329510112000094, 57.708944701000064 ], [ 162.800195794000047, 57.346434455000065 ], [ 162.783500266000033, 56.763028714000086 ], [ 163.238968537, 56.733020511000063 ], [ 163.366068623000047, 56.180658663000031 ], [ 163.05120846300008, 56.005403993000073 ], [ 162.556813998000052, 56.228501695000034 ], [ 163.11605243200006, 56.500504295000042 ], [ 163.020133205000093, 56.53764086800004 ], [ 162.41404181200005, 56.383870265000041 ], [ 162.592540354, 56.268490028000087 ], [ 162.056752367000058, 56.069135218000042 ], [ 161.764131177000081, 55.554845542000066 ], [ 161.812980583000012, 55.179183574000035 ], [ 162.127609226, 54.760405265000031 ], [ 161.723806186000047, 54.509426174000055 ], [ 160.741221550000091, 54.535223700000074 ], [ 160.052989129000025, 54.175726630000042 ], [ 159.818207227000016, 53.659654039000031 ], [ 159.960459832000083, 53.496771552000041 ], [ 159.791026238000086, 53.516302802000041 ], [ 160.058604363000086, 53.097357489000046 ], [ 159.825043165000011, 53.282945054000038 ], [ 158.70866946700005, 52.891791083000044 ], [ 158.591563347000033, 53.062160549000055 ], [ 158.437836134, 53.025336005000042 ], [ 158.647146030000044, 52.899359442000048 ], [ 158.499766472000033, 52.778957424000055 ], [ 158.564707879000025, 52.647365627000056 ], [ 158.42115319100003, 52.659125067000048 ], [ 158.55787194100003, 52.313055731000077 ], [ 158.286875847000033, 51.967515367000033 ], [ 156.658235246, 50.882605568000088 ], [ 156.761545361, 51.077973901000064 ], [ 156.523610873000052, 51.311509507000039 ], [ 156.282237175000091, 52.529445705000057 ], [ 156.446625196000014, 52.511419989000046 ], [ 156.11119584000005, 52.935420328000077 ], [ 155.551177167, 55.284204852000073 ], [ 155.94654381600003, 56.621893622000073 ], [ 156.552093946000014, 57.108954169000071 ], [ 156.683848504000025, 57.048325914000031 ], [ 157.00128759100005, 57.425505311000052 ], [ 156.749034050000091, 57.729559637000079 ], [ 156.981455925000091, 57.857123114000046 ], [ 157.469899936000047, 57.803941148000035 ], [ 157.639659050000091, 58.024969794000071 ], [ 158.338226759, 57.953029690000051 ], [ 158.228770379000025, 58.038641669000071 ], [ 159.236989780000044, 58.467840887000079 ], [ 159.803477410000028, 59.096380927000041 ], [ 160.49732506600003, 59.552476304000038 ], [ 161.897214502, 60.202960662000066 ], [ 161.938555114, 60.416787772000077 ], [ 163.751039605000074, 60.883058333000065 ], [ 163.487303348000069, 61.001664093000045 ], [ 164.028819207000083, 61.346625067000048 ], [ 163.751475457000083, 61.443304755000042 ], [ 164.044815335000067, 61.68343317700004 ], [ 164.127194414000087, 62.26237935100005 ], [ 164.538312870000027, 62.451109514000052 ], [ 165.296885613000086, 62.32257721600007 ], [ 165.123782056000096, 62.450613973000031 ], [ 165.650889519000089, 62.459173895000049 ], [ 164.446918688000096, 62.689418849000049 ], [ 163.398933680000027, 62.575901669000075 ], [ 163.167730730000017, 62.43205473900008 ], [ 163.368918351000048, 62.327669530000037 ], [ 163.091486597000085, 62.226638062000063 ], [ 163.193123654000033, 62.066623191000076 ], [ 162.976734166000028, 61.799570369000037 ], [ 163.326549085000011, 61.657855754000082 ], [ 163.017283612000028, 61.516584564000084 ], [ 162.838817237000058, 61.707571198000039 ], [ 162.622666721000087, 61.659068809000075 ], [ 162.774839956000051, 61.593885395000086 ], [ 162.510458947200391, 61.658359879198308 ], [ 162.311157667792031, 61.934204413203076 ], [ 162.531816033682958, 62.092334295891021 ], [ 162.1629496598988, 62.186437080406904 ], [ 162.728599887674591, 62.290306708287915 ], [ 162.818620233037223, 62.70826569300732 ], [ 162.277361281997514, 62.916883449711406 ], [ 162.294104446163146, 63.067261867940829 ], [ 162.755781692371102, 63.184308987469763 ], [ 162.673926222617069, 63.380524399781223 ], [ 162.964864537068706, 63.498837592081202 ], [ 162.721571893627925, 63.79765656220053 ], [ 162.929104445613575, 63.945451158044477 ], [ 162.78720096315385, 64.143216864866417 ], [ 163.460854933907967, 64.385579332320276 ], [ 163.169916620355707, 64.552261664244384 ], [ 163.259006788832153, 64.717807115505934 ], [ 163.116483188748134, 64.800541083504186 ], [ 164.187838982582889, 64.934124660724478 ], [ 164.931876255584712, 64.684940903899587 ], [ 165.262708774790099, 64.850615546370364 ], [ 165.871457147329465, 64.554664619476569 ], [ 167.236955193827043, 64.623652655945307 ], [ 167.714135369851419, 64.340724189269906 ], [ 168.498686965231173, 64.317366441308195 ], [ 168.859698520869983, 64.026583157386767 ], [ 169.353518508272487, 63.946329658087222 ], [ 169.598361444425109, 63.656063137204001 ], [ 168.463753696975459, 63.078217272409177 ], [ 170.07833214661116, 62.661291816464143 ], [ 169.986141391811771, 62.545019843291129 ], [ 170.261576776446987, 62.285397446834679 ], [ 172.054748976883729, 62.466523343177698 ], [ 172.852529738956264, 62.331492825133751 ], [ 173.68762088429628, 62.534684557346395 ], [ 174.079845006042092, 62.447041327894965 ], [ 174.107336868201855, 62.078485012473323 ], [ 174.335126580926953, 62.08866526968643 ], [ 174.453570079595465, 61.814805667247697 ] ] ] ] } },
{ "type": "Feature", "properties": { "name": null, "type": null, "region": "Urals", "code_hasc": "RU.X01~", "latitude": 68.7999, "longitude": 67.2613 }, "geometry": { "type": "Polygon", "coordinates": [ [ [ 67.23560631600003, 68.820379950000074 ], [ 67.393077019000032, 68.757310289000031 ], [ 67.115814649000072, 68.79836660400008 ], [ 67.23560631600003, 68.820379950000074 ] ] ] } },
{ "type": "Feature", "properties": { "name": "Bashkortostan", "type": "Respublika", "region": "Volga", "code_hasc": "RU.BK", "latitude": 54.2086, "longitude": 56.5575 }, "geometry": { "type": "Polygon", "coordinates": [ [ [ 57.408413526962647, 56.329120185448176 ], [ 57.537191197315849, 56.100193590261938 ], [ 59.288815544801537, 56.134661770524247 ], [ 59.153629998925283, 55.80519867597809 ], [ 59.316617466223079, 55.767707425557205 ], [ 59.239722934765609, 55.58435944293393 ], [ 59.641352167368609, 55.565342516543865 ], [ 58.997360467311694, 55.24417348881542 ], [ 58.735257603055913, 55.26458568008502 ], [ 58.575474073969303, 55.143817857508111 ], [ 58.819696893396895, 55.031524969801467 ], [ 58.619502393820369, 54.949669500946698 ], [ 58.299005160559659, 55.173686835578962 ], [ 58.000832147385665, 54.916725775873829 ], [ 57.963831821581266, 55.167123927727062 ], [ 58.135397577436208, 55.215493069149773 ], [ 57.425363396703347, 55.325512192833401 ], [ 57.136905551849736, 55.092141425086652 ], [ 57.186721633196782, 54.802288316252771 ], [ 57.961144647307606, 54.392365016832059 ], [ 59.227837355209772, 54.611188870070293 ], [ 59.631533643562761, 54.911067206486337 ], [ 59.974251743223363, 54.795622057412004 ], [ 59.679489373835509, 54.498146674429449 ], [ 59.728995395920776, 54.138659573080815 ], [ 59.322198521244729, 54.181551012269381 ], [ 58.923359815702895, 53.935157783404975 ], [ 58.822797478820576, 53.21137767204192 ], [ 59.027642857431886, 53.014955553256129 ], [ 58.836026646412563, 53.000822048998316 ], [ 58.723682081862535, 52.645055649798394 ], [ 58.94103315585545, 52.299236966512751 ], [ 58.5989351738192, 52.170924384152954 ], [ 58.694949986252823, 52.058011379721393 ], [ 58.572373487646303, 51.788027858898545 ], [ 57.677957798213811, 51.868462226250699 ], [ 57.197677035866491, 51.572097887307621 ], [ 56.799355096060822, 51.75208690029018 ], [ 56.889685499785969, 51.624756170760634 ], [ 56.780131463196426, 51.592200019315385 ], [ 56.621691522146023, 52.123795477978888 ], [ 56.190916781883971, 52.172681383339125 ], [ 56.451366000640405, 52.308822944523229 ], [ 56.427904900790509, 52.595136217462425 ], [ 56.054284295184061, 52.644745592335198 ], [ 55.861324497027908, 52.373495998741305 ], [ 55.535762973582337, 52.388688870195153 ], [ 55.544961378864514, 52.593844306269716 ], [ 55.24906212791484, 52.647794500915438 ], [ 55.406675245765939, 52.837111111288721 ], [ 55.161832309613374, 52.823184313505237 ], [ 54.926601189892949, 53.219542548549725 ], [ 54.108356560606751, 53.416558946538146 ], [ 53.65990848199084, 53.746280423502697 ], [ 53.347782830812946, 54.381590481315641 ], [ 53.64275190577581, 54.899930934864699 ], [ 53.143867629087765, 55.131828925164712 ], [ 53.591385531716867, 55.211927394833367 ], [ 54.180806918604389, 55.628129381265921 ], [ 53.993841586619908, 55.84775421838242 ], [ 53.631693150318597, 55.906691188847276 ], [ 54.34575809066331, 56.252587389196606 ], [ 54.559181756033183, 56.538409735720677 ], [ 54.968355746620375, 56.320438544103524 ], [ 55.913621047073661, 56.466346951350715 ], [ 56.07330122337271, 56.28948436131418 ], [ 56.528467237672828, 56.383302924090628 ], [ 56.896506789156945, 56.100684515777743 ], [ 57.408413526962647, 56.329120185448176 ] ] ] } },
{ "type": "Feature", "properties": { "name": "Sverdlovsk", "type": "Oblast", "region": "Urals", "code_hasc": "RU.SV", "latitude": 58.8952, "longitude": 61.7078 }, "geometry": { "type": "Polygon", "coordinates": [ [ [ 57.637340122148885, 56.098824163804068 ], [ 57.317463005613206, 56.373355210874251 ], [ 57.425776808752687, 56.659125882353578 ], [ 57.218657667917, 56.85301585649654 ], [ 58.071938918246474, 57.050626532788215 ], [ 57.97530398908782, 57.540932521818377 ], [ 58.170744255942623, 57.685962429022879 ], [ 58.52317752482287, 57.576124173391861 ], [ 58.829825473766562, 57.726244208303569 ], [ 58.604619581628356, 57.99563344992373 ], [ 58.671798943866122, 58.101440945043578 ], [ 59.456040479984154, 58.492760729224244 ], [ 59.421520623777724, 58.680346177933757 ], [ 59.082729933639484, 58.769332994522074 ], [ 59.173990513351498, 59.168378403840222 ], [ 58.310890741014873, 59.468050035580632 ], [ 58.675106235764133, 59.859240628552129 ], [ 58.999530877647885, 59.931303412922148 ], [ 59.390101352995032, 60.582607326966524 ], [ 59.469476353151151, 60.941241766694134 ], [ 59.257602979593798, 61.281117662450129 ], [ 59.417799919830429, 61.42896393513746 ], [ 59.333463983176273, 61.825942287806299 ], [ 59.485392694117536, 61.993270575776421 ], [ 59.984276970805524, 61.902785143319704 ], [ 60.056623976015658, 61.721194159882543 ], [ 61.165186802129199, 61.682746894153809 ], [ 62.620085077264491, 61.210734361101856 ], [ 62.85976037044469, 61.001263942776689 ], [ 62.759714796600576, 60.859437975582068 ], [ 63.1976208836968, 60.231052558129022 ], [ 63.637697381129215, 60.122842109575686 ], [ 63.825076125163037, 59.477041734388479 ], [ 65.038232048670068, 59.326870021734067 ], [ 65.668994582034315, 58.663292955405552 ], [ 65.934508090975612, 58.614355374101194 ], [ 66.197024367280676, 58.040281887399146 ], [ 64.839277785241563, 57.640719713244152 ], [ 65.002265253438679, 57.592970690345055 ], [ 64.829252556760082, 57.304719550167079 ], [ 65.231605258875561, 56.86826040299519 ], [ 64.327991164160892, 56.749430446757685 ], [ 64.20283084496748, 56.473710843080937 ], [ 63.408460727580461, 56.624140937254424 ], [ 63.356680943270874, 56.514586899765561 ], [ 62.542157017032707, 56.577735501492157 ], [ 62.074898715803045, 56.287882391758956 ], [ 62.071798130379364, 56.133524888962427 ], [ 61.150097284362175, 56.375784002729517 ], [ 61.072375929705345, 56.199412340007484 ], [ 59.209233839969727, 56.353666490016451 ], [ 58.925220167676571, 56.061229559696415 ], [ 57.637340122148885, 56.098824163804068 ] ] ] } },
{ "type": "Feature", "properties": { "name": "Khanty-Mansiy", "type": "Avtonomnyy Okrug", "region": "Urals", "code_hasc": "RU.KM", "latitude": 61.4315, "longitude": 71.3806 }, "geometry": { "type": "Polygon", "coordinates": [ [ [ 59.984276970805524, 61.902785143319704 ], [ 59.404053990099555, 62.108043932181715 ], [ 59.643729282380434, 62.510267442188649 ], [ 59.398679640652858, 62.718032538171087 ], [ 59.476711052772828, 62.906754869341739 ], [ 59.223186476174931, 63.07191274697567 ], [ 59.572932569882141, 63.927157701166948 ], [ 59.856429478237828, 64.131331285310523 ], [ 59.588435499698505, 64.232642931026419 ], [ 59.606108839851061, 64.454153958538313 ], [ 59.482292107794535, 64.486916816457892 ], [ 59.704087355247225, 64.667680975796372 ], [ 59.650860630113982, 64.777855130010209 ], [ 60.147367791790145, 65.064788520573757 ], [ 60.645218539703819, 64.891233222435233 ], [ 62.018468051559296, 65.717125963392448 ], [ 62.481282180228391, 65.349293118382661 ], [ 62.816662224781794, 65.291570542946147 ], [ 62.67765262217074, 64.891233222435233 ], [ 62.806430291624622, 64.735170397295974 ], [ 62.53564578602419, 64.554767971364754 ], [ 63.236998325412344, 64.523555406157016 ], [ 63.463134392638096, 64.455187486413365 ], [ 63.487939081423463, 64.288530992011658 ], [ 65.399657017257482, 64.571356105899554 ], [ 66.681645949401002, 64.557455146537734 ], [ 66.936307407560776, 64.487046006767741 ], [ 66.818691848150252, 64.225614936080433 ], [ 67.798890415060555, 64.031647447571629 ], [ 68.425002069389961, 64.295972399006985 ], [ 68.882131789350581, 64.222643540966601 ], [ 68.990445590691422, 64.329613756069932 ], [ 68.85918745343821, 64.435705471130575 ], [ 69.014836867427448, 64.471827297791549 ], [ 70.30685102715313, 64.343566393174456 ], [ 70.768941685410425, 64.19354971015099 ], [ 70.558618604564913, 64.000486559207332 ], [ 70.913842401405645, 63.692391669439985 ], [ 71.551012811192265, 63.589968981483253 ], [ 71.60796024027286, 63.185239163456572 ], [ 73.103786248936217, 63.436257432934156 ], [ 73.368059522628812, 63.206943264120298 ], [ 74.507421502800071, 63.043232327310022 ], [ 76.688373650623419, 63.039408271474542 ], [ 78.014700961879839, 62.461459052093574 ], [ 79.820068801134255, 62.603724269759198 ], [ 79.914740024632408, 62.792033189779829 ], [ 80.584156529300344, 63.082558092182182 ], [ 81.114976840708607, 63.115527656576035 ], [ 81.339355909647452, 62.825777900529658 ], [ 81.783979934226522, 62.688447780940294 ], [ 82.164938592242208, 62.80944814751399 ], [ 82.749295688944869, 62.75389598331293 ], [ 83.282906529212937, 62.460528876106707 ], [ 83.798223910804779, 62.560264390689042 ], [ 84.24284793538385, 62.372575589192081 ], [ 84.689745721287977, 61.80997426999653 ], [ 85.973905063767631, 61.50833893529358 ], [ 84.259591098650219, 60.855510566059763 ], [ 83.144206984065022, 61.028213203476525 ], [ 82.165352004291549, 60.526280016409601 ], [ 80.723476190273914, 60.796625271539028 ], [ 79.373687779167653, 60.662292385485159 ], [ 79.185172153572012, 60.837578844388133 ], [ 77.104782341731664, 60.852461656580147 ], [ 76.970940382992239, 60.710351468545412 ], [ 77.046594680100384, 60.558991197485739 ], [ 76.752659133012571, 60.377451890892019 ], [ 76.847950474135018, 60.266140856015681 ], [ 76.693954705645126, 60.112610175519137 ], [ 76.645482212334173, 59.585097154210246 ], [ 75.895140414798277, 59.426398830741391 ], [ 75.628386672406975, 59.237779853257621 ], [ 75.641615839099643, 58.982394924685991 ], [ 75.159474724778704, 58.650218818343774 ], [ 73.032059361350434, 58.863125718876802 ], [ 72.926122674122098, 59.143961290481116 ], [ 72.523769972905882, 59.155045885259369 ], [ 72.015997349298175, 59.559310615292645 ], [ 71.187520785955485, 59.908850003424902 ], [ 70.398525018015164, 59.817486070026064 ], [ 69.3060852402416, 59.988896796250117 ], [ 69.071370883559382, 59.897403673440749 ], [ 69.295233188560758, 59.782888699453906 ], [ 68.571349725309517, 59.574245104328099 ], [ 68.35813276641403, 59.282919217148105 ], [ 66.779004348072192, 58.932010403457298 ], [ 66.77259646985118, 58.682516588269891 ], [ 66.380165643429677, 58.589085598221743 ], [ 65.668994582034315, 58.663292955405552 ], [ 65.019421827855069, 59.333484606429408 ], [ 63.841405878178705, 59.463140774127396 ], [ 63.637697381129215, 60.122842109575686 ], [ 63.1976208836968, 60.231052558129022 ], [ 62.759714796600576, 60.859437975582068 ], [ 62.85976037044469, 61.001263942776689 ], [ 62.620085077264491, 61.210734361101856 ], [ 61.165186802129199, 61.682746894153809 ], [ 60.056623976015658, 61.721194159882543 ], [ 59.984276970805524, 61.902785143319704 ] ] ] } },
{ "type": "Feature", "properties": { "name": "Lipetsk", "type": "Oblast", "region": "Central", "code_hasc": "RU.LP", "latitude": 52.7462, "longitude": 39.2073 }, "geometry": { "type": "Polygon", "coordinates": [ [ [ 40.160164015356997, 53.342170722201047 ], [ 39.951597934596975, 52.658853258171291 ], [ 40.69232791480141, 52.280530096686562 ], [ 40.503812290105088, 51.953521634216031 ], [ 39.738070917338916, 51.924479479344484 ], [ 39.26523156108766, 52.105011094686233 ], [ 37.779017367957124, 51.951971341504191 ], [ 37.777570428032789, 52.161493434874103 ], [ 38.038433057939244, 52.344505519813879 ], [ 37.711838005719358, 52.613016262290671 ], [ 37.905107863137346, 53.068905747901908 ], [ 38.594574822969662, 53.048545234375013 ], [ 38.477269321022334, 53.310027981006499 ], [ 38.886443311609526, 53.565412910477392 ], [ 39.181619093945983, 53.385733954058708 ], [ 39.727322219344899, 53.59238800690099 ], [ 40.160164015356997, 53.342170722201047 ] ] ] } },
{ "type": "Feature", "properties": { "name": "Tambov", "type": "Oblast", "region": "Central", "code_hasc": "RU.TB", "latitude": 52.7808, "longitude": 41.5945 }, "geometry": { "type": "Polygon", "coordinates": [ [ [ 39.953148228208136, 52.654357407868076 ], [ 40.115928989031602, 53.297987371819715 ], [ 40.38919396333074, 53.345374661311553 ], [ 40.423403762073917, 53.493608506727185 ], [ 41.166924269339518, 53.431415921207758 ], [ 41.400088332410576, 53.783177394720951 ], [ 42.134410435293319, 53.812167874547754 ], [ 42.10071740138693, 53.528257555042103 ], [ 43.237908970322678, 52.65611440705419 ], [ 42.751530389016239, 52.173766588057561 ], [ 42.805997349398126, 52.012226061583476 ], [ 42.489220819185448, 51.607702949131749 ], [ 41.500443962818622, 51.800946967228754 ], [ 41.066051874094683, 51.710177313931865 ], [ 40.88756147608126, 51.746557522111914 ], [ 40.937687615790821, 51.89024384217953 ], [ 40.503812290105088, 51.953521634216031 ], [ 40.683956332718537, 52.289056708400324 ], [ 39.953148228208136, 52.654357407868076 ] ] ] } },
{ "type": "Feature", "properties": { "name": "Tomsk", "type": "Oblast", "region": "Siberian", "code_hasc": "RU.TO", "latitude": 58.4467, "longitude": 82.2299 }, "geometry": { "type": "Polygon", "coordinates": [ [ [ 83.144206984065022, 61.028213203476525 ], [ 84.259591098650219, 60.855510566059763 ], [ 84.708349237427342, 60.458945624540888 ], [ 84.78421024011044, 60.36267243148751 ], [ 84.529445428263841, 59.979750067811324 ], [ 84.691916131624112, 59.904819241115035 ], [ 87.084121535380518, 59.88275340434609 ], [ 87.910634393062765, 59.268139756844278 ], [ 88.621495396095611, 59.293021959096109 ], [ 88.826547479382612, 59.024459539775933 ], [ 88.391845331396894, 58.914466254514025 ], [ 87.932235141838305, 58.526143703868797 ], [ 88.018121372103622, 58.242646796412487 ], [ 88.15568403479034, 58.106531074549423 ], [ 89.338867629237654, 57.947936102968754 ], [ 89.38041548128939, 57.637154038927747 ], [ 89.147354771005837, 57.614209703015376 ], [ 88.531268345157969, 57.127882799451584 ], [ 88.725261672088436, 57.075276191043372 ], [ 88.543877395125662, 56.783924466341034 ], [ 87.787851189780554, 56.54641958349697 ], [ 86.217404412783367, 56.624192613198488 ], [ 85.569381952215281, 56.299587104161503 ], [ 85.687927687612671, 56.238841458566412 ], [ 83.969686313872273, 56.014669094303258 ], [ 83.644951612726686, 55.701199855988534 ], [ 83.302130161177956, 55.682157091176805 ], [ 83.407343377994437, 55.900619208309763 ], [ 83.069689569418074, 56.233932197113177 ], [ 83.255724725415689, 56.439397691550198 ], [ 83.085089146446933, 56.552724107131837 ], [ 81.557430454052167, 56.258271796106499 ], [ 81.122314894916428, 56.532621975124016 ], [ 80.248569777373291, 56.454719754213272 ], [ 79.589798617911867, 56.92856679991786 ], [ 78.444338819680752, 57.161317450939578 ], [ 76.108667433854976, 57.250252591583831 ], [ 75.591696404965091, 57.650951647300644 ], [ 75.557383254333672, 57.931399645277395 ], [ 75.080409783884363, 58.118726712467776 ], [ 75.221899855194124, 58.222079576411318 ], [ 75.069144321952876, 58.342899074932348 ], [ 75.304272088885739, 58.451057848440939 ], [ 75.10521447087109, 58.581024075400705 ], [ 75.671898228320572, 59.015622871498294 ], [ 75.628386672406975, 59.237779853257621 ], [ 76.17171268099537, 59.542774155802647 ], [ 76.645482212334173, 59.585097154210246 ], [ 76.693954705645126, 60.112610175519137 ], [ 76.847950474135018, 60.266140856015681 ], [ 76.752659133012571, 60.377451890892019 ], [ 77.046594680100384, 60.558991197485739 ], [ 76.970940382992239, 60.710351468545412 ], [ 77.104782341731664, 60.852461656580147 ], [ 79.185172153572012, 60.837578844388133 ], [ 79.373687779167653, 60.662292385485159 ], [ 80.723476190273914, 60.796625271539028 ], [ 82.165352004291549, 60.526280016409601 ], [ 83.144206984065022, 61.028213203476525 ] ] ] } },
{ "type": "Feature", "properties": { "name": "Tatarstan", "type": "Respublika", "region": "Volga", "code_hasc": "RU.TT", "latitude": 55.374, "longitude": 50.7364 }, "geometry": { "type": "Polygon", "coordinates": [ [ [ 53.197714470946039, 55.920669664373463 ], [ 54.230933058313951, 55.692466538699762 ], [ 53.591385531716867, 55.211927394833367 ], [ 53.146761508936436, 55.146556707725836 ], [ 53.64275190577581, 54.899930934864699 ], [ 53.349333124424106, 54.391253973691903 ], [ 53.37909874880819, 53.970194404448193 ], [ 52.942432896061291, 54.204056097710691 ], [ 53.107487420008397, 54.247025051265098 ], [ 53.052710402163314, 54.337122910993514 ], [ 52.439827915425951, 54.478070379944029 ], [ 52.0784029477378, 54.342936510011896 ], [ 51.931641879768904, 54.531865545858238 ], [ 51.386042108056813, 54.676352850703495 ], [ 51.008184034565545, 54.544991359763401 ], [ 50.942761672413212, 54.34319489243029 ], [ 50.512090284938665, 54.329655667375107 ], [ 50.384242792370969, 54.485770169357806 ], [ 49.559383579288749, 54.569382636499427 ], [ 49.283948194653419, 54.885228989825976 ], [ 48.827541945104656, 54.647827459769417 ], [ 47.760940383092191, 54.735005602126819 ], [ 47.410367466185619, 54.500497951918931 ], [ 47.24190229665362, 54.677722276261989 ], [ 47.432381626111123, 54.891791896778614 ], [ 47.846929966145012, 54.815724189419768 ], [ 47.788018833202557, 54.939230862214515 ], [ 48.084641554564087, 55.150535794091581 ], [ 47.696034783978064, 55.323135077821576 ], [ 49.050887486168506, 56.20680207015937 ], [ 48.933065220283652, 56.261579088004453 ], [ 49.037038201851487, 56.357852281057887 ], [ 49.650644159000706, 56.530141507324686 ], [ 49.980959914268624, 56.438002428469247 ], [ 50.193350050864126, 56.657265530379902 ], [ 50.483771599579654, 56.617061266364317 ], [ 50.582886997436958, 56.358627428313127 ], [ 50.85119103433874, 56.390253403771567 ], [ 50.840442336344722, 56.240701808741449 ], [ 51.073089633679615, 56.130527656326251 ], [ 51.643287387702742, 56.147942613161035 ], [ 51.405369093708657, 55.961080633964059 ], [ 51.781780226376327, 55.887545071247985 ], [ 52.168009881051148, 55.898500474817013 ], [ 52.224750603657412, 56.08634430594492 ], [ 52.834222446608578, 56.094302476877772 ], [ 52.561991001083811, 56.259434516090039 ], [ 52.956695590628954, 56.455779121409307 ], [ 52.830191685198088, 56.520271308474094 ], [ 53.086610141644712, 56.525671495443135 ], [ 52.942742954423807, 56.372425034887442 ], [ 53.049299758377117, 56.136031196082797 ], [ 53.334863723382114, 56.085879217951515 ], [ 53.320084263078229, 56.269537258937305 ], [ 53.563997023243985, 56.181067206286514 ], [ 53.197714470946039, 55.920669664373463 ] ], [ [ 48.086501905638386, 55.011836248943723 ], [ 48.075959914118698, 54.973337307270867 ], [ 48.112960239023778, 55.006203517977951 ], [ 48.086501905638386, 55.011836248943723 ] ] ] } },
{ "type": "Feature", "properties": { "name": "Ul'yanovsk", "type": "Oblast", "region": "Volga", "code_hasc": "RU.UL", "latitude": 53.9248, "longitude": 47.3773 }, "geometry": { "type": "MultiPolygon", "coordinates": [ [ [ [ 48.079163853229204, 55.007702134745671 ], [ 48.111720004674453, 55.000829169430574 ], [ 48.028727655157127, 54.960779934146615 ], [ 48.079163853229204, 55.007702134745671 ] ] ], [ [ [ 49.283948194653419, 54.885228989825976 ], [ 49.559383579288749, 54.569382636499427 ], [ 50.205649041569984, 54.418074042283195 ], [ 50.224149204022524, 54.07380564991081 ], [ 49.974138624897591, 53.959600735185745 ], [ 50.034289992189372, 53.826327216327968 ], [ 48.466323682991572, 53.766537584242087 ], [ 48.598718702705924, 53.668326523949872 ], [ 48.326487258080476, 53.662151191524231 ], [ 48.375579868116404, 53.471180934752283 ], [ 47.945115187116187, 53.374313463395595 ], [ 48.159985793309716, 53.044514472065202 ], [ 48.590347120623107, 52.880596828780597 ], [ 47.718255650377955, 52.581958726713822 ], [ 46.830661249417119, 52.616271878244561 ], [ 46.983210077083356, 52.771275336187784 ], [ 46.905902133576603, 53.335323595307671 ], [ 46.493627556666411, 53.510894273252063 ], [ 46.199588656791036, 53.923427232580707 ], [ 45.791551547765664, 54.003887438354582 ], [ 46.73816043535578, 54.344538479567177 ], [ 46.514918247079436, 54.444480698825146 ], [ 46.441331008419297, 54.772160955763468 ], [ 47.24190229665362, 54.677722276261989 ], [ 47.410367466185619, 54.500497951918931 ], [ 47.760940383092191, 54.735005602126819 ], [ 48.827541945104656, 54.647827459769417 ], [ 49.283948194653419, 54.885228989825976 ] ] ] ] } },
{ "type": "Feature", "properties": { "name": "Penza", "type": "Oblast", "region": "Volga", "code_hasc": "RU.PZ", "latitude": 53.0562, "longitude": 44.8159 }, "geometry": { "type": "Polygon", "coordinates": [ [ [ 42.113119744880294, 53.525105291875718 ], [ 42.134410435293319, 53.812167874547754 ], [ 42.737991163960999, 53.756150621453969 ], [ 43.161324497227724, 53.830564684212789 ], [ 43.128044875370676, 53.972623196303459 ], [ 43.296716749578309, 54.015721341067035 ], [ 44.555657993021953, 53.66135020584727 ], [ 44.736422154159072, 53.704629217764136 ], [ 44.616532830725532, 53.891542873804553 ], [ 44.871194288885306, 53.967352200543587 ], [ 45.970868768079185, 54.004869290285512 ], [ 46.901768019378551, 53.340775458220776 ], [ 46.983210077083356, 52.771275336187784 ], [ 46.830661249417119, 52.616271878244561 ], [ 46.288782179853683, 52.671875719289005 ], [ 45.980583937298832, 52.40716319422603 ], [ 45.644377068646804, 52.518551744367471 ], [ 45.032838169046215, 52.320889391232413 ], [ 44.548113234138441, 52.552399807005486 ], [ 44.34667850111191, 52.316135159410067 ], [ 43.07957238116046, 52.402744859187862 ], [ 43.001437616252986, 52.503203844182053 ], [ 43.209900344225503, 52.699212550918446 ], [ 42.113119744880294, 53.525105291875718 ] ] ] } },
{ "type": "Feature", "properties": { "name": "Kemerovo", "type": "Oblast", "region": "Siberian", "code_hasc": "RU.KE", "latitude": 54.6462, "longitude": 87.1676 }, "geometry": { "type": "Polygon", "coordinates": [ [ [ 87.787851189780554, 56.54641958349697 ], [ 88.740144484280506, 56.719173895958477 ], [ 88.506360305383737, 56.620420234206392 ], [ 88.592453241224064, 56.443635159435019 ], [ 89.056610956130669, 56.301679999232533 ], [ 89.449041782552172, 55.861965237006075 ], [ 88.394325800095544, 55.273344834896193 ], [ 88.75657759008368, 54.832777411947973 ], [ 88.377996047079876, 54.388515123474122 ], [ 89.175156690628739, 54.334771634403353 ], [ 89.192623326105604, 54.149718329437349 ], [ 88.98147342296005, 54.065227363152246 ], [ 89.273755323649254, 53.849116523508712 ], [ 88.837192823689804, 53.588305569546378 ], [ 88.761228469118521, 53.365063382169353 ], [ 89.050616489958998, 53.249437364143034 ], [ 88.895070427857945, 52.987360338308918 ], [ 89.234687941195489, 52.804322414947478 ], [ 88.681853468962402, 52.25107453156437 ], [ 88.364766880387208, 52.16800466588262 ], [ 88.420680779794111, 52.453904526772476 ], [ 87.167527296947185, 52.591105455152615 ], [ 86.944078403995093, 52.855120348225455 ], [ 87.076990187647027, 53.075210273335415 ], [ 86.666575961811134, 53.249876613714719 ], [ 87.005366651949373, 53.508103746190898 ], [ 86.56880415198998, 53.53802440020587 ], [ 86.139166294189067, 53.987764390913867 ], [ 85.079386020648315, 54.469388740398017 ], [ 84.875470818923134, 55.388531603350771 ], [ 84.635072056230399, 55.408737088146097 ], [ 84.770981073417772, 55.539814358246019 ], [ 84.410382928029662, 56.044072984380705 ], [ 85.687927687612671, 56.238841458566412 ], [ 85.569381952215281, 56.299587104161503 ], [ 86.217404412783367, 56.624192613198488 ], [ 87.787851189780554, 56.54641958349697 ] ] ] } },
{ "type": "Feature", "properties": { "name": "Orel", "type": "Oblast", "region": "Central", "code_hasc": "RU.OL", "latitude": 52.8778, "longitude": 36.4166 }, "geometry": { "type": "Polygon", "coordinates": [ [ [ 37.560632765189951, 53.296230374432184 ], [ 37.874412061867133, 52.781119697515976 ], [ 37.711838005719358, 52.613016262290671 ], [ 38.038433057939244, 52.344505519813879 ], [ 37.68258914617212, 51.974708970942231 ], [ 37.353513625253584, 51.936158352425991 ], [ 36.337761671563896, 52.37034373647424 ], [ 35.652945590766365, 52.248284002704509 ], [ 35.556517368082041, 52.432097073321245 ], [ 34.834597608692661, 52.390833442109624 ], [ 35.091532830875451, 52.697972317468441 ], [ 34.796150343863246, 52.864499619761602 ], [ 35.313638136690656, 53.062187812217758 ], [ 35.108999464553619, 53.145180161735027 ], [ 35.103521763218794, 53.310777288940699 ], [ 35.355702751780541, 53.284241441189522 ], [ 35.910604281562314, 53.644038600900672 ], [ 36.807293735917142, 53.296617947160485 ], [ 37.560632765189951, 53.296230374432184 ] ] ] } },
{ "type": "Feature", "properties": { "name": "Irkutsk", "type": "Oblast", "region": "Siberian", "code_hasc": "RU.IK", "latitude": 56.8255, "longitude": 105.966 }, "geometry": { "type": "Polygon", "coordinates": [ [ [ 100.812689244413036, 57.883650621478978 ], [ 102.513257277101616, 58.721428941092711 ], [ 102.438739861555348, 59.136339016332499 ], [ 103.01059126197714, 59.31808502940055 ], [ 103.330261672038489, 59.256176662922655 ], [ 103.248612908758673, 59.17530304599876 ], [ 103.59391482990543, 58.916714179215944 ], [ 103.896325310964301, 58.900487778987781 ], [ 103.869143508066429, 58.735174871722904 ], [ 104.458151482904555, 58.602263088970346 ], [ 104.793944940406618, 58.669287421577224 ], [ 104.798182408291439, 58.863229072563627 ], [ 105.346986119114035, 59.091690578857083 ], [ 105.225339797393701, 59.429292711489438 ], [ 104.977809686068099, 59.463760890852427 ], [ 104.79880252501647, 59.690878810908373 ], [ 105.490543247972482, 59.845236315503541 ], [ 105.47855431472982, 60.249035955744716 ], [ 104.664857211690901, 60.402773342715591 ], [ 104.459701775616395, 60.838767401894074 ], [ 104.628580357197677, 60.890004583844416 ], [ 104.614937779354989, 61.074076035980227 ], [ 105.007368605776492, 61.182183133544754 ], [ 104.788984003009261, 61.3484003774754 ], [ 105.809076775572692, 61.622388821287018 ], [ 105.902197707258324, 61.834882311569402 ], [ 106.407283155693051, 62.034766750984716 ], [ 106.446143832571749, 62.235478014498767 ], [ 106.327391391599406, 62.265812080563023 ], [ 106.796923455952708, 62.601760565897393 ], [ 106.504434848789174, 62.675037747094336 ], [ 106.12337283708672, 63.059510403482307 ], [ 106.730570916914246, 63.367476101141108 ], [ 106.509602491761541, 63.495091051510769 ], [ 106.793409457580367, 63.842382514041788 ], [ 106.709900344125515, 63.986611437367912 ], [ 107.562974887980658, 63.858531399004846 ], [ 107.679763625091198, 63.989221096376468 ], [ 108.262880487444477, 63.995887356116555 ], [ 108.21554487479608, 64.212411607809429 ], [ 108.026512486162289, 64.223522040110026 ], [ 108.357655063730135, 64.29971894047668 ], [ 108.766415643167363, 63.860443426922586 ], [ 108.297503697337731, 63.810523993687355 ], [ 108.124904412708418, 63.579995428945836 ], [ 109.042161086165152, 63.552296861211119 ], [ 109.364725376075228, 63.354169420082656 ], [ 109.471592238391054, 62.93179210122446 ], [ 109.646878697294028, 62.826191310780359 ], [ 109.267160271829027, 62.523522447303094 ], [ 109.998278435601264, 62.284622301378079 ], [ 109.597786086358781, 61.870435696550146 ], [ 109.870120883771733, 61.532885239861912 ], [ 109.792399530014279, 61.325197659144635 ], [ 110.506051060108291, 61.138128974372648 ], [ 110.266789178977376, 60.696502184228393 ], [ 110.049334751297692, 60.671542466711458 ], [ 110.116204055172943, 60.587051500426355 ], [ 109.732041457147488, 60.225058091957351 ], [ 109.523268670812456, 59.636153469007354 ], [ 109.268193800603399, 59.461435451784666 ], [ 109.261269159344181, 59.321340644455177 ], [ 109.510246209694799, 59.288862006476393 ], [ 109.641917758997351, 59.061924954473056 ], [ 110.27826134558461, 58.984048570185337 ], [ 110.697150507190088, 59.25723603011869 ], [ 111.637248162872368, 59.207600815924877 ], [ 112.270594516823394, 59.50039948235019 ], [ 112.293125441585858, 59.300566717979621 ], [ 112.631089309424056, 59.310488592774334 ], [ 112.451462029848699, 59.125228583132582 ], [ 112.502621698332632, 58.870360419397798 ], [ 112.569077590158599, 59.067118434967767 ], [ 113.461012810892498, 59.261628525835761 ], [ 113.591754185107561, 59.565201727777492 ], [ 114.174767693774015, 59.753458970954739 ], [ 114.697113072110596, 60.219218655416569 ], [ 115.686303338728067, 60.526228339566217 ], [ 116.599425897087485, 60.354765937398042 ], [ 117.296334263015751, 60.018920803052595 ], [ 117.06358361199409, 59.913397528772919 ], [ 117.226261020929314, 59.820819200345795 ], [ 117.087148064631378, 59.590781562019458 ], [ 117.233702427025378, 59.531250312352029 ], [ 117.883068474730294, 59.441901760557755 ], [ 118.282630649784664, 59.609333401315382 ], [ 118.748752068553131, 59.413428046467118 ], [ 118.845903761649197, 59.291058255234248 ], [ 118.707204218300035, 59.063836982390796 ], [ 118.893342727085155, 58.804834703558697 ], [ 118.776347284399662, 58.603968411313076 ], [ 119.13281131379108, 58.460876370448091 ], [ 119.108109978692482, 58.222699693136292 ], [ 118.661315545575917, 58.17489899429313 ], [ 118.157573684278077, 58.385583808545903 ], [ 117.475548129642448, 58.309051012294333 ], [ 117.587272576568125, 58.180169990052946 ], [ 117.408058709941429, 58.126788235288814 ], [ 117.409298944290754, 57.905819811035428 ], [ 117.085804478393925, 57.804430650054428 ], [ 117.431933221840723, 57.254748440088406 ], [ 117.79449507019126, 57.292678940980295 ], [ 117.451363560280015, 56.819012763328317 ], [ 117.337055291868182, 56.944069728834904 ], [ 116.806131625873832, 56.724651598192679 ], [ 116.122039016387475, 56.812656561950746 ], [ 115.710797968251541, 56.963500068173573 ], [ 116.238414341448674, 57.149328517696915 ], [ 115.862726679192861, 57.243276272581909 ], [ 115.085926548271573, 57.118581041381901 ], [ 114.779278599327881, 56.699381822313228 ], [ 114.144795362915602, 56.681140042279083 ], [ 113.89747195806433, 56.525438951446404 ], [ 112.895775995165991, 56.691707872220491 ], [ 112.662095168157407, 56.959650173916373 ], [ 111.813671503337162, 56.908412991066655 ], [ 111.586915317587795, 57.107160549819469 ], [ 111.165028925144725, 56.815292060280342 ], [ 109.995797967801934, 56.970218003857781 ], [ 109.767078078190707, 56.704084378191453 ], [ 108.692414991558564, 56.579673366932298 ], [ 108.576349724859881, 56.285040187854349 ], [ 109.256308221047505, 55.974309801556046 ], [ 108.85405887261885, 55.86625438083496 ], [ 108.622238396684622, 55.455891831842564 ], [ 108.782228632245562, 55.169501044537526 ], [ 108.557849563306661, 54.542975979058156 ], [ 109.007331170696943, 54.424947008497611 ], [ 108.060825636793652, 53.205124824351117 ], [ 106.198303663783008, 52.440184435463323 ], [ 105.4611910338391, 51.863346259222453 ], [ 104.649871046711382, 51.622430731692873 ], [ 104.609356724333338, 51.268292141369216 ], [ 103.813746371697675, 51.131866360244317 ], [ 103.816743606132491, 51.401255601864534 ], [ 103.327781203339839, 51.438049221194603 ], [ 103.208925408680614, 51.80913768215828 ], [ 102.542092727297472, 52.227613429915834 ], [ 101.963213331929694, 52.222445786943467 ], [ 101.459988233670003, 52.620974433223466 ], [ 100.865605910284501, 52.800291653536931 ], [ 100.395143670843709, 53.101177680305682 ], [ 100.26047488800566, 53.374830227333121 ], [ 99.249787225400098, 52.953822333134156 ], [ 98.937661574222204, 53.149365952776463 ], [ 98.347620069710388, 53.092521878282014 ], [ 97.328354120346319, 53.596367092367416 ], [ 96.874945103433731, 53.729072171343603 ], [ 96.56829715359072, 53.650136419859848 ], [ 95.665716586751046, 54.244027817729602 ], [ 96.064658645080385, 54.573335883544189 ], [ 96.572844679838056, 54.51837799674712 ], [ 96.713817987210291, 54.919387111725825 ], [ 96.584936964968904, 55.023205065461354 ], [ 96.918043247297987, 55.329517116721547 ], [ 96.767561477180379, 55.768999334951332 ], [ 97.125265740921179, 56.101743882973778 ], [ 97.580225051444927, 56.195123196178542 ], [ 97.568236119101584, 56.382760321731439 ], [ 97.878088007155782, 56.411234035822076 ], [ 97.775045200675436, 56.779997056818672 ], [ 97.486277296559933, 56.810537828457996 ], [ 97.619912550623667, 56.953629869322981 ], [ 97.348507928298204, 57.048016872880339 ], [ 97.934001905663365, 57.811303616268845 ], [ 98.961639438908946, 57.723298652510778 ], [ 99.42207645076752, 57.798746243144592 ], [ 99.702782831162665, 58.085705471230483 ], [ 100.04343387237526, 58.078574124396312 ], [ 100.40496219285086, 57.55028595583218 ], [ 100.748817173173961, 57.403240667922432 ], [ 100.957796665084004, 57.498299465947582 ], [ 100.812689244413036, 57.883650621478978 ] ] ] } },
{ "type": "Feature", "properties": { "name": "Khakass", "type": "Respublika", "region": "Siberian", "code_hasc": "RU.KK", "latitude": 53.3643, "longitude": 89.8405 }, "geometry": { "type": "Polygon", "coordinates": [ [ [ 88.753063591711339, 54.80456207937641 ], [ 88.392775507383703, 55.267789619195526 ], [ 88.608773519881993, 55.445589632855217 ], [ 89.20078820171409, 54.990390529799072 ], [ 90.195869581715783, 55.151414293235007 ], [ 90.458282505233399, 54.870759588783983 ], [ 90.84048139759841, 54.838875230907149 ], [ 90.854950800439042, 54.626743475830722 ], [ 91.159014926997258, 54.487888901951237 ], [ 91.463905877654099, 54.056545721807595 ], [ 91.32654992144171, 53.816663723052329 ], [ 91.46969363825076, 53.513891506787559 ], [ 91.846414829280889, 53.351937568264134 ], [ 91.35114790195405, 53.077484036459111 ], [ 91.396313104266312, 52.867987778812903 ], [ 90.476589160561275, 52.183400842574827 ], [ 90.129413689889816, 52.135215969541321 ], [ 90.100888299855114, 51.75089834188492 ], [ 89.601383904643455, 51.553029283174851 ], [ 89.206162551160787, 51.658500882409783 ], [ 88.735700310820675, 51.559385484552422 ], [ 88.363733351612836, 51.319813544159729 ], [ 87.910014276337733, 51.490294094396916 ], [ 88.105867954342557, 51.761414495882264 ], [ 87.839114211051935, 51.810636298026679 ], [ 88.095119257247859, 52.086795152174489 ], [ 88.681853468962402, 52.25107453156437 ], [ 89.235618117182298, 52.810032661178354 ], [ 88.895070427857945, 52.987360338308918 ], [ 89.051443313158359, 53.13562002214627 ], [ 88.968761021104228, 53.345581366886563 ], [ 88.761228469118521, 53.365063382169353 ], [ 88.837192823689804, 53.588305569546378 ], [ 89.273755323649254, 53.849116523508712 ], [ 88.98147342296005, 54.065227363152246 ], [ 89.192623326105604, 54.149718329437349 ], [ 89.190039503720072, 54.321852525173881 ], [ 88.377996047079876, 54.388515123474122 ], [ 88.753063591711339, 54.80456207937641 ] ] ] } },
{ "type": "Feature", "properties": { "name": "Mordovia", "type": "Respublika", "region": "Volga", "code_hasc": "RU.MR", "latitude": 54.1154, "longitude": 44.4631 }, "geometry": { "type": "Polygon", "coordinates": [ [ [ 43.42508100788217, 53.988539537269787 ], [ 42.737991163960999, 53.756150621453969 ], [ 42.307733189435112, 53.847462877110047 ], [ 42.461935662600752, 53.965440171726527 ], [ 42.282411736712277, 54.122226467277642 ], [ 42.599911737336811, 54.187855536803568 ], [ 42.258227167349844, 54.170698961487858 ], [ 42.183606398116751, 54.261856188412366 ], [ 42.632364535994498, 54.377663071793279 ], [ 42.556606886998225, 54.492229723522883 ], [ 42.69933719265731, 54.5823534207737 ], [ 42.386074659917597, 54.802236640308649 ], [ 42.466793247210546, 54.871302192042492 ], [ 43.079985793209744, 54.786423652129827 ], [ 43.388494094127111, 54.950444648201938 ], [ 44.638340285076083, 54.579356188137524 ], [ 44.600099724922359, 54.472541001765819 ], [ 45.090715773214356, 54.489490872405781 ], [ 45.054748976184271, 54.751852119080013 ], [ 45.710316195635869, 55.176761583480243 ], [ 45.71341678195887, 54.970701808941328 ], [ 46.284648064756368, 55.038423774437604 ], [ 46.514918247079436, 54.444480698825146 ], [ 46.741777784716987, 54.365519110718367 ], [ 46.018307732615767, 54.189405829515408 ], [ 45.713933546795715, 53.919344794326776 ], [ 44.62707482314454, 53.896142075996011 ], [ 44.736422154159072, 53.704629217764136 ], [ 44.555657993021953, 53.66135020584727 ], [ 43.42508100788217, 53.988539537269787 ] ], [ [ 42.452117139694224, 54.770869046369342 ], [ 42.503070102603147, 54.791281235840358 ], [ 42.443952264085681, 54.803941961752116 ], [ 42.452117139694224, 54.770869046369342 ] ] ] } },
{ "type": "Feature", "properties": { "name": "Kaluga", "type": "Oblast", "region": "Central", "code_hasc": "RU.KG", "latitude": 54.2421, "longitude": 35.3416 }, "geometry": { "type": "Polygon", "coordinates": [ [ [ 36.00961632663217, 53.618277900404735 ], [ 35.640853305635517, 53.545827542407153 ], [ 35.355702751780541, 53.284241441189522 ], [ 35.013811476218621, 53.288375556286894 ], [ 35.013811476218621, 53.392865301792199 ], [ 34.500044387338562, 53.427281806110443 ], [ 34.537251417818652, 53.59817576839697 ], [ 34.199184198092269, 53.891594549748618 ], [ 33.4242444191446, 54.048897610136578 ], [ 33.7287219577521, 54.561682847985026 ], [ 34.382118767766883, 54.42375845009235 ], [ 34.408060337214749, 54.68012523149423 ], [ 34.823125441186164, 54.711751206952613 ], [ 35.369655388885064, 55.2387991402681 ], [ 36.924909295327723, 55.222469387252374 ], [ 37.259049107330441, 54.835826321427589 ], [ 37.207579379584672, 54.687669990377742 ], [ 37.072083775345959, 54.536051336899675 ], [ 36.805019971894183, 54.609948634821592 ], [ 36.926046176889542, 54.293559679135853 ], [ 36.023052198899848, 54.185116685686467 ], [ 36.216425409105341, 54.069878242187087 ], [ 35.910604281562314, 53.850150051383764 ], [ 36.00961632663217, 53.618277900404735 ] ] ] } },
{ "type": "Feature", "properties": { "name": "Kostroma", "type": "Oblast", "region": "Central", "code_hasc": "RU.KT", "latitude": 58.3882, "longitude": 43.4689 }, "geometry": { "type": "MultiPolygon", "coordinates": [ [ [ [ 40.607475213310408, 57.538658758694737 ], [ 40.607681918885419, 57.926903794974123 ], [ 41.163927035804022, 58.360882473447361 ], [ 40.926008741809937, 58.579112047482965 ], [ 41.220254348159642, 58.729593818499893 ], [ 41.167544386963868, 58.954799709738779 ], [ 42.026199985840663, 59.121611232872056 ], [ 42.049351027328044, 59.427225653940752 ], [ 42.854056430659739, 59.16158295379023 ], [ 43.492880486844967, 59.297207750137545 ], [ 43.525953404026325, 59.169360257569792 ], [ 44.991083612318846, 59.121611232872056 ], [ 45.95205854726413, 59.194319973288088 ], [ 46.356271599554645, 59.346972153741888 ], [ 46.406397739264207, 59.632536118746827 ], [ 47.113538039249079, 59.611297106076563 ], [ 47.056280551805969, 59.378546454155526 ], [ 47.252444289072685, 59.35549876635497 ], [ 47.604360793116086, 58.913045152112034 ], [ 47.300193311971725, 58.913148504899539 ], [ 47.000366652399066, 58.620143133798535 ], [ 46.59305301288623, 58.560611884131106 ], [ 46.341285434575127, 58.07464671487395 ], [ 45.562935011841319, 57.935094509903706 ], [ 44.862616001227423, 58.07542186122987 ], [ 44.737869094083408, 57.705780341089849 ], [ 43.995382113793482, 57.439517524214352 ], [ 43.576389601199139, 57.654982407811815 ], [ 43.263540479609446, 57.424350491182167 ], [ 43.207109816264961, 57.63389842387312 ], [ 43.158017206229033, 57.428458766958499 ], [ 42.853332961147203, 57.394326484379746 ], [ 42.775818312065439, 57.703248196447078 ], [ 42.180195754330555, 57.560052801895267 ], [ 41.630048456371128, 57.749860337784355 ], [ 41.560078566172876, 57.463676256054327 ], [ 40.445211216424468, 57.276349188863946 ], [ 40.386713494632033, 57.503260403344939 ], [ 40.607475213310408, 57.538658758694737 ] ] ], [ [ [ 44.42533003085623, 59.184553128124321 ], [ 44.483827751749345, 59.192072049485489 ], [ 44.494369745067672, 59.162177232093541 ], [ 44.42533003085623, 59.184553128124321 ] ] ] ] } },
{ "type": "Feature", "properties": { "name": "Yaroslavl'", "type": "Oblast", "region": "Central", "code_hasc": "RU.YS", "latitude": 57.7329, "longitude": 39.2547 }, "geometry": { "type": "Polygon", "coordinates": [ [ [ 40.926008741809937, 58.579112047482965 ], [ 41.163927035804022, 58.360882473447361 ], [ 40.607681918885419, 57.926903794974123 ], [ 40.664422642391003, 57.584960843468139 ], [ 40.386713494632033, 57.503260403344939 ], [ 40.445211216424468, 57.276349188863946 ], [ 39.520203077609949, 57.02685537457586 ], [ 39.271639439308672, 56.538306382933172 ], [ 38.548066034419946, 56.54734975948378 ], [ 38.121115349993374, 56.874926662735277 ], [ 38.285756462790516, 57.365775255023948 ], [ 37.794830357035323, 57.433548896464345 ], [ 37.827593214954902, 57.630746162505375 ], [ 37.346382276620773, 57.886854559690164 ], [ 37.672253859328123, 58.07542186122987 ], [ 37.346795688670056, 58.248279527378259 ], [ 37.722379999037685, 58.627171128744578 ], [ 38.908974237271195, 58.740135810019581 ], [ 38.940290155266439, 58.944309394163156 ], [ 39.595030552418052, 58.906378893271267 ], [ 40.195303989187721, 58.549759833349583 ], [ 40.926008741809937, 58.579112047482965 ] ] ] } },
{ "type": "Feature", "properties": { "name": "Vladimir", "type": "Oblast", "region": "Central", "code_hasc": "RU.VL", "latitude": 55.8966, "longitude": 40.6207 }, "geometry": { "type": "Polygon", "coordinates": [ [ [ 39.271639439308672, 56.538306382933172 ], [ 39.356285435224606, 56.772090562729261 ], [ 39.679366489072208, 56.821777451967819 ], [ 40.155926548371497, 56.434281725421272 ], [ 40.505362582816929, 56.596132311157191 ], [ 41.084965447697243, 56.472832343038192 ], [ 41.900729608284792, 56.540941881262768 ], [ 41.966978793636372, 56.386532700723535 ], [ 42.587922804993411, 56.420225735529243 ], [ 42.947900831857908, 56.168716538737272 ], [ 42.040359327620877, 55.608699041927196 ], [ 42.133997023243978, 55.442094225268249 ], [ 41.870240512589589, 55.157615464981689 ], [ 41.080934686286696, 55.147383530925197 ], [ 40.206466099231079, 55.309337470347941 ], [ 39.856720004624492, 55.82561086724769 ], [ 39.358145786298962, 55.761041164917799 ], [ 38.597882113968353, 55.962320869212704 ], [ 38.293404575360853, 56.533035387173356 ], [ 38.374123162653802, 56.696591295252063 ], [ 38.562122023412655, 56.541923733193698 ], [ 39.271639439308672, 56.538306382933172 ] ] ] } },
{ "type": "Feature", "properties": { "name": "Ryazan'", "type": "Oblast", "region": "Central", "code_hasc": "RU.RZ", "latitude": 54.3363, "longitude": 40.6258 }, "geometry": { "type": "MultiPolygon", "coordinates": [ [ [ [ 40.382062615597192, 53.342945869456287 ], [ 39.727322219344899, 53.59238800690099 ], [ 39.181619093945983, 53.385733954058708 ], [ 38.895435012216012, 53.565206204003061 ], [ 38.671882764677832, 54.177416897172066 ], [ 38.917759229604712, 54.404534817228011 ], [ 38.80768842997702, 54.589949856500652 ], [ 39.232055292018117, 54.635270087544484 ], [ 39.48837039567718, 54.94083283087042 ], [ 39.889172805080875, 55.08477753425575 ], [ 39.720190870712088, 55.12604116546737 ], [ 40.235818311565822, 55.335950833364222 ], [ 42.482399529814415, 54.999976507809549 ], [ 42.385764600655762, 54.788542384723257 ], [ 42.69933719265731, 54.5823534207737 ], [ 42.556606886998225, 54.492229723522883 ], [ 42.632364535994498, 54.377663071793279 ], [ 42.183606398116751, 54.261856188412366 ], [ 42.599911737336811, 54.187855536803568 ], [ 42.282411736712277, 54.122226467277642 ], [ 42.461935662600752, 53.965440171726527 ], [ 42.307733189435112, 53.847462877110047 ], [ 41.400088332410576, 53.783177394720951 ], [ 41.166924269339518, 53.431415921207758 ], [ 40.686746860679079, 53.564689440065592 ], [ 40.382062615597192, 53.342945869456287 ] ] ], [ [ [ 42.452117139694224, 54.770869046369342 ], [ 42.503070102603147, 54.791281235840358 ], [ 42.506894159337946, 54.75872508439511 ], [ 42.452117139694224, 54.770869046369342 ] ] ] ] } },
{ "type": "Feature", "properties": { "name": "Ivanovo", "type": "Oblast", "region": "Central", "code_hasc": "RU.IV", "latitude": 57.1213, "longitude": 41.6244 }, "geometry": { "type": "Polygon", "coordinates": [ [ [ 41.630048456371128, 57.749860337784355 ], [ 42.180195754330555, 57.560052801895267 ], [ 42.775818312065439, 57.703248196447078 ], [ 42.822223748727026, 57.415410468318441 ], [ 42.973118930893918, 57.387505195008714 ], [ 43.158017206229033, 57.428458766958499 ], [ 43.167525668974406, 57.588939928035245 ], [ 43.207109816264961, 57.63389842387312 ], [ 43.213310988011642, 57.415410468318441 ], [ 43.583831008194466, 57.654982407811815 ], [ 43.863297154240229, 57.371072089205541 ], [ 43.538562453094698, 57.261776435034449 ], [ 43.500942009666005, 57.122405097217438 ], [ 43.680362582766975, 57.057964586096716 ], [ 43.50125206892784, 56.906449287204794 ], [ 42.843617791927556, 56.815292060280342 ], [ 42.881858351181961, 56.47159210868881 ], [ 42.552369419113404, 56.413714505420046 ], [ 40.71465213398875, 56.598457750224952 ], [ 40.155926548371497, 56.434281725421272 ], [ 39.833672315924616, 56.608586331493996 ], [ 39.858787062173178, 56.779635322512092 ], [ 39.392045525780361, 56.793277900354781 ], [ 39.841733839644974, 57.176820379856622 ], [ 41.560078566172876, 57.463676256054327 ], [ 41.630048456371128, 57.749860337784355 ] ] ] } },
{ "type": "Feature", "properties": { "name": "Nizhegorod", "type": "Oblast", "region": "Volga", "code_hasc": "RU.NZ", "latitude": 56.1384, "longitude": 44.7751 }, "geometry": { "type": "Polygon", "coordinates": [ [ [ 45.722615187241047, 54.969823309797903 ], [ 45.782043085020348, 55.11720449539115 ], [ 45.604689568568688, 55.16381663672837 ], [ 45.424442173167733, 54.881766669196395 ], [ 45.054748976184271, 54.751852119080013 ], [ 45.132263625266091, 54.504399523019572 ], [ 44.60723107265585, 54.471042384998043 ], [ 44.638340285076083, 54.579356188137524 ], [ 43.587758416817451, 54.907863268275207 ], [ 42.616758254290005, 54.785855211348917 ], [ 42.472477655019759, 55.005221666047021 ], [ 42.166656528376052, 54.949049384221667 ], [ 41.781667108050556, 55.112346909881978 ], [ 42.133997023243978, 55.442094225268249 ], [ 42.040359327620877, 55.608699041927196 ], [ 42.947900831857908, 56.168716538737272 ], [ 42.587922804993411, 56.420225735529243 ], [ 42.881858351181961, 56.47159210868881 ], [ 42.829975213185492, 56.802269599162628 ], [ 43.50125206892784, 56.906449287204794 ], [ 43.680362582766975, 57.057964586096716 ], [ 43.500942009666005, 57.122405097217438 ], [ 43.538562453094698, 57.261776435034449 ], [ 43.862056918991584, 57.365775255023948 ], [ 43.727388137052856, 57.465794990446398 ], [ 44.737869094083408, 57.705780341089849 ], [ 44.862616001227423, 58.07542186122987 ], [ 45.562935011841319, 57.935094509903706 ], [ 46.341285434575127, 58.07464671487395 ], [ 47.739236280629825, 57.936489772984601 ], [ 47.471035598314188, 57.528530178325013 ], [ 46.749012486137303, 57.521863919484247 ], [ 46.746428663751828, 56.970321357544606 ], [ 45.958569777373327, 56.87208445883067 ], [ 45.921776157143938, 56.652252916139162 ], [ 45.644480422333572, 56.584014186705303 ], [ 46.2139547059449, 56.049809068133982 ], [ 45.920122511644593, 55.688048204560971 ], [ 46.386760695249848, 55.451551012069501 ], [ 46.034430780056425, 55.02485871006138 ], [ 45.722615187241047, 54.969823309797903 ] ] ] } },
{ "type": "Feature", "properties": { "name": "Tula", "type": "Oblast", "region": "Central", "code_hasc": "RU.TL", "latitude": 54.0668, "longitude": 37.4161 }, "geometry": { "type": "Polygon", "coordinates": [ [ [ 38.895435012216012, 53.565206204003061 ], [ 38.477269321022334, 53.310027981006499 ], [ 38.603153110627545, 53.055779933996746 ], [ 38.327511021316582, 52.961832180011072 ], [ 37.84102908722258, 53.008547675035175 ], [ 37.560632765189951, 53.296230374432184 ], [ 36.398016391643125, 53.428522040459768 ], [ 36.014577264029469, 53.586290187941813 ], [ 35.910604281562314, 53.850150051383764 ], [ 36.216425409105341, 54.069878242187087 ], [ 36.0310103698327, 54.190801093495622 ], [ 36.926046176889542, 54.293559679135853 ], [ 36.805019971894183, 54.609948634821592 ], [ 37.072083775345959, 54.536051336899675 ], [ 37.259049107330441, 54.835826321427589 ], [ 37.671323683341313, 54.713508206138783 ], [ 37.938594190569404, 54.832260647111127 ], [ 38.515096470026037, 54.597701320959175 ], [ 38.388385858120841, 54.472334296190809 ], [ 38.751671176883292, 54.177830309221349 ], [ 38.895435012216012, 53.565206204003061 ] ] ] } },
{ "type": "Feature", "properties": { "name": "Chuvash", "type": "Respublika", "region": "Volga", "code_hasc": "RU.CV", "latitude": 55.4883, "longitude": 47.1662 }, "geometry": { "type": "Polygon", "coordinates": [ [ [ 48.412373488345793, 55.829357407818065 ], [ 47.696034783978064, 55.323135077821576 ], [ 48.084641554564087, 55.150535794091581 ], [ 47.788018833202557, 54.939230862214515 ], [ 47.846929966145012, 54.815724189419768 ], [ 47.432381626111123, 54.891791896778614 ], [ 47.203971794862412, 54.657852688250955 ], [ 46.860943637738671, 54.630257473303743 ], [ 46.411668735923399, 54.792779853507398 ], [ 46.261600376056492, 55.054210924194763 ], [ 46.05572146957013, 55.042118639063915 ], [ 46.386760695249848, 55.451551012069501 ], [ 45.920122511644593, 55.688048204560971 ], [ 46.231421339623125, 56.059291694256274 ], [ 47.27662885933438, 56.335166328463288 ], [ 48.412373488345793, 55.829357407818065 ] ] ] } },
{ "type": "Feature", "properties": { "name": "Vologda", "type": "Oblast", "region": "Northwestern", "code_hasc": "RU.VO", "latitude": 59.6397, "longitude": 40.9333 }, "geometry": { "type": "Polygon", "coordinates": [ [ [ 37.772919548997947, 61.522136541867894 ], [ 38.22012739416391, 60.919537665131088 ], [ 39.190610792753887, 60.652938951471413 ], [ 40.418029412627277, 60.785488999917391 ], [ 41.343037551441796, 60.645962633368811 ], [ 41.394093866238904, 60.857991034758413 ], [ 41.923467237722832, 60.917470608481779 ], [ 42.394756301262248, 60.769417630219436 ], [ 43.510863885359981, 60.767453925458256 ], [ 44.107830031131016, 61.08345530931507 ], [ 45.229105259100379, 60.903879706583155 ], [ 45.378760206918002, 61.205463365341984 ], [ 45.786693963155869, 61.166757718094175 ], [ 45.878161249342156, 61.016275947077247 ], [ 46.508510369757744, 61.063663234770445 ], [ 47.081291945267026, 60.825848294463185 ], [ 46.959128858709846, 60.66022532793653 ], [ 47.051939732032963, 60.581754666244819 ], [ 46.749529250074829, 60.261128241774884 ], [ 46.301701288183892, 60.241852932067104 ], [ 46.598944126270396, 60.068736884399641 ], [ 47.034989862292264, 60.117106024923089 ], [ 46.925745884065293, 59.802809964308381 ], [ 47.13668908073646, 59.697855129910295 ], [ 46.406397739264207, 59.632536118746827 ], [ 46.356271599554645, 59.346972153741888 ], [ 45.918262159670917, 59.184423936915152 ], [ 44.991083612318846, 59.121611232872056 ], [ 43.525953404026325, 59.169360257569792 ], [ 43.492880486844967, 59.297207750137545 ], [ 42.854056430659739, 59.16158295379023 ], [ 42.049351027328044, 59.427225653940752 ], [ 42.026199985840663, 59.121611232872056 ], [ 41.177156203396066, 58.962861233459137 ], [ 41.220254348159642, 58.729593818499893 ], [ 40.926008741809937, 58.579112047482965 ], [ 40.292765740646416, 58.544152939906212 ], [ 39.595030552418052, 58.906378893271267 ], [ 39.101210565015549, 58.953714505020343 ], [ 38.933985629832932, 58.937539780736245 ], [ 38.908974237271195, 58.740135810019581 ], [ 38.047631463221421, 58.735743313403191 ], [ 37.626261833816557, 58.490228582782834 ], [ 37.122209914156201, 58.866045437147193 ], [ 36.848014763870253, 58.841111558951241 ], [ 36.326909620782374, 58.497618312934776 ], [ 36.120100539208522, 58.699621486742217 ], [ 35.724672479251467, 58.833463447280224 ], [ 35.273433871775751, 58.762511705151041 ], [ 34.736412387721487, 59.066808377504572 ], [ 34.916246371972477, 59.246823228908852 ], [ 35.381851026803417, 59.30033417398289 ], [ 35.448513625103715, 59.427690741934157 ], [ 35.288936801592115, 59.49926259988905 ], [ 35.638062777675032, 59.646747138269802 ], [ 35.405622185915149, 59.712427883739792 ], [ 35.413063592011156, 59.972825426552163 ], [ 35.084401483141903, 60.029566149158427 ], [ 35.251729771112025, 60.445354723541641 ], [ 35.143829380021828, 60.776548977053608 ], [ 35.471561313803591, 60.877705594037877 ], [ 35.69180626764512, 61.128052069947046 ], [ 35.603852979831117, 61.188306790026331 ], [ 36.632317336276003, 61.553142402399942 ], [ 37.772919548997947, 61.522136541867894 ] ], [ [ 38.036572706864888, 61.020875149268704 ], [ 38.087525668874491, 61.041649074844884 ], [ 38.022620069760364, 61.041855781319214 ], [ 38.036572706864888, 61.020875149268704 ] ], [ [ 44.42533003085623, 59.184553128124321 ], [ 44.46656782364613, 59.207910875186712 ], [ 44.426156854055534, 59.2018647321716 ], [ 44.42533003085623, 59.184553128124321 ] ] ] } },
{ "type": "Feature", "properties": { "name": "Novgorod", "type": "Oblast", "region": "Northwestern", "code_hasc": "RU.NG", "latitude": 58.4228, "longitude": 32.9454 }, "geometry": { "type": "Polygon", "coordinates": [ [ [ 34.72990115671297, 59.103214423207021 ], [ 35.265682407317229, 58.764785468274738 ], [ 35.734284294784345, 58.83245575602831 ], [ 36.237406040256531, 58.594873358818404 ], [ 35.95142866410157, 58.426149806868068 ], [ 35.385778436325779, 58.430542304383835 ], [ 35.052672153097376, 58.199135240498947 ], [ 34.765041131443013, 58.240269680501342 ], [ 34.678844841915918, 58.07792816835024 ], [ 33.677355583693213, 58.15293651031169 ], [ 33.538035922719644, 58.056017361212241 ], [ 33.70216027157926, 57.91548330341169 ], [ 33.324922315712286, 57.654620673505235 ], [ 33.294846632965744, 57.43215363248413 ], [ 32.811982049132268, 57.462074287398423 ], [ 31.537951287921601, 56.937661852412532 ], [ 30.650873650898234, 56.967220771221605 ], [ 30.773140090242975, 57.257745672724582 ], [ 30.441170688576392, 57.365336005452264 ], [ 30.608809034909029, 57.617413642125882 ], [ 30.412955356904206, 57.777352199944062 ], [ 30.542869907020588, 57.875666612124405 ], [ 29.679356724433262, 58.077282213203546 ], [ 29.658479445170258, 58.243576972399353 ], [ 30.167182244764774, 58.533120021971399 ], [ 30.104343703199334, 58.735071519834719 ], [ 30.705650668743374, 58.749334215301758 ], [ 31.022840610106073, 59.08104523454989 ], [ 31.306027459199868, 58.985237127691278 ], [ 31.551800571339299, 59.368056139479222 ], [ 32.124065382911056, 59.394333604812005 ], [ 32.653232048819973, 59.124711819195056 ], [ 33.009902784685721, 59.429990343479517 ], [ 34.72990115671297, 59.103214423207021 ] ] ] } },
{ "type": "Feature", "properties": { "name": "Tver'", "type": "Oblast", "region": "Central", "code_hasc": "RU.TV", "latitude": 57.0297, "longitude": 34.5445 }, "geometry": { "type": "Polygon", "coordinates": [ [ [ 37.626261833816557, 58.490228582782834 ], [ 37.346795688670056, 58.248279527378259 ], [ 37.672253859328123, 58.07542186122987 ], [ 37.346382276620773, 57.886854559690164 ], [ 37.827593214954902, 57.630746162505375 ], [ 37.794830357035323, 57.433548896464345 ], [ 38.285756462790516, 57.365775255023948 ], [ 38.1204952332684, 56.879009100989208 ], [ 38.256507603243278, 56.770230210755585 ], [ 37.711631301043667, 56.952751370179556 ], [ 37.152078892227053, 56.754055488270126 ], [ 37.052136672069764, 56.515517075752427 ], [ 36.825793898369682, 56.583239041248703 ], [ 36.078449334369282, 56.344106350427694 ], [ 35.475488722426576, 56.463582261811894 ], [ 35.520757276626966, 56.256101385770307 ], [ 35.174111769242757, 55.948264879320675 ], [ 33.904008415755754, 56.072908434576561 ], [ 33.165448845887511, 55.64559601494409 ], [ 31.467361280998318, 55.729001777410076 ], [ 31.344681431402933, 55.96402619155549 ], [ 31.510562777650023, 56.052444566463521 ], [ 31.491545851260014, 56.301292426504233 ], [ 31.020153435832356, 56.477018134079572 ], [ 31.060667759109776, 56.677781074437007 ], [ 30.781098260276451, 56.769816800504884 ], [ 31.000102979768656, 56.96520539051636 ], [ 31.537951287921601, 56.937661852412532 ], [ 32.811982049132268, 57.462074287398423 ], [ 33.294846632965744, 57.43215363248413 ], [ 33.324922315712286, 57.654620673505235 ], [ 33.70216027157926, 57.91548330341169 ], [ 33.538035922719644, 58.056017361212241 ], [ 33.677355583693213, 58.15293651031169 ], [ 34.687526483260569, 58.079452623539737 ], [ 34.718118930843957, 58.224353339534957 ], [ 35.147550083069859, 58.223836574698112 ], [ 35.385778436325779, 58.430542304383835 ], [ 36.489173617668314, 58.530897935691144 ], [ 36.79706180186065, 58.820156765322452 ], [ 37.092030876823458, 58.869481920254373 ], [ 37.626261833816557, 58.490228582782834 ] ] ] } },
{ "type": "Feature", "properties": { "name": "Moskovskaya", "type": "Oblast", "region": "Central", "code_hasc": "RU.MS", "latitude": 55.1508, "longitude": 38.671 }, "geometry": { "type": "Polygon", "coordinates": [ [ [ 37.014455569369034, 55.301191475106464 ], [ 35.301235793197293, 55.299105537190769 ], [ 35.398490838181601, 55.610869453162707 ], [ 35.171321242181534, 55.960047106089064 ], [ 35.520757276626966, 56.256101385770307 ], [ 35.463086378933212, 56.458879705933668 ], [ 36.078449334369282, 56.344106350427694 ], [ 36.825793898369682, 56.583239041248703 ], [ 37.052136672069764, 56.515517075752427 ], [ 37.152078892227053, 56.754055488270126 ], [ 37.723930291749525, 56.953578193378917 ], [ 38.374123162653802, 56.696591295252063 ], [ 38.293404575360853, 56.533035387173356 ], [ 38.597882113968353, 55.962320869212704 ], [ 39.358145786298962, 55.761041164917799 ], [ 39.856720004624492, 55.82561086724769 ], [ 40.206466099231079, 55.309337470347941 ], [ 39.720190870712088, 55.12604116546737 ], [ 39.889172805080875, 55.08477753425575 ], [ 39.48837039567718, 54.94083283087042 ], [ 39.232055292018117, 54.635270087544484 ], [ 38.820400831832899, 54.601938787944675 ], [ 38.917759229604712, 54.404534817228011 ], [ 38.675086703788338, 54.244673773775617 ], [ 38.388385858120841, 54.472334296190809 ], [ 38.471584914112498, 54.638370672968165 ], [ 37.187528924420292, 54.867891547356976 ], [ 37.120038918361388, 54.990824175695138 ], [ 37.878423627248594, 55.71514164636983 ], [ 37.800506617886072, 55.837653304756202 ], [ 37.375327597890305, 55.922886259393351 ], [ 37.414078402796008, 55.659858710411129 ], [ 37.17487824303646, 55.447848746922091 ], [ 36.912781945630286, 55.516590057085466 ], [ 37.014455569369034, 55.301191475106464 ] ], [ [ 37.176897855051948, 55.990797428758299 ], [ 37.2937160125839, 56.0304321611153 ], [ 37.201930317829863, 56.059636700273472 ], [ 37.176897855051948, 55.990797428758299 ] ], [ [ 37.001670619203708, 55.732128651815799 ], [ 37.153951431813084, 55.696665996738318 ], [ 37.16438162411265, 55.732128651815799 ], [ 37.001670619203708, 55.732128651815799 ] ] ] } },
{ "type": "Feature", "properties": { "name": "Moskva", "type": "Gorod Federalnogo Znacheniya", "region": "Central", "code_hasc": "RU.MS", "latitude": 55.7177, "longitude": 37.6188 }, "geometry": { "type": "MultiPolygon", "coordinates": [ [ [ [ 37.120038918361388, 54.990824175695138 ], [ 36.904342075326497, 55.229135646992461 ], [ 37.014455569369034, 55.301191475106464 ], [ 36.912781945630286, 55.516590057085466 ], [ 37.17487824303646, 55.447848746922091 ], [ 37.414078402796008, 55.659858710411129 ], [ 37.413769939830843, 55.939361548796398 ], [ 37.800506617886072, 55.837653304756202 ], [ 37.878423627248594, 55.71514164636983 ], [ 37.120038918361388, 54.990824175695138 ] ] ], [ [ [ 37.176897855051948, 55.990797428758299 ], [ 37.2937160125839, 56.0304321611153 ], [ 37.302060167142997, 55.997055544677607 ], [ 37.176897855051948, 55.990797428758299 ] ] ], [ [ [ 37.001670619203708, 55.732128651815799 ], [ 37.153951431813084, 55.696665996738318 ], [ 36.991240426904142, 55.67997768941882 ], [ 37.001670619203708, 55.732128651815799 ] ] ] ] } },
{ "type": "Feature", "properties": { "name": "Mariy-El", "type": "Respublika", "region": "Volga", "code_hasc": "RU.ME", "latitude": 56.5407, "longitude": 47.9131 }, "geometry": { "type": "Polygon", "coordinates": [ [ [ 50.101262647952808, 56.792399400312036 ], [ 50.197587517849627, 56.582748114833578 ], [ 49.980959914268624, 56.438002428469247 ], [ 49.650644159000706, 56.530141507324686 ], [ 49.091505161334112, 56.391752021438606 ], [ 48.933065220283652, 56.261579088004453 ], [ 49.050887486168506, 56.20680207015937 ], [ 48.412373488345793, 55.829357407818065 ], [ 47.871011182719883, 56.135850328030187 ], [ 47.446334263215647, 56.181583971123359 ], [ 47.365822380598388, 56.334649562727122 ], [ 46.092205031437004, 56.056371975086563 ], [ 45.873820427770511, 56.258840236887409 ], [ 45.948957960941129, 56.433222358225237 ], [ 45.62866743325543, 56.522493394754349 ], [ 45.921776157143938, 56.652252916139162 ], [ 45.966631301093628, 56.874358221954367 ], [ 46.687104119659352, 56.967944240734084 ], [ 47.498837517937091, 56.853325913959736 ], [ 47.734585401594984, 57.054502265467136 ], [ 48.130736931963838, 57.000190334716137 ], [ 48.30075239420762, 57.165038153987609 ], [ 48.953529086598053, 57.086231593713023 ], [ 49.18493615138226, 57.330118517255755 ], [ 49.263794386701534, 57.048326931242855 ], [ 49.707901646443815, 57.07248566308283 ], [ 49.741801385025894, 56.899524645046313 ], [ 50.101262647952808, 56.792399400312036 ] ] ] } },
{ "type": "Feature", "properties": { "name": "Kirov", "type": "Oblast", "region": "Volga", "code_hasc": "RU.KV", "latitude": 58.1926, "longitude": 50.1112 }, "geometry": { "type": "Polygon", "coordinates": [ [ [ 50.429924757721381, 56.589414374573721 ], [ 50.07201378840557, 56.622745673274153 ], [ 50.101262647952808, 56.792399400312036 ], [ 49.741801385025894, 56.899524645046313 ], [ 49.707901646443815, 57.07248566308283 ], [ 49.263794386701534, 57.048326931242855 ], [ 49.18493615138226, 57.330118517255755 ], [ 48.953529086598053, 57.086231593713023 ], [ 48.30075239420762, 57.165038153987609 ], [ 48.130736931963838, 57.000190334716137 ], [ 47.734585401594984, 57.054502265467136 ], [ 47.498837517937091, 56.853325913959736 ], [ 46.705294223749377, 56.944069728834904 ], [ 46.844820591197276, 57.229065253058934 ], [ 46.680179478400191, 57.351331692403676 ], [ 46.749012486137303, 57.521863919484247 ], [ 47.471035598314188, 57.528530178325013 ], [ 47.767451613201388, 57.900419623167068 ], [ 46.312966750115379, 58.111181953584264 ], [ 46.59305301288623, 58.560611884131106 ], [ 47.000366652399066, 58.620143133798535 ], [ 47.300193311971725, 58.913148504899539 ], [ 47.604360793116086, 58.913045152112034 ], [ 47.252444289072685, 59.35549876635497 ], [ 47.056280551805969, 59.378546454155526 ], [ 47.133898552775975, 59.724985256864102 ], [ 46.922231886592272, 59.81820954043792 ], [ 47.034989862292264, 60.117106024923089 ], [ 46.598944126270396, 60.068736884399641 ], [ 46.303354932783918, 60.250896307718392 ], [ 46.749529250074829, 60.261128241774884 ], [ 47.048839145709962, 60.575165920870518 ], [ 46.95995568190915, 60.666271470951585 ], [ 47.196116977616384, 61.04831533548429 ], [ 47.958034295446339, 61.007335924213521 ], [ 48.418988071242495, 60.853805243716977 ], [ 48.547455682333862, 60.415020657477328 ], [ 48.753747999970187, 60.367219956835527 ], [ 48.457331984183725, 60.186507473441111 ], [ 48.507561475781472, 59.715115058013509 ], [ 49.072591586832232, 59.65961456975657 ], [ 49.04251590408569, 59.488203844431837 ], [ 49.534578892302022, 59.395031235902763 ], [ 49.509877557203481, 59.246616523333842 ], [ 49.66366662011842, 59.208375963180117 ], [ 49.794924758270952, 59.233077298278658 ], [ 49.983026970917933, 59.771545722257258 ], [ 50.810676711061319, 59.862961330700841 ], [ 51.075363396803311, 60.060727037522724 ], [ 51.533113234388225, 59.949209296172057 ], [ 52.042229445132762, 60.313657334918048 ], [ 53.607611931945087, 60.14273753510912 ], [ 53.623114861761451, 59.754389146941548 ], [ 53.205775994666396, 59.363999538747692 ], [ 53.402663202344911, 59.149568183025224 ], [ 53.876536085571843, 59.092801621997239 ], [ 53.725744256192456, 58.938521634465815 ], [ 53.92201134624662, 58.782820542733816 ], [ 53.705590448240571, 58.61332184532688 ], [ 53.78455203634735, 58.439895738397581 ], [ 51.971019322383768, 58.464131985502718 ], [ 51.67315636577365, 58.171850083914194 ], [ 51.888543735904648, 57.978735257026472 ], [ 51.852473586087115, 57.631185411177739 ], [ 51.5931612488925, 57.441662096128823 ], [ 51.195149367449346, 57.453754381259671 ], [ 51.11556766081884, 57.305081285372978 ], [ 51.324857211990718, 56.9467052271645 ], [ 51.540451287696726, 56.882988186455634 ], [ 51.137891880006237, 56.500117498723569 ], [ 51.43647830612889, 56.144428615688014 ], [ 51.073089633679615, 56.130527656326251 ], [ 50.429924757721381, 56.589414374573721 ] ] ] } },
{ "type": "Feature", "properties": { "name": "Udmurt", "type": "Respublika", "region": "Volga", "code_hasc": "RU.UD", "latitude": 57.3433, "longitude": 52.7957 }, "geometry": { "type": "Polygon", "coordinates": [ [ [ 54.352476027246837, 56.358524075525622 ], [ 54.005830518963251, 56.028880112926856 ], [ 53.289078404344878, 55.858270372379764 ], [ 53.194097120685569, 55.935139065415513 ], [ 53.550871210238142, 56.241011868003284 ], [ 53.260346306936469, 56.253879300389372 ], [ 53.325251906050596, 56.0837088085147 ], [ 53.049299758377117, 56.136031196082797 ], [ 52.942742954423807, 56.372425034887442 ], [ 53.089814080755218, 56.521563218767483 ], [ 52.939435663425115, 56.541303616468724 ], [ 52.561991001083811, 56.259434516090039 ], [ 52.84176720639141, 56.157864487955749 ], [ 52.670201449637148, 56.022317205974275 ], [ 51.441852654676268, 55.924648748940569 ], [ 51.648248325100099, 56.144273586956444 ], [ 51.43647830612889, 56.144428615688014 ], [ 51.137891880006237, 56.500117498723569 ], [ 51.540451287696726, 56.882988186455634 ], [ 51.324857211990718, 56.9467052271645 ], [ 51.135928176144375, 57.377066555377212 ], [ 51.852473586087115, 57.631185411177739 ], [ 51.888543735904648, 57.978735257026472 ], [ 51.67315636577365, 58.171850083914194 ], [ 51.971019322383768, 58.464131985502718 ], [ 53.78455203634735, 58.439895738397581 ], [ 54.136468540390808, 57.829390367571364 ], [ 53.990017530784371, 57.573230291744551 ], [ 54.263592564345345, 57.464037991260284 ], [ 54.119208612287593, 57.309267076414415 ], [ 54.319299758177294, 57.286400254867829 ], [ 54.399811638995914, 57.042875068329693 ], [ 54.098641392286424, 56.965928860028839 ], [ 54.045724724616321, 56.753021959495811 ], [ 53.821655714939254, 56.799479072101462 ], [ 53.844600050851625, 56.638093574358948 ], [ 54.075800409161502, 56.668815213151561 ], [ 54.352476027246837, 56.358524075525622 ] ] ] } },
{ "type": "Feature", "properties": { "name": "Komi", "type": "Respublika", "region": "Northwestern", "code_hasc": "RU.KO", "latitude": 64.1194, "longitude": 55.8183 }, "geometry": { "type": "Polygon", "coordinates": [ [ [ 59.401780226076539, 62.131505032031555 ], [ 59.348656853730802, 61.682178453372899 ], [ 59.015240513039203, 61.549059964146011 ], [ 56.67574506957925, 61.522343248342224 ], [ 56.287345004568294, 61.209416612386747 ], [ 55.287509392744255, 61.121230781475333 ], [ 54.979517856663733, 60.863830471299195 ], [ 53.353984002559628, 60.893441066951652 ], [ 53.372070753862147, 61.028962511410725 ], [ 52.87649376817285, 61.093842272103132 ], [ 52.354768508359939, 60.843909207344041 ], [ 51.901256137760527, 60.882278957807614 ], [ 51.77661258340396, 60.600719915791444 ], [ 52.323866000615396, 60.432125555949597 ], [ 52.297821079279345, 60.241594550548029 ], [ 51.99572065568367, 60.298025213892458 ], [ 51.521331007619892, 59.946212063535881 ], [ 51.075363396803311, 60.060727037522724 ], [ 50.810676711061319, 59.862961330700841 ], [ 49.983026970917933, 59.771545722257258 ], [ 49.794924758270952, 59.233077298278658 ], [ 49.58656538308594, 59.21943471953665 ], [ 49.534578892302022, 59.395031235902763 ], [ 49.04251590408569, 59.488203844431837 ], [ 49.072591586832232, 59.65961456975657 ], [ 48.507561475781472, 59.715115058013509 ], [ 48.457331984183725, 60.186507473441111 ], [ 48.754678175957054, 60.361225491563175 ], [ 48.547455682333862, 60.415020657477328 ], [ 48.418988071242495, 60.853805243716977 ], [ 48.509318474967642, 61.04774689380406 ], [ 49.313920526411152, 61.187893377976991 ], [ 49.461405063892585, 61.586111965894474 ], [ 49.051610955681042, 61.690963447505055 ], [ 49.608992954161465, 62.770225735429335 ], [ 48.366071405371031, 62.729298001001894 ], [ 48.290830519412907, 62.321622626283158 ], [ 47.413364698821795, 62.192793280885155 ], [ 47.082635532403856, 62.839627183947357 ], [ 47.554648064556488, 63.148497219171304 ], [ 46.946829868003988, 63.341560371014282 ], [ 47.021347284449575, 63.559169827425592 ], [ 46.819189081011245, 63.746961981710058 ], [ 45.427129348340713, 64.171690578956998 ], [ 46.611449822551265, 64.326564845691053 ], [ 48.115750766984263, 64.348113919421792 ], [ 48.408342726035926, 64.224219672100162 ], [ 49.595350376318777, 64.591354886019133 ], [ 50.314686314222001, 64.512444972957098 ], [ 50.467441848362569, 64.791601061539723 ], [ 50.063022087799084, 64.890199692761598 ], [ 49.636588169108677, 65.273845526849527 ], [ 48.998694288910258, 65.240333360096486 ], [ 49.006032342218816, 66.119116930302084 ], [ 52.155194126407764, 67.08551788973881 ], [ 61.43173383984481, 66.999683336316878 ], [ 62.821313103816635, 67.388031725383769 ], [ 62.893453404351078, 67.595667630156981 ], [ 63.861766391705601, 67.831570543445764 ], [ 63.833964471183378, 68.028457750224959 ], [ 64.530252720386727, 68.200126857968087 ], [ 64.499143507966494, 68.325907293886473 ], [ 64.745123324781559, 68.404455470843288 ], [ 65.480478957337994, 68.430448717134539 ], [ 65.273773227652327, 68.2304609240324 ], [ 65.28979292230548, 68.012334702784301 ], [ 66.089537388239819, 67.92965241252881 ], [ 66.019567498940887, 67.798135891058507 ], [ 66.205912713301075, 67.693026027928795 ], [ 65.796118605089532, 67.567839871213039 ], [ 66.103076613295059, 67.479809068133932 ], [ 65.190160759611331, 67.144997464361438 ], [ 65.104687941395355, 66.894625149131286 ], [ 63.414868604902153, 66.480128485940838 ], [ 63.295496047204779, 66.239212958411258 ], [ 62.862240838244077, 66.074726874345743 ], [ 62.850665317950018, 65.872982082956753 ], [ 61.870983514077864, 65.699013372768889 ], [ 60.645218539703819, 64.891233222435233 ], [ 60.147367791790145, 65.064788520573757 ], [ 59.674115025288131, 64.80214305305941 ], [ 59.482292107794535, 64.486916816457892 ], [ 59.606108839851061, 64.454153958538313 ], [ 59.588435499698505, 64.232642931026419 ], [ 59.856429478237828, 64.131331285310523 ], [ 59.572932569882141, 63.927157701166948 ], [ 59.223186476174931, 63.07191274697567 ], [ 59.476711052772828, 62.906754869341739 ], [ 59.398679640652858, 62.718032538171087 ], [ 59.643729282380434, 62.510267442188649 ], [ 59.401780226076539, 62.131505032031555 ] ] ] } },
{ "type": "Feature", "properties": { "name": "Perm'", "type": "Kray", "region": "Volga", "code_hasc": "RU.PE", "latitude": 58.8735, "longitude": 56.5878 }, "geometry": { "type": "Polygon", "coordinates": [ [ [ 54.968355746620375, 56.320438544103524 ], [ 54.559181756033183, 56.538409735720677 ], [ 54.419655388585284, 56.337646796262618 ], [ 54.075800409161502, 56.668815213151561 ], [ 53.844600050851625, 56.638093574358948 ], [ 53.821655714939254, 56.799479072101462 ], [ 54.045724724616321, 56.753021959495811 ], [ 54.098641392286424, 56.965928860028839 ], [ 54.399811638995914, 57.042875068329693 ], [ 54.319299758177294, 57.286400254867829 ], [ 54.119208612287593, 57.309267076414415 ], [ 54.263592564345345, 57.464037991260284 ], [ 53.990017530784371, 57.573230291744551 ], [ 54.156312289980178, 57.706245429083253 ], [ 54.099364861798904, 57.971655585237045 ], [ 53.810183547432757, 58.228125719426373 ], [ 53.704660272253761, 58.594976712505229 ], [ 53.92201134624662, 58.782820542733816 ], [ 53.724917432993095, 58.925860908554057 ], [ 53.876536085571843, 59.092801621997239 ], [ 53.402663202344911, 59.149568183025224 ], [ 53.205775994666396, 59.363999538747692 ], [ 53.702903273067591, 60.011065985806567 ], [ 53.457233513715664, 60.20480093031864 ], [ 52.297821079279345, 60.241594550548029 ], [ 52.323866000615396, 60.432125555949597 ], [ 51.77661258340396, 60.600719915791444 ], [ 51.889783970253973, 60.875819404541858 ], [ 52.354768508359939, 60.843909207344041 ], [ 52.87649376817285, 61.093842272103132 ], [ 53.372070753862147, 61.028962511410725 ], [ 53.353984002559628, 60.893441066951652 ], [ 54.979517856663733, 60.863830471299195 ], [ 55.287509392744255, 61.121230781475333 ], [ 56.287345004568294, 61.209416612386747 ], [ 56.67574506957925, 61.522343248342224 ], [ 58.810705193689728, 61.508959052018611 ], [ 59.348656853730802, 61.682178453372899 ], [ 59.417799919830429, 61.42896393513746 ], [ 59.256569451718804, 61.244427395008245 ], [ 59.469476353151151, 60.941241766694134 ], [ 59.390101352995032, 60.582607326966524 ], [ 58.999530877647885, 59.931303412922148 ], [ 58.675106235764133, 59.859240628552129 ], [ 58.310890741014873, 59.468050035580632 ], [ 59.173990513351498, 59.168378403840222 ], [ 59.082729933639484, 58.769332994522074 ], [ 59.425344679613261, 58.674661770124544 ], [ 59.448909133149925, 58.483303941523673 ], [ 58.605549757615165, 58.01625234586902 ], [ 58.852769809678932, 57.747896633922494 ], [ 58.52317752482287, 57.576124173391861 ], [ 58.16257938033408, 57.683507798745893 ], [ 57.937993604920905, 57.331953029908391 ], [ 58.071938918246474, 57.050626532788215 ], [ 57.218657667917, 56.85301585649654 ], [ 57.425776808752687, 56.659125882353578 ], [ 57.408413526962647, 56.329120185448176 ], [ 57.165637648358768, 56.159569811197798 ], [ 56.864053988700618, 56.108100084351406 ], [ 56.528467237672828, 56.383302924090628 ], [ 56.064516229240553, 56.291344713287856 ], [ 55.913621047073661, 56.466346951350715 ], [ 54.968355746620375, 56.320438544103524 ] ] ] } },
{ "type": "Feature", "properties": { "name": "Samara", "type": "Oblast", "region": "Volga", "code_hasc": "RU.SA", "latitude": 53.1783, "longitude": 50.4377 }, "geometry": { "type": "MultiPolygon", "coordinates": [ [ [ [ 51.386042108056813, 54.676352850703495 ], [ 51.931641879768904, 54.531865545858238 ], [ 52.0784029477378, 54.342936510011896 ], [ 52.481995884202661, 54.467166653218442 ], [ 52.51496544769725, 54.325831611539627 ], [ 52.203666619718717, 54.298649806843059 ], [ 52.484683057577001, 54.058509426568776 ], [ 52.07995324134896, 53.514098212362569 ], [ 52.157881300681481, 53.102572944285896 ], [ 51.471411574384604, 52.569142971171175 ], [ 51.562672154096617, 52.447289943875774 ], [ 51.415187615715865, 52.102711494040193 ], [ 50.76700931792567, 51.759399922768182 ], [ 50.722103305623023, 51.92804515186225 ], [ 50.167511835103085, 52.023594876302468 ], [ 50.221462029748864, 52.129893296938064 ], [ 49.812288039161672, 52.193093573709405 ], [ 49.58367150233795, 52.397577216215552 ], [ 49.22865441287081, 52.508009751948464 ], [ 48.890690545032612, 52.411038926904951 ], [ 48.691012811192252, 52.644771429857599 ], [ 48.355839471314539, 52.664175929875228 ], [ 48.592517530959242, 52.919405828815911 ], [ 48.221584099626455, 52.998935859502296 ], [ 47.948525831801646, 53.358681342370005 ], [ 48.375579868116404, 53.471180934752283 ], [ 48.326487258080476, 53.662151191524231 ], [ 48.598718702705924, 53.668326523949872 ], [ 48.473144973261867, 53.769896552084163 ], [ 50.034289992189372, 53.826327216327968 ], [ 49.974138624897591, 53.959600735185745 ], [ 50.197380812274616, 54.03814891214256 ], [ 50.257118768416376, 54.294412339857558 ], [ 50.077491488841133, 54.51646596882938 ], [ 50.935423618205391, 54.340378526048084 ], [ 51.008184034565545, 54.544991359763401 ], [ 51.386042108056813, 54.676352850703495 ] ] ], [ [ [ 52.229091424329738, 53.354883124056926 ], [ 52.300508253553005, 53.380152899936377 ], [ 52.273016392292618, 53.341886502260252 ], [ 52.229091424329738, 53.354883124056926 ] ] ] ] } },
{ "type": "Feature", "properties": { "name": "Stavropol'", "type": "Kray", "region": "Volga", "code_hasc": "RU.ST", "latitude": 44.981, "longitude": 43.2791 }, "geometry": { "type": "Polygon", "coordinates": [ [ [ 41.162376743092182, 45.953551947964002 ], [ 42.110949333644783, 45.928721422555554 ], [ 42.325406527789028, 46.12584117333148 ], [ 42.319515415304124, 45.975514431046122 ], [ 42.51660932765833, 45.989699612147376 ], [ 42.915551385088349, 46.241415514514358 ], [ 43.877559848807948, 45.945490424243644 ], [ 44.277122022962942, 45.580215563197669 ], [ 45.586189406116148, 45.158303331433558 ], [ 45.717344190581912, 44.99994090384962 ], [ 45.646340773407928, 44.799746406071733 ], [ 45.227554966388539, 44.487155666900492 ], [ 45.441392042908433, 44.376051336699788 ], [ 45.104978468681338, 44.215802721418413 ], [ 45.517253044692211, 44.185287787301547 ], [ 45.452554152052471, 43.888535874730792 ], [ 45.075936313809791, 43.950340888421238 ], [ 44.892588332085836, 43.652116197504483 ], [ 44.803498162710014, 43.802055366162222 ], [ 44.284873488320784, 43.818850206271975 ], [ 44.420472446246379, 43.99855499931374 ], [ 43.326999138799181, 43.805026760376677 ], [ 43.216101515072864, 43.950056668480443 ], [ 42.683214146115915, 43.807171332291148 ], [ 42.590713332054634, 44.040257880097045 ], [ 42.378116488984745, 43.971476549203373 ], [ 42.303082310400271, 44.128521227172882 ], [ 42.557020298148245, 44.289079901716093 ], [ 41.573411085653049, 44.536765041773208 ], [ 41.414557732553305, 44.702077949038085 ], [ 41.656920200007221, 44.968909206694491 ], [ 41.292601353369719, 45.242820136140324 ], [ 41.025640902705447, 45.220211697012189 ], [ 40.842602980243328, 45.52719554274006 ], [ 40.856658970135356, 45.69044139335557 ], [ 41.274411249279694, 45.754106757221052 ], [ 41.162376743092182, 45.953551947964002 ] ] ] } },
{ "type": "Feature", "properties": { "name": "Adygey", "type": "Respublika", "region": "Volga", "code_hasc": "RU.AD", "latitude": 44.4658, "longitude": 40.1293 }, "geometry": { "type": "Polygon", "coordinates": [ [ [ 39.634924758071122, 45.193520820529443 ], [ 40.255662062054512, 45.088100898137895 ], [ 40.728398064618943, 44.607768459846511 ], [ 40.754132927592536, 44.474572455354519 ], [ 40.640651483279328, 44.457622586513139 ], [ 40.539365675985152, 44.733290514245823 ], [ 40.323668246592263, 44.608414414993206 ], [ 40.456683383931022, 43.965740465450097 ], [ 40.320360955593628, 43.760274970113755 ], [ 39.724221633021898, 43.931944077856883 ], [ 39.737244094139612, 44.186553860072536 ], [ 39.959969516679848, 44.064597479989686 ], [ 40.078618604864687, 44.236628322938714 ], [ 39.793571404696536, 44.350213120938747 ], [ 40.026632114080769, 44.736184394094494 ], [ 39.883798455634178, 45.00743398678901 ], [ 39.499842564083053, 45.037302964859919 ], [ 39.637198521194762, 44.870749824145037 ], [ 39.46987023322464, 44.794682114987609 ], [ 38.672916294351467, 44.955654202479423 ], [ 39.315254347110397, 44.998959051918689 ], [ 39.634924758071122, 45.193520820529443 ] ] ] } },
{ "type": "Feature", "properties": { "name": "Chernihiv", "type": "Oblast'", "region": null, "code_hasc": "UA.CH", "latitude": 51.2597, "longitude": 32.0287 }, "geometry": { "type": "Polygon", "coordinates": [ [ [ 30.934421428000064, 52.069716899000085 ], [ 32.095590861000062, 52.040726421 ], [ 32.353559611000037, 52.321587830000013 ], [ 33.400576080000064, 52.344343017000128 ], [ 33.325904167643216, 52.15294098653726 ], [ 33.483103875243614, 52.066641344222603 ], [ 33.062044305100585, 51.792911281930117 ], [ 33.186894565931425, 51.515925605482266 ], [ 32.939519484236769, 51.097346503138567 ], [ 33.206893345151741, 51.048357244990825 ], [ 33.023803744946861, 50.491595364134696 ], [ 32.139154900678079, 50.350105291925672 ], [ 31.8562781099468, 50.621354885519509 ], [ 31.328248324700382, 50.50844188108789 ], [ 31.089399854719488, 50.7672891302891 ], [ 30.737638381206295, 50.760209459398993 ], [ 30.512329136280584, 51.016679591789682 ], [ 30.645550171000082, 51.367460023000078 ], [ 30.515118856000129, 51.603672994000036 ], [ 30.934421428000064, 52.069716899000085 ] ] ] } },
{ "type": "Feature", "properties": { "name": "Volyn", "type": "Oblast'", "region": null, "code_hasc": "UA.VO", "latitude": 51.1247, "longitude": 24.8444 }, "geometry": { "type": "Polygon", "coordinates": [ [ [ 24.369602498000063, 51.875103455 ], [ 25.662599317604418, 51.890579738963766 ], [ 25.509895461206554, 51.698653469581927 ], [ 25.55568078024379, 51.349346625446401 ], [ 25.82026411319822, 51.384254055280394 ], [ 26.059370964698246, 51.181139838332854 ], [ 26.003198682872892, 50.834649360579476 ], [ 25.827240431300822, 50.631173408426037 ], [ 25.363392774756733, 50.678870755381013 ], [ 25.132502475708691, 50.548801174734422 ], [ 25.203557569726058, 50.380749417251764 ], [ 25.063462762396568, 50.294811510143063 ], [ 24.108165422895922, 50.630287410735377 ], [ 23.957637980000101, 50.808010967000072 ], [ 24.143156372000107, 50.856431783000019 ], [ 23.635177043000084, 51.304698996000113 ], [ 23.594352661000102, 51.604964905000102 ], [ 23.981305786000036, 51.585999654000048 ], [ 24.369602498000063, 51.875103455 ] ] ] } },
{ "type": "Feature", "properties": { "name": "Rivne", "type": "Oblast'", "region": null, "code_hasc": "UA.RV", "latitude": 51.048, "longitude": 26.3841 }, "geometry": { "type": "Polygon", "coordinates": [ [ [ 25.547396408000054, 51.919441982000066 ], [ 27.151086466000095, 51.756764425000043 ], [ 27.26746179200012, 51.587498271000058 ], [ 27.705161174000125, 51.568352153000049 ], [ 27.198784620813569, 50.994045315139147 ], [ 27.192273389805052, 50.541204739007469 ], [ 26.807128940747987, 50.500897122204378 ], [ 26.233158806833444, 50.152287910058988 ], [ 26.065262078981732, 50.26525259133399 ], [ 25.453413120119365, 50.16272654879117 ], [ 25.367578565798169, 50.013123276917668 ], [ 25.063462762396568, 50.294811510143063 ], [ 25.203557569726058, 50.380749417251764 ], [ 25.122425571283088, 50.54009369586737 ], [ 25.363392774756733, 50.678870755381013 ], [ 25.83282148632253, 50.633188788231962 ], [ 26.095802849721736, 50.985156969118805 ], [ 25.82026411319822, 51.384254055280394 ], [ 25.55568078024379, 51.349346625446401 ], [ 25.509895461206554, 51.698653469581927 ], [ 25.662599317604418, 51.890579738963766 ], [ 25.547396408000054, 51.919441982000066 ] ] ] } },
{ "type": "Feature", "properties": { "name": "Zhytomyr", "type": "Oblast'", "region": null, "code_hasc": "UA.ZT", "latitude": 50.6898, "longitude": 28.4643 }, "geometry": { "type": "Polygon", "coordinates": [ [ [ 28.210039917000103, 51.651964621000062 ], [ 28.728767945000072, 51.401256409000055 ], [ 29.123885945000012, 51.625041199000052 ], [ 29.390123732324355, 51.365082099259439 ], [ 29.270492791309266, 51.236872869687147 ], [ 29.592333611706806, 50.711091010042026 ], [ 29.426142206197824, 50.421987210041664 ], [ 29.734443800640861, 50.12148875600127 ], [ 29.447226190136519, 49.650871486929532 ], [ 28.992886997237122, 49.593252265179842 ], [ 28.835377232173528, 49.881400050771674 ], [ 27.660720249439919, 49.798950304512914 ], [ 27.540934278793941, 49.915093085577439 ], [ 27.607493524306676, 50.249336249468286 ], [ 27.228291863678521, 50.38684723621094 ], [ 27.198784620813569, 50.994045315139147 ], [ 27.50212527785925, 51.440219632430058 ], [ 28.210039917000103, 51.651964621000062 ] ] ] } },
{ "type": "Feature", "properties": { "name": "Kiev", "type": "Oblast'", "region": null, "code_hasc": "UA.KV", "latitude": 50.0894, "longitude": 31.0214 }, "geometry": { "type": "Polygon", "coordinates": [ [ [ 29.660804078000126, 51.49313710600002 ], [ 30.177310018000128, 51.479494527 ], [ 30.554656844000078, 51.242507427000092 ], [ 30.51356936973059, 51.013165595216037 ], [ 30.740893996260922, 50.757367255494444 ], [ 31.089399854719488, 50.7672891302891 ], [ 31.328248324700382, 50.50844188108789 ], [ 31.847441440769842, 50.623938707005721 ], [ 32.139154900678079, 50.350105291925672 ], [ 31.716648389711395, 49.848533840963967 ], [ 31.21202802927013, 49.853959866354728 ], [ 31.155855747444775, 49.556381131483988 ], [ 30.908015577756714, 49.346135565903637 ], [ 29.761470574807163, 49.174621486892079 ], [ 29.499832797645468, 49.365669257130492 ], [ 29.437459344073432, 49.790837103949173 ], [ 29.727467481638939, 49.928787340263511 ], [ 29.734133742278345, 50.125829575774276 ], [ 29.426142206197824, 50.421987210041664 ], [ 29.592333611706806, 50.711091010042026 ], [ 29.270492791309266, 51.236872869687147 ], [ 29.660804078000126, 51.49313710600002 ] ], [ [ 30.753676885180084, 50.2891579715631 ], [ 30.834853259770114, 50.63879710530216 ], [ 30.270164967539188, 50.63339306383881 ], [ 30.185993737221168, 50.387245468603453 ], [ 30.318757298210699, 50.40827410826347 ], [ 30.585565493652609, 50.014154717466226 ], [ 30.605901274923895, 50.267452462561096 ], [ 30.753676885180084, 50.2891579715631 ] ] ] } },
{ "type": "Feature", "properties": { "name": "Transcarpathia", "type": "Oblast'", "region": null, "code_hasc": "UA.ZK", "latitude": 48.3634, "longitude": 23.3868 }, "geometry": { "type": "Polygon", "coordinates": [ [ [ 22.13283980300011, 48.404798483 ], [ 22.560720663000069, 49.085532125000057 ], [ 23.917227816910213, 48.474354153121624 ], [ 24.129307896042576, 48.533420314795649 ], [ 24.151063674449006, 48.368882554786069 ], [ 24.331672804156597, 48.374825344114299 ], [ 24.641111281060773, 48.052777818141749 ], [ 24.209302205000085, 47.89759430000008 ], [ 23.139083292000095, 48.098124695000067 ], [ 22.877600546000053, 47.946738587000127 ], [ 22.13283980300011, 48.404798483 ] ] ] } },
{ "type": "Feature", "properties": { "name": "Chernivtsi", "type": "Oblast'", "region": null, "code_hasc": "UA.CV", "latitude": 48.2892, "longitude": 26.2156 }, "geometry": { "type": "Polygon", "coordinates": [ [ [ 27.503829794000126, 48.472365418000052 ], [ 26.303489624000093, 48.212045390000114 ], [ 26.173058309000055, 47.993144023000056 ], [ 25.261744426000064, 47.898576152000047 ], [ 24.928857956000115, 47.713937702000109 ], [ 24.989152053324574, 48.100165106734266 ], [ 25.585136346265358, 48.392860419472754 ], [ 25.636192661062466, 48.678114326115235 ], [ 26.605745883665577, 48.451590685261863 ], [ 26.71721194817286, 48.59476024049269 ], [ 27.370402052612633, 48.629719347170123 ], [ 27.503829794000126, 48.472365418000052 ] ] ] } },
{ "type": "Feature", "properties": { "name": "Ivano-Frankivs'k", "type": "Oblast'", "region": null, "code_hasc": "UA.IF", "latitude": 48.665, "longitude": 24.6363 }, "geometry": { "type": "Polygon", "coordinates": [ [ [ 24.928857956000115, 47.713937702000109 ], [ 24.569808452598011, 47.937288541133228 ], [ 24.541479120165263, 48.212768052803369 ], [ 24.151063674449006, 48.368882554786069 ], [ 24.133648715815582, 48.531094875727888 ], [ 23.917227816910213, 48.474354153121624 ], [ 23.532858514209067, 48.723692939577461 ], [ 23.710987176117271, 49.10428986328651 ], [ 24.441226840746083, 49.194103502174869 ], [ 24.281856723708813, 49.301022040434816 ], [ 24.438746372047433, 49.515685940154015 ], [ 24.707050408949215, 49.491785589833057 ], [ 24.981555616698358, 49.099199733780665 ], [ 24.897581414350782, 49.039849352165845 ], [ 25.245777215346209, 48.931380520294738 ], [ 25.25099653516196, 48.77516266552459 ], [ 25.440390659001707, 48.869937241810248 ], [ 25.640068393741387, 48.745035305035287 ], [ 25.585136346265358, 48.392860419472754 ], [ 24.989152053324574, 48.100165106734266 ], [ 24.928857956000115, 47.713937702000109 ] ] ] } },
{ "type": "Feature", "properties": { "name": "Odessa", "type": "Oblast'", "region": null, "code_hasc": "UA.OD", "latitude": 46.0315, "longitude": 29.7568 }, "geometry": { "type": "MultiPolygon", "coordinates": [ [ [ [ 28.21293379700009, 45.450198466000089 ], [ 28.502011760000045, 45.508747864000028 ], [ 28.740240112000066, 45.95321685800009 ], [ 28.956867717000137, 46.001379293000056 ], [ 28.945808960000136, 46.454788310000069 ], [ 29.184244018000101, 46.538039043000069 ], [ 29.200677124000094, 46.357119853000128 ], [ 29.457612345000086, 46.484708965 ], [ 29.615638875000116, 46.361822409000084 ], [ 29.714134155000067, 46.471169739000018 ], [ 29.828132365000045, 46.339394837 ], [ 30.131576375000122, 46.422826437000069 ], [ 29.901926310000135, 46.530830180000024 ], [ 29.928177938000147, 46.8097537230001 ], [ 29.558691447000058, 46.945740255000047 ], [ 29.556572714000083, 47.324037578000045 ], [ 29.155615275000031, 47.44999888100007 ], [ 29.23602380300008, 47.870722555000086 ], [ 28.862085148000034, 48.000502077000093 ], [ 29.045028516752609, 48.134426581421565 ], [ 30.293066034369986, 48.135718491715011 ], [ 30.215964797337506, 47.998775947551906 ], [ 30.420345086156772, 47.648358059376903 ], [ 30.779858025927126, 47.633733628703965 ], [ 30.915301955121095, 47.276701158531637 ], [ 31.304167108125512, 47.101828110778683 ], [ 31.031522250551404, 46.947806504766334 ], [ 31.187946811795882, 46.629092109113515 ], [ 30.79070071700005, 46.552923895000049 ], [ 30.26140384200005, 45.895493882000039 ], [ 29.73373457100007, 45.614325262000079 ], [ 29.693858269000089, 45.781317450000074 ], [ 29.633555535000085, 45.821356512000079 ], [ 29.70875084700009, 45.223334052000041 ], [ 29.430637248000039, 45.430406392000023 ], [ 28.710061076000073, 45.226956279000049 ], [ 28.21293379700009, 45.450198466000089 ] ] ], [ [ [ 29.730967644000089, 45.591376044000071 ], [ 30.075694207000083, 45.79242584800005 ], [ 30.125987175000034, 45.811468817000048 ], [ 29.908050977000073, 45.666449286000045 ], [ 29.807465040000068, 45.614325262000079 ], [ 29.730967644000089, 45.591376044000071 ] ] ] ] } },
{ "type": "Feature", "properties": { "name": "Vinnytsya", "type": "Oblast'", "region": null, "code_hasc": "UA.VI", "latitude": 48.9623, "longitude": 28.7233 }, "geometry": { "type": "Polygon", "coordinates": [ [ [ 28.862085148000034, 48.000502077000093 ], [ 27.370402052612633, 48.629719347170123 ], [ 27.371952345324473, 48.935023708976985 ], [ 27.500471633259224, 49.126148994480502 ], [ 27.887734815809097, 49.158756821869815 ], [ 27.762212762309105, 49.69980906823389 ], [ 28.835377232173528, 49.881400050771674 ], [ 28.992886997237122, 49.593252265179842 ], [ 29.51068484932631, 49.64027781856646 ], [ 29.499832797645468, 49.365669257130492 ], [ 29.712119582352841, 49.17792877879009 ], [ 29.594814081304776, 49.026981919779757 ], [ 30.076128370627771, 48.455078844313164 ], [ 29.783019646739262, 48.356893622442669 ], [ 29.675015902861617, 48.090269070361273 ], [ 29.086162956755004, 48.145692044252428 ], [ 28.862085148000034, 48.000502077000093 ] ] ] } },
{ "type": "Feature", "properties": { "name": "L'viv", "type": "Oblast'", "region": null, "code_hasc": "UA.LV", "latitude": 49.8152, "longitude": 24.0372 }, "geometry": { "type": "Polygon", "coordinates": [ [ [ 22.687844686000091, 49.155915426000078 ], [ 22.640922485000146, 49.528760885000068 ], [ 22.766186157000078, 49.674230042000019 ], [ 23.69574182100007, 50.376771138 ], [ 23.981305786000036, 50.4047797650001 ], [ 24.12589725135706, 50.641818752733229 ], [ 24.500809767256953, 50.545545558780475 ], [ 24.508561231715476, 50.407931220149692 ], [ 25.19565107563659, 50.287990220772031 ], [ 25.19317060693794, 50.102704372708615 ], [ 25.433569369630675, 49.945375474798311 ], [ 24.707050408949215, 49.491785589833057 ], [ 24.433165317025725, 49.512120265837552 ], [ 24.281856723708813, 49.301022040434816 ], [ 24.434870640267832, 49.190176093551827 ], [ 23.693623895226551, 49.094626370010928 ], [ 23.532858514209067, 48.723692939577461 ], [ 22.982142774569354, 48.85898183914054 ], [ 22.687844686000091, 49.155915426000078 ] ] ] } },
{ "type": "Feature", "properties": { "name": "Sumy", "type": "Oblast'", "region": null, "code_hasc": "UA.SM", "latitude": 50.8153, "longitude": 34.3159 }, "geometry": { "type": "Polygon", "coordinates": [ [ [ 33.733578736000084, 52.360991109000011 ], [ 34.412710409000113, 51.777693380000031 ], [ 34.089112589000081, 51.666614889000058 ], [ 34.308737427000096, 51.33461965000005 ], [ 34.185954224000113, 51.248914286000044 ], [ 35.078716268000107, 51.207624817000053 ], [ 35.355081827000049, 51.025594585000064 ], [ 35.425258423000059, 50.500484518000107 ], [ 35.684261508761608, 50.326954251337611 ], [ 34.477926873726233, 50.107226061433551 ], [ 34.245796340328809, 50.534590156110767 ], [ 33.061527541163059, 50.538414211946304 ], [ 33.206893345151741, 51.048357244990825 ], [ 32.939519484236769, 51.097346503138567 ], [ 33.186894565931425, 51.515925605482266 ], [ 33.062044305100585, 51.792911281930117 ], [ 33.483103875243614, 52.066641344222603 ], [ 33.325904167643216, 52.15294098653726 ], [ 33.400576080000064, 52.344343017000128 ], [ 33.733578736000084, 52.360991109000011 ] ] ] } },
{ "type": "Feature", "properties": { "name": "Kharkiv", "type": "Oblast'", "region": null, "code_hasc": "UA.KK", "latitude": 49.4655, "longitude": 36.4612 }, "geometry": { "type": "Polygon", "coordinates": [ [ [ 37.415214478000053, 50.431858216000066 ], [ 38.080859409134405, 49.84626007784027 ], [ 37.939989455448995, 49.726939195187697 ], [ 37.926140171131976, 49.283865465119106 ], [ 37.540995721175591, 49.225161037751661 ], [ 37.609622023337693, 49.150178535111309 ], [ 37.177141960732854, 48.828311876292048 ], [ 36.701718783894762, 48.788159288220527 ], [ 36.725438267062373, 48.625921128856987 ], [ 36.288772414315474, 48.527038275895677 ], [ 35.952513868819949, 48.968690904461653 ], [ 34.983942499047089, 49.163717760166492 ], [ 35.475075311276555, 49.560386054472815 ], [ 34.864001498770108, 49.942326565318695 ], [ 34.970144890674135, 50.189365750229172 ], [ 35.837429646000146, 50.423228251000111 ], [ 36.594386027000098, 50.204430237000068 ], [ 37.415214478000053, 50.431858216000066 ] ] ] } },
{ "type": "Feature", "properties": { "name": "Luhans'k", "type": "Oblast'", "region": null, "code_hasc": "UA.LH", "latitude": 48.9084, "longitude": 39.0033 }, "geometry": { "type": "Polygon", "coordinates": [ [ [ 38.18984419700007, 50.062785136000073 ], [ 38.937395467000101, 49.803472799000119 ], [ 39.155780070000048, 49.873597718000084 ], [ 39.801528768000082, 49.542196757000042 ], [ 40.130707642000061, 49.57981720100004 ], [ 40.141663045000143, 49.245780741 ], [ 39.68112268100009, 49.020316468000047 ], [ 40.053813110000135, 48.869214580000076 ], [ 39.77941125500007, 48.807719625000075 ], [ 39.631720011000084, 48.586906230000082 ], [ 39.835325155000078, 48.573470358000023 ], [ 39.924105266000083, 48.376118063 ], [ 39.815894816000082, 48.308163554000046 ], [ 39.993248332000121, 48.273230286000043 ], [ 39.759050741000067, 47.832947083000121 ], [ 39.092941528000097, 47.832094421000093 ], [ 39.027106560619245, 48.006630763898613 ], [ 38.42362918473907, 48.285631821950972 ], [ 38.279503615099713, 48.839163927073571 ], [ 37.847333611756767, 49.231749783125963 ], [ 37.939989455448995, 49.726939195187697 ], [ 38.18984419700007, 50.062785136000073 ] ] ] } },
{ "type": "Feature", "properties": { "name": "Donets'k", "type": "Oblast'", "region": null, "code_hasc": "UA.DT", "latitude": 48.145, "longitude": 37.7933 }, "geometry": { "type": "Polygon", "coordinates": [ [ [ 39.036180220000062, 47.857002648000062 ], [ 38.319035278000115, 47.591308085000051 ], [ 38.14226321700005, 47.037665106000077 ], [ 37.580739780000044, 47.090399481000077 ], [ 37.335215691000087, 46.882473049000055 ], [ 37.03776436887977, 46.876663618236975 ], [ 37.118489211108169, 47.028189195275104 ], [ 36.856541374684696, 47.193708808114991 ], [ 37.220911899964165, 47.455269070011525 ], [ 36.752103306022718, 47.601694241196242 ], [ 36.531341587344343, 47.887387397410464 ], [ 36.584671665265091, 48.076419786044255 ], [ 36.839023065062406, 48.034484361264219 ], [ 36.927183057552043, 48.201502590871826 ], [ 36.811841262164478, 48.325706896556028 ], [ 36.887443882429181, 48.573624578811234 ], [ 36.748537631706313, 48.530914008574598 ], [ 36.690039910813198, 48.777539781435735 ], [ 37.177141960732854, 48.828311876292048 ], [ 37.546938511403141, 49.227228095300347 ], [ 38.066751743298312, 49.150075182323803 ], [ 38.008098992774251, 48.95729625132094 ], [ 38.279503615099713, 48.839163927073571 ], [ 38.42362918473907, 48.285631821950972 ], [ 39.027106560619245, 48.006630763898613 ], [ 39.036180220000062, 47.857002648000062 ] ] ] } },
{ "type": "Feature", "properties": { "name": "Kherson", "type": "Oblast'", "region": null, "code_hasc": "UA.KS", "latitude": 46.6964, "longitude": 33.5787 }, "geometry": { "type": "MultiPolygon", "coordinates": [ [ [ [ 35.001891221798623, 45.729002575039836 ], [ 34.68863720264477, 45.974015372711278 ], [ 33.846216125773537, 46.195705129687951 ], [ 33.516286655000044, 46.04633209800005 ], [ 33.235118035000085, 46.223822333000044 ], [ 32.503428582000083, 46.076117255000042 ], [ 31.76734459700009, 46.318182684000078 ], [ 32.06185957100007, 46.393784898000035 ], [ 31.851735873000052, 46.521958726000037 ], [ 32.36101321700005, 46.466864325000074 ], [ 32.645518425000034, 46.649603583000044 ], [ 32.146332227000073, 46.560248114000046 ], [ 31.966452264160637, 46.727018948565615 ], [ 32.94075971858615, 46.861946112922737 ], [ 32.807021111734912, 46.882254951404832 ], [ 33.061682569894685, 47.015321763788336 ], [ 32.915024854713238, 47.103533434020733 ], [ 33.136148308597569, 47.224327094120099 ], [ 33.089277784841897, 47.582858181060203 ], [ 34.203731724339605, 47.478394273077242 ], [ 34.298402947837758, 47.27210195634018 ], [ 34.506452263760934, 47.31390818901167 ], [ 34.559678988894177, 47.011601060740361 ], [ 34.788295525717899, 46.862204495341189 ], [ 34.63125084774839, 46.689036769930965 ], [ 35.035308872206656, 46.456415310118416 ], [ 35.10505630790226, 46.295057790284773 ], [ 34.811289910000085, 46.166245835000041 ], [ 35.001891221798623, 45.729002575039836 ] ] ], [ [ [ 35.279540987026905, 46.255145151227737 ], [ 35.16179446700005, 46.128241278000075 ], [ 34.98210696700005, 46.077826239000046 ], [ 35.044444207000083, 46.141913153000075 ], [ 35.279540987026905, 46.255145151227737 ] ] ], [ [ [ 32.619395379000082, 46.06000397300005 ], [ 33.057465040000068, 46.025213934000078 ], [ 33.040049675000034, 46.012152411000045 ], [ 32.619395379000082, 46.06000397300005 ] ] ], [ [ [ 31.504405144000089, 46.37335846600007 ], [ 32.070811394000089, 46.182440497000073 ], [ 32.166270379000082, 46.149359442000048 ], [ 31.580332879000082, 46.262762762000079 ], [ 31.521983269000089, 46.313218492000033 ], [ 31.504405144000089, 46.37335846600007 ] ] ] ] } },
{ "type": "Feature", "properties": { "name": "Zaporizhzhya", "type": "Oblast'", "region": null, "code_hasc": "UA.ZP", "latitude": 47.3346, "longitude": 35.7123 }, "geometry": { "type": "Polygon", "coordinates": [ [ [ 35.827159050000034, 46.62335846600007 ], [ 35.279540987026905, 46.255145151227737 ], [ 35.188324415000068, 46.512437242000033 ], [ 35.069311965374879, 46.299913235407473 ], [ 34.63125084774839, 46.689036769930965 ], [ 34.796512079069146, 46.839544379369613 ], [ 34.559678988894177, 47.011601060740361 ], [ 34.506452263760934, 47.31390818901167 ], [ 34.298402947837758, 47.27210195634018 ], [ 34.203731724339605, 47.478394273077242 ], [ 34.910561965062641, 47.526246650562427 ], [ 34.840540398920268, 48.117502550102586 ], [ 35.245115187316003, 48.130189114436064 ], [ 35.963986037225823, 48.089106350377733 ], [ 36.078656039944292, 47.845167751790314 ], [ 36.576145053551386, 47.844211738281047 ], [ 36.752103306022718, 47.601694241196242 ], [ 37.219206576722115, 47.458137112337852 ], [ 36.856541374684696, 47.193708808114991 ], [ 37.115698683147684, 46.969898179956999 ], [ 36.76929772200009, 46.637396552000041 ], [ 36.633962436000047, 46.779974677000041 ], [ 36.278330925000034, 46.607407945000034 ], [ 35.827159050000034, 46.62335846600007 ] ] ] } },
{ "type": "Feature", "properties": { "name": "Mykolayiv", "type": "Oblast'", "region": null, "code_hasc": "UA.MY", "latitude": 47.0902, "longitude": 31.6498 }, "geometry": { "type": "MultiPolygon", "coordinates": [ [ [ [ 31.851735873000052, 46.521958726000037 ], [ 31.686534050000034, 46.429877020000049 ], [ 31.508311394000089, 46.587591864000046 ], [ 31.851735873000052, 46.521958726000037 ] ] ], [ [ [ 31.96490476243881, 46.722099716909689 ], [ 31.976898634000065, 47.009344794000071 ], [ 31.865244988000086, 47.026353257000039 ], [ 31.896820509000065, 47.092718817000048 ], [ 31.830577019000089, 47.186753648000035 ], [ 31.757660352000073, 47.216213283000059 ], [ 31.741709832000083, 47.259100653000075 ], [ 31.726817254000082, 47.220526434000078 ], [ 31.874278191000087, 47.093817450000074 ], [ 31.837412957000083, 47.00844961100006 ], [ 31.968272332000083, 46.936997789000088 ], [ 31.899424675000034, 46.649603583000044 ], [ 31.485036655000044, 46.63226959800005 ], [ 31.606130405000044, 46.826402085000041 ], [ 31.440684441000087, 46.800482489000046 ], [ 31.416188998000052, 46.629136460000041 ], [ 31.33765709700009, 46.601263739000046 ], [ 31.18685957100007, 46.629136460000041 ], [ 31.031522250551404, 46.947806504766334 ], [ 31.304167108125512, 47.101828110778683 ], [ 30.915301955121095, 47.276701158531637 ], [ 30.779858025927126, 47.633733628703965 ], [ 30.420345086156772, 47.648358059376903 ], [ 30.210538771047425, 48.067815659964708 ], [ 31.168568150199974, 48.211682848084934 ], [ 31.758041213031561, 48.09541087491192 ], [ 31.856898227571151, 47.797728787253732 ], [ 32.138689812684675, 47.747525133178328 ], [ 32.644550409273961, 47.800648505524066 ], [ 32.692661167378958, 47.967950955072467 ], [ 32.979258661158269, 48.042752591458907 ], [ 33.136613396590974, 47.226885077184534 ], [ 32.916420118693509, 47.107047431493754 ], [ 33.015122105400849, 46.940055040307811 ], [ 31.96490476243881, 46.722099716909689 ] ] ] ] } },
{ "type": "Feature", "properties": { "name": "Poltava", "type": "Oblast'", "region": null, "code_hasc": "UA.PL", "latitude": 49.6978, "longitude": 33.7723 }, "geometry": { "type": "Polygon", "coordinates": [ [ [ 32.727284377272156, 50.357908434126898 ], [ 33.061527541163059, 50.538414211946304 ], [ 34.245796340328809, 50.534590156110767 ], [ 34.474051141047312, 50.108130398099377 ], [ 34.90823652509556, 50.14595754710308 ], [ 34.868962437066784, 49.936357937568744 ], [ 35.423708937217668, 49.683841051323441 ], [ 35.468719109898984, 49.498219306475789 ], [ 35.024611851056079, 49.317196763819595 ], [ 34.983942499047089, 49.163717760166492 ], [ 34.40826704278976, 49.076539618708409 ], [ 34.237476434190057, 48.746275540283932 ], [ 33.378820835313263, 48.939958807952621 ], [ 32.788727654857382, 49.261799628350161 ], [ 32.752089064258882, 49.593820705960809 ], [ 32.069495069741663, 50.238690904261773 ], [ 32.350201450136808, 50.407879544205571 ], [ 32.727284377272156, 50.357908434126898 ] ] ] } },
{ "type": "Feature", "properties": { "name": "Khmel'nyts'kyy", "type": "Oblast'", "region": null, "code_hasc": "UA.KM", "latitude": 49.5537, "longitude": 27.0187 }, "geometry": { "type": "Polygon", "coordinates": [ [ [ 27.192273389805052, 50.541204739007469 ], [ 27.234958123418664, 50.379715888477449 ], [ 27.607493524306676, 50.249336249468286 ], [ 27.544499953110346, 49.910829780170218 ], [ 27.868046094951296, 49.760063788313175 ], [ 27.72433393736128, 49.499898790396855 ], [ 27.887734815809097, 49.158756821869815 ], [ 27.489257847271801, 49.117725735554245 ], [ 27.335003696363458, 48.601788235438676 ], [ 26.380539992426691, 48.51709056357862 ], [ 26.192489454824454, 48.905955716583037 ], [ 26.206597120660547, 50.141410020855744 ], [ 26.807128940747987, 50.500897122204378 ], [ 27.192273389805052, 50.541204739007469 ] ] ] } },
{ "type": "Feature", "properties": { "name": "Ternopil'", "type": "Oblast'", "region": null, "code_hasc": "UA.TP", "latitude": 49.4739, "longitude": 25.5438 }, "geometry": { "type": "Polygon", "coordinates": [ [ [ 26.065262078981732, 50.26525259133399 ], [ 26.273208042117403, 50.113375556336848 ], [ 26.148564486861574, 49.511551825955962 ], [ 26.355011834128845, 48.510114244576698 ], [ 25.742336052966436, 48.629719347170123 ], [ 25.446901890010224, 48.868748684304308 ], [ 25.25099653516196, 48.77516266552459 ], [ 25.245777215346209, 48.931380520294738 ], [ 24.897581414350782, 49.039849352165845 ], [ 24.981555616698358, 49.099199733780665 ], [ 24.707050408949215, 49.491785589833057 ], [ 25.389799432198004, 49.880056464534164 ], [ 25.453413120119365, 50.16272654879117 ], [ 26.065262078981732, 50.26525259133399 ] ] ] } },
{ "type": "Feature", "properties": { "name": "Dnipropetrovs'k", "type": "Oblast'", "region": null, "code_hasc": "UA.DP", "latitude": 48.6313, "longitude": 34.9555 }, "geometry": { "type": "Polygon", "coordinates": [ [ [ 34.983942499047089, 49.163717760166492 ], [ 35.952513868819949, 48.968690904461653 ], [ 36.284276564012202, 48.528252671823338 ], [ 36.477184686224291, 48.646875922485833 ], [ 36.883103061756856, 48.57930898751971 ], [ 36.892559848558165, 48.067557278445634 ], [ 36.589064161881538, 48.078926093164625 ], [ 36.576145053551386, 47.844211738281047 ], [ 36.285981887254252, 47.813309231435881 ], [ 36.078656039944292, 47.845167751790314 ], [ 35.959180128560035, 48.090708319933015 ], [ 34.851444125645855, 48.122747708340057 ], [ 34.898262974356783, 47.523249417026932 ], [ 32.994193150193723, 47.595441393505496 ], [ 33.057496778853249, 48.025802720818888 ], [ 33.513386265363863, 48.238502915776905 ], [ 33.4454317558708, 48.525307115131227 ], [ 33.821067743081869, 48.668399155996212 ], [ 33.572194044619437, 48.787074083502148 ], [ 34.237476434190057, 48.746275540283932 ], [ 34.40826704278976, 49.076539618708409 ], [ 34.983942499047089, 49.163717760166492 ] ] ] } },
{ "type": "Feature", "properties": { "name": "Cherkasy", "type": "Oblast'", "region": null, "code_hasc": "UA.CK", "latitude": 49.1506, "longitude": 31.2241 }, "geometry": { "type": "Polygon", "coordinates": [ [ [ 32.019213902199795, 50.251454982961093 ], [ 32.752089064258882, 49.593820705960809 ], [ 32.850791050066903, 49.005820421475221 ], [ 32.526934848964061, 48.927711494090147 ], [ 32.331907993259279, 49.089768785401077 ], [ 32.121326531794011, 48.910270697934322 ], [ 31.544100782824842, 48.924197495717806 ], [ 31.332899203735224, 48.723847968309087 ], [ 30.702291700901242, 48.765189113886493 ], [ 30.567571242119129, 48.561919868207326 ], [ 29.957892693592896, 48.459316311298721 ], [ 29.958202751955412, 48.655325018934434 ], [ 29.593108758062726, 49.031477770082972 ], [ 29.674550815767532, 49.209709784778738 ], [ 30.908015577756714, 49.346135565903637 ], [ 31.155855747444775, 49.556381131483988 ], [ 31.21202802927013, 49.853959866354728 ], [ 31.716648389711395, 49.848533840963967 ], [ 32.019213902199795, 50.251454982961093 ] ] ] } },
{ "type": "Feature", "properties": { "name": "Kirovohrad", "type": "Oblast'", "region": null, "code_hasc": "UA.KH", "latitude": 48.4261, "longitude": 31.8288 }, "geometry": { "type": "Polygon", "coordinates": [ [ [ 32.788727654857382, 49.261799628350161 ], [ 33.378820835313263, 48.939958807952621 ], [ 33.919459669628054, 48.865803128511573 ], [ 33.557569613946498, 48.771984564835748 ], [ 33.821067743081869, 48.668399155996212 ], [ 33.4454317558708, 48.525307115131227 ], [ 33.513386265363863, 48.238502915776905 ], [ 33.035275913352677, 47.966529853569853 ], [ 32.696071812064474, 47.970302232561949 ], [ 32.644550409273961, 47.800648505524066 ], [ 31.862324252961912, 47.795842596858336 ], [ 31.758041213031561, 48.09541087491192 ], [ 31.168568150199974, 48.211682848084934 ], [ 30.083466423936272, 48.143728339491247 ], [ 29.738939650044813, 48.267079983554368 ], [ 29.883426954890012, 48.432599596394255 ], [ 30.57408247222827, 48.565149644840233 ], [ 30.702291700901242, 48.765189113886493 ], [ 31.332899203735224, 48.723847968309087 ], [ 31.544100782824842, 48.924197495717806 ], [ 31.886715528798618, 48.85975698549646 ], [ 32.331907993259279, 49.089768785401077 ], [ 32.51980350123057, 48.929106757171098 ], [ 32.782371454379074, 48.963729967064296 ], [ 32.788727654857382, 49.261799628350161 ] ] ] } },
{ "type": "Feature", "properties": { "name": "Kiev City", "type": "Rada", "region": null, "code_hasc": "UA.KC", "latitude": 50.383, "longitude": 30.5277 }, "geometry": { "type": "Polygon", "coordinates": [ [ [ 30.738579569391618, 50.668153050722708 ], [ 30.846045721033192, 50.353492985013247 ], [ 30.605901274923895, 50.267452462561096 ], [ 30.585565493652609, 50.014154717466226 ], [ 30.20028059567295, 50.478145037963088 ], [ 30.334013856054582, 50.663014239115796 ], [ 30.548079872987728, 50.548982771237888 ], [ 30.738579569391618, 50.668153050722708 ] ] ] } },
{ "type": "Feature", "properties": { "name": "Gomel", "type": "Voblasts'", "region": null, "code_hasc": "BY.HO", "latitude": 52.1969, "longitude": 29.5189 }, "geometry": { "type": "Polygon", "coordinates": [ [ [ 31.766618693000055, 52.13007497200006 ], [ 30.91881514500011, 52.059174906000109 ], [ 30.515118856000129, 51.603672994000036 ], [ 30.645550171000082, 51.367460023000078 ], [ 30.539613484000085, 51.235168356000102 ], [ 30.14862959800007, 51.48442962700004 ], [ 29.319946330000107, 51.365573832000067 ], [ 29.083681681000087, 51.631216533000028 ], [ 28.728767945000072, 51.401256409000055 ], [ 28.230400431000135, 51.651137797000032 ], [ 27.700045207000045, 51.467531433000048 ], [ 27.512426250000146, 51.623098617 ], [ 27.540624220431425, 52.221412259068472 ], [ 27.271390008442097, 52.360731920042042 ], [ 27.527911817676227, 52.539325669943707 ], [ 28.340730421571664, 52.480621243475582 ], [ 28.465322299984166, 52.679007066123177 ], [ 29.181919386770289, 52.94948151336115 ], [ 29.718010694837687, 52.947672838230858 ], [ 29.628765496730296, 53.098257962035291 ], [ 29.801623162878627, 53.353384508188469 ], [ 30.19022993256533, 53.234735419104254 ], [ 30.906775344306652, 53.308994453131504 ], [ 31.361573284979102, 53.120037500530202 ], [ 31.247063843000092, 53.014387919000043 ], [ 31.569524780000108, 52.767503764000068 ], [ 31.567354370000146, 52.311381734000051 ], [ 31.766618693000055, 52.13007497200006 ] ] ] } },
{ "type": "Feature", "properties": { "name": "Brest", "type": "Voblasts'", "region": null, "code_hasc": "BY.BR", "latitude": 52.4289, "longitude": 25.3826 }, "geometry": { "type": "Polygon", "coordinates": [ [ [ 27.151086466000095, 51.756764425000043 ], [ 24.390789836000096, 51.880012716000024 ], [ 23.981305786000036, 51.585999654000048 ], [ 23.616676880000085, 51.624782817000082 ], [ 23.61543664600012, 51.51311004700004 ], [ 23.53244429500009, 51.65896677700006 ], [ 23.637450806000118, 52.084470521000085 ], [ 23.165644979000035, 52.28939341300007 ], [ 23.920425638832171, 52.772624529698248 ], [ 24.540859001641593, 52.743163357303047 ], [ 24.685914748167079, 52.959765123361706 ], [ 25.323240186685268, 52.840754299970968 ], [ 25.712880486944925, 53.392865301792199 ], [ 26.376509230116881, 53.364546617332508 ], [ 26.266231724014858, 53.185074368287417 ], [ 26.515105421577914, 53.064203192923003 ], [ 26.410977411278509, 52.854603583388609 ], [ 27.168398878805192, 52.666113797114008 ], [ 27.040809766857251, 52.538214626803551 ], [ 27.536748487752504, 52.226993313190803 ], [ 27.599897087680461, 52.014448146964412 ], [ 27.38838464400007, 51.590728048000031 ], [ 27.151086466000095, 51.756764425000043 ] ] ] } },
{ "type": "Feature", "properties": { "name": "Vitebsk", "type": "Voblasts'", "region": null, "code_hasc": "BY.VI", "latitude": 55.3073, "longitude": 28.6747 }, "geometry": { "type": "Polygon", "coordinates": [ [ [ 26.800720256000091, 55.273319804000025 ], [ 26.445496460000072, 55.337501933000041 ], [ 26.615615275000096, 55.687971497000078 ], [ 27.592713256000081, 55.794244080000041 ], [ 28.110976196000109, 56.156805929000072 ], [ 28.731920207000115, 55.946792908000091 ], [ 29.395600627000135, 55.94772308400006 ], [ 29.480866740000124, 55.681098532000092 ], [ 30.217772664000051, 55.855144755000097 ], [ 30.912820679000106, 55.571596172000071 ], [ 30.794274943000062, 55.285515442000033 ], [ 31.005631551000079, 55.022999167000094 ], [ 30.762648966000086, 54.801979065000054 ], [ 31.167947225000091, 54.621576640000043 ], [ 31.064646037000045, 54.492282206000098 ], [ 31.179016966559743, 54.453352769814444 ], [ 29.377101271206698, 54.225424303388877 ], [ 29.473012729953496, 54.615684719474189 ], [ 28.565522901660586, 54.660901597730515 ], [ 28.393595412398327, 54.550003974004142 ], [ 27.756321648924938, 54.638732408174064 ], [ 27.249685906879108, 54.996798408020084 ], [ 26.170324564000083, 54.993260301000092 ], [ 26.800720256000091, 55.273319804000025 ] ] ] } },
{ "type": "Feature", "properties": { "name": "Grodno", "type": "Voblasts'", "region": null, "code_hasc": "BY.HR", "latitude": 53.4855, "longitude": 25.0839 }, "geometry": { "type": "Polygon", "coordinates": [ [ [ 25.78269453900009, 54.869675192000031 ], [ 26.348138868813749, 54.94331330046839 ], [ 26.67695600821321, 54.630050767728733 ], [ 26.468855015446593, 54.278754381309625 ], [ 26.075959100132366, 54.140364895423545 ], [ 26.432836540673804, 53.998564764852006 ], [ 26.214348586018389, 53.835344754456798 ], [ 26.567712029986183, 53.404750882247413 ], [ 25.704818963224568, 53.389454658006059 ], [ 25.317142367726092, 52.839204007259127 ], [ 24.685914748167079, 52.959765123361706 ], [ 24.540859001641593, 52.743163357303047 ], [ 23.920425638832171, 52.772624529698248 ], [ 23.893662557000113, 53.151950582000026 ], [ 23.485625448000064, 53.939292704000039 ], [ 24.37787072800009, 53.886841126 ], [ 25.459355103000036, 54.298908997000055 ], [ 25.516044149000038, 54.144758200000084 ], [ 25.740009806000103, 54.146256816000076 ], [ 25.78662194900005, 54.242323304000095 ], [ 25.52999678600014, 54.346141256000081 ], [ 25.78269453900009, 54.869675192000031 ] ] ] } },
{ "type": "Feature", "properties": { "name": "Mogilev", "type": "Voblasts'", "region": null, "code_hasc": "BY.MA", "latitude": 53.8241, "longitude": 30.4041 }, "geometry": { "type": "Polygon", "coordinates": [ [ [ 31.179016966559743, 54.453352769814444 ], [ 31.324681844000111, 54.229249166000031 ], [ 31.822635945000059, 54.053445944000075 ], [ 31.744656209000084, 53.794857076000099 ], [ 32.461563354000077, 53.70680043600008 ], [ 32.41148889100009, 53.582363587000074 ], [ 32.717465047000132, 53.334936829000057 ], [ 32.117294963000063, 53.081102193000063 ], [ 29.801623162878627, 53.353384508188469 ], [ 29.628765496730296, 53.098257962035291 ], [ 29.718010694837687, 52.947672838230858 ], [ 29.181919386770289, 52.94948151336115 ], [ 28.669960972121146, 52.687843736199454 ], [ 28.291999545842373, 52.765668442744413 ], [ 28.523354932883819, 53.148849188838994 ], [ 28.089169548835571, 53.286205145950703 ], [ 28.449457634961846, 53.294680080821024 ], [ 28.402328728787779, 53.468106187750323 ], [ 28.617354363712877, 53.613833726944904 ], [ 28.949117058905131, 53.519265856234256 ], [ 29.43048302597083, 53.729743964012698 ], [ 29.338447299902953, 53.996833604986875 ], [ 29.484019810365965, 54.278340969260285 ], [ 31.179016966559743, 54.453352769814444 ] ] ] } },
{ "type": "Feature", "properties": { "name": "Minsk", "type": "Gorod", "region": null, "code_hasc": "BY.MI", "latitude": 53.1945, "longitude": 27.4703 }, "geometry": { "type": "Polygon", "coordinates": [ [ [ 27.106180453964782, 55.002069403779956 ], [ 27.813114048374587, 54.628862210222792 ], [ 29.48526004381597, 54.605969550254486 ], [ 29.337982211909548, 53.989934801250058 ], [ 29.43048302597083, 53.729743964012698 ], [ 28.949117058905131, 53.519265856234256 ], [ 28.617354363712877, 53.613833726944904 ], [ 28.402328728787779, 53.468106187750323 ], [ 28.449457634961846, 53.294680080821024 ], [ 28.089169548835571, 53.286205145950703 ], [ 28.523354932883819, 53.148849188838994 ], [ 28.291999545842373, 52.765668442744413 ], [ 28.46919803176371, 52.680118110162653 ], [ 28.340730421571664, 52.480621243475582 ], [ 27.527911817676227, 52.539325669943707 ], [ 27.271390008442097, 52.360731920042042 ], [ 27.040809766857251, 52.538214626803551 ], [ 27.168398878805192, 52.666113797114008 ], [ 26.407411736962047, 52.860081284723492 ], [ 26.515105421577914, 53.064203192923003 ], [ 26.266645135164822, 53.189208482485469 ], [ 26.567712029986183, 53.404750882247413 ], [ 26.214348586018389, 53.835344754456798 ], [ 26.432836540673804, 53.998564764852006 ], [ 26.075959100132366, 54.140364895423545 ], [ 26.468855015446593, 54.278754381309625 ], [ 26.682537062335541, 54.583645331067146 ], [ 26.31615115725009, 54.927551988233631 ], [ 27.106180453964782, 55.002069403779956 ] ], [ [ 27.760759680015212, 53.804248471589688 ], [ 27.835790248720969, 54.016835082173259 ], [ 27.385606838284957, 53.964313683629541 ], [ 27.383105819178184, 53.836761718178707 ], [ 27.760759680015212, 53.804248471589688 ] ] ] } },
{ "type": "Feature", "properties": { "name": "City of Minsk", "type": "Voblasts'", "region": null, "code_hasc": "BY.HM", "latitude": 53.9005, "longitude": 27.6424 }, "geometry": { "type": "Polygon", "coordinates": [ [ [ 27.80827904034544, 54.021837119487429 ], [ 27.803277002131949, 53.809250509803178 ], [ 27.370600724543806, 53.864272926554293 ], [ 27.440629255036072, 54.009332024853052 ], [ 27.80827904034544, 54.021837119487429 ] ] ] } }
]
}
