{"type": "FeatureCollection", "features": [{"type": "Feature", "properties": {"name": "Gorno-Altay", "type": "Respublika", "region": "Siberian", "code_hasc": "RU.GA", "latitude": 50.9782, "longitude": 86.937, "admin": "Russia"}, "geometry": {"type": "Polygon", "coordinates": [[[88.14395267700007, 49.270740459000066], [87.40043217000004, 49.0710110480001], [87.02453780100012, 49.24893300400005], [86.59179935700013, 49.58720693000005], [86.7483789470001, 49.782957255000056], [86.17725101700012, 49.463338522000086], [85.2236141360001, 49.59573354100009], [84.97577396700007, 50.075187480000054], [84.24997847600014, 50.259930725000046], [84.08859727474442, 50.634612502265156], [84.5416410661822, 50.691066393299366], [84.60727013480886, 50.84268504497879], [84.00492964138982, 51.126569526062724], [85.47130008313229, 51.568532212991215], [85.9209883969969, 52.072119046456805], [86.7738562361763, 52.11309845592899], [86.81137332591823, 52.28799734210361], [86.6166565285759, 52.38501984309124], [86.84982059074764, 52.65115346875757], [87.63550906768927, 52.449796250996144], [88.42068077979411, 52.453904526772476], [88.34574995309782, 52.13345897125447], [87.83911421105194, 51.81063629802668], [88.10586795434256, 51.76141449588226], [87.86154178302684, 51.54936025697026], [88.36373335161284, 51.31981354415973], [88.82499718577145, 51.516494046263176], [89.05971154155435, 51.05590200477366], [89.86844770719591, 50.47454214070723], [89.51374067609129, 50.469426175477565], [89.33669721890152, 50.21486806920598], [89.58898156115009, 50.10024974243163], [89.70241052300008, 49.719963685000025], [89.0140804450001, 49.460547995000056], [88.19996993000007, 49.45434682200006], [88.14395267700007, 49.270740459000066]]]}}, {"type": "Feature", "properties": {"name": "Pskov", "type": "Oblast", "region": "Northwestern", "code_hasc": "RU.PS", "latitude": 57.2449, "longitude": 29.1229, "admin": "Russia"}, "geometry": {"type": "Polygon", "coordinates": [[[27.84117354300008, 57.21121185300005], [27.32854333500012, 57.570569763], [27.79931563300002, 57.86106882700004], [27.495354859000116, 58.22146026600005], [27.47778487100007, 58.87542551700004], [28.122449171591995, 58.9925751818991], [29.975049268908606, 58.44464997021993], [29.658479445170258, 58.24357697239935], [29.681320428295123, 58.07335480458056], [30.542869907020588, 57.875666612124405], [30.412955356904206, 57.77735219994406], [30.60880903490903, 57.61741364212588], [30.441170688576392, 57.365336005452264], [30.773140090242975, 57.25774567272458], [30.650873650898234, 56.967220771221605], [31.000102979768656, 56.96520539051636], [30.780788201913992, 56.77431264900952], [31.060667759109776, 56.67778107443701], [31.01601932073504, 56.47996369077168], [31.491545851260014, 56.30129242650423], [31.510562777650023, 56.05244456646352], [31.344681431402933, 55.96402619155549], [31.46736128099832, 55.729001777410076], [31.047335238730284, 55.76853424695793], [30.74218509900004, 55.59438547800006], [30.200254353000048, 55.85798695900006], [29.480866740000124, 55.68109853200009], [29.377410523000094, 55.95402760800006], [28.289828329000102, 56.046605937000024], [27.913520548000065, 56.82015045200011], [27.62836999500007, 56.84415415500003], [27.84117354300008, 57.21121185300005]]]}}, {"type": "Feature", "properties": {"name": "Krasnodar", "type": "Kray", "region": "Volga", "code_hasc": "RU.KD", "latitude": 45.8397, "longitude": 39.4688, "admin": "Russia"}, "geometry": {"type": "Polygon", "coordinates": [[[40.689965575650774, 43.5231293169644], [40.096704549000094, 43.56263926200005], [39.96257571700005, 43.392645575000074], [38.75831139400009, 44.27362702000005], [38.21729576900009, 44.38719310100004], [37.77849368600005, 44.729803778000075], [37.498708530000044, 44.668402411000045], [37.19190514400009, 44.99103424700007], [36.57732181100005, 45.19415924700007], [36.961680535000085, 45.28294505400004], [36.66814212300005, 45.32636139500005], [36.83326256600009, 45.443019924000055], [37.139414910000085, 45.33551666900007], [37.07837975400008, 45.23895905200004], [37.729258660000085, 45.301662502000056], [37.59506269600007, 45.63532135600008], [37.940114780000044, 46.02033112200007], [38.09750410200007, 46.057806708000044], [38.03956139400009, 45.816066799000055], [38.16749108200008, 46.12051015800006], [38.55990644600007, 46.03266022300005], [37.905039910000085, 46.411037502000056], [37.73755944100009, 46.67633698100008], [38.59164472700007, 46.65924713700008], [38.37818444100009, 46.70815664300005], [38.474619988000086, 46.86188385600008], [38.907423943660035, 46.81833120422169], [38.860398390273474, 46.58798350753284], [39.44351525172749, 46.808900254942785], [40.12285363119008, 46.726605536516274], [40.04595909973267, 46.54783091946132], [40.33948123567046, 46.279888617765494], [40.998252394232566, 46.29438385722921], [41.28030236176454, 45.764958808002575], [40.856658970135356, 45.69044139335557], [40.84260298024333, 45.52719554274006], [41.02564090270545, 45.22021169701219], [41.29260135336972, 45.242820136140324], [41.46416710832534, 44.9891922058556], [41.65319949695919, 44.97343089541948], [41.41404096861578, 44.68673004795335], [41.729060499642344, 44.485088609351806], [41.599766066250936, 44.37279572254454], [41.69867475763391, 44.21125519517108], [41.44949100080902, 43.9939041202789], [40.856658970135356, 44.121028144233435], [40.95308719281968, 43.980933336004625], [40.7769739107174, 43.92321076146743], [40.689965575650774, 43.5231293169644]], [[39.75150678870733, 45.12654816296731], [38.67188276467783, 44.96180369738272], [39.46987023322464, 44.79468211498761], [39.63719852119476, 44.87074982414504], [39.49984256408305, 45.03730296485992], [39.88379845563418, 45.00743398678901], [40.02663211408077, 44.736184394094494], [39.793571404696536, 44.35021312093875], [40.07861860486469, 44.236628322938714], [39.95996951667985, 44.064597479989686], [39.73724409413961, 44.186553860072536], [39.7242216330219, 43.93194407785688], [40.32036095559363, 43.760274970113755], [40.45668338393102, 43.9657404654501], [40.32366824659226, 44.608414414993206], [40.53936567598515, 44.73329051424582], [40.64065148327933, 44.45762258651314], [40.72839806461894, 44.60776845984651], [40.25566206205451, 45.088100898137895], [39.75150678870733, 45.12654816296731]]]}}, {"type": "Feature", "properties": {"name": "Karachay-Cherkess", "type": "Respublika", "region": "Volga", "code_hasc": "RU.KC", "latitude": 43.7073, "longitude": 41.6866, "admin": "Russia"}, "geometry": {"type": "Polygon", "coordinates": [[[42.36256009986869, 43.23519446385342], [40.689965575650774, 43.5231293169644], [40.7769739107174, 43.92321076146743], [40.95308719281968, 43.980933336004625], [40.869888136828024, 44.12924469668536], [41.44949100080902, 43.9939041202789], [41.70890669079114, 44.233398546305864], [41.62653445799879, 44.40749644590426], [41.848536411026544, 44.4907213412169], [42.557020298148245, 44.28907990171609], [42.2963643738168, 44.10345815686844], [42.391449009364294, 43.96754914058033], [42.590713332054634, 44.040257880097045], [42.683214146115915, 43.80717133229115], [42.45666466684088, 43.61067169913957], [42.36256009986869, 43.23519446385342]]]}}, {"type": "Feature", "properties": {"name": "Kabardin-Balkar", "type": "Respublika", "region": "Volga", "code_hasc": "RU.KB", "latitude": 43.3757, "longitude": 43.3982, "admin": "Russia"}, "geometry": {"type": "Polygon", "coordinates": [[[43.560679965807765, 42.935415757930855], [42.36256009986869, 43.23519446385342], [42.45666466684088, 43.61067169913957], [42.69737348789613, 43.817842515919324], [44.42222944543255, 43.995196031471664], [44.27980919813598, 43.75143830003748], [44.43308149621407, 43.654079902265664], [44.39928510862086, 43.42391307183078], [44.107830031131016, 43.43065684683597], [44.02308068242752, 43.208887437805004], [43.84810428188706, 43.310069892311674], [43.560679965807765, 42.935415757930855]]]}}, {"type": "Feature", "properties": {"name": "North Ossetia", "type": "Respublika", "region": "Volga", "code_hasc": "RU.NO", "latitude": 42.9969, "longitude": 44.1653, "admin": "Russia"}, "geometry": {"type": "Polygon", "coordinates": [[[43.93972578900008, 42.55220998200009], [43.39262820832511, 42.90019826883503], [43.84810428188706, 43.310069892311674], [44.02308068242752, 43.208887437805004], [44.107830031131016, 43.43065684683597], [44.39928510862086, 43.42391307183078], [44.284873488320784, 43.818850206271975], [44.80938927609418, 43.79926483820168], [44.83853478375323, 43.584110012067356], [44.54325565042791, 43.596796577300154], [44.49778038885381, 43.39693797540724], [44.932482537738906, 42.91373749389021], [43.93972578900008, 42.55220998200009]]]}}, {"type": "Feature", "properties": {"name": "Ingush", "type": "Respublika", "region": "Volga", "code_hasc": "RU.IN", "latitude": 43.3661, "longitude": 44.8468, "admin": "Russia"}, "geometry": {"type": "Polygon", "coordinates": [[[45.04808190900013, 42.68589691200013], [44.859359579000056, 42.759509990000126], [44.77347334800004, 42.60964833700011], [44.61560265473872, 42.77850027117057], [44.944368117294744, 42.954122625958405], [44.57488162588629, 43.240306707688376], [44.54325565042791, 43.596796577300154], [45.06508426302827, 43.46685618786273], [45.18021935374014, 42.8102554387375], [45.04808190900013, 42.68589691200013]]]}}, {"type": "Feature", "properties": {"name": "Chechnya", "type": "Respublika", "region": "Volga", "code_hasc": "RU.CN", "latitude": 43.2153, "longitude": 45.757, "admin": "Russia"}, "geometry": {"type": "Polygon", "coordinates": [[[45.82111046657474, 42.48722606083402], [45.07601819078684, 42.69141191712623], [45.167196892622485, 43.137806505365916], [45.04668745336323, 43.49434804912312], [44.83853478375323, 43.584110012067356], [45.0688049660763, 43.945483302912066], [45.831652459893064, 43.97850454414936], [46.05654829276949, 43.81993541099041], [46.4190067892319, 44.00015696886902], [46.67552859936535, 43.81546540000818], [46.32712609189559, 43.43486847629913], [46.53693240700494, 42.94058340090322], [46.1961780130049, 42.90409983993567], [45.82111046657474, 42.48722606083402]]]}}, {"type": "Feature", "properties": {"name": "Dagestan", "type": "Respublika", "region": "Volga", "code_hasc": "RU.DA", "latitude": 42.36, "longitude": 47.1424, "admin": "Russia"}, "geometry": {"type": "MultiPolygon", "coordinates": [[[[46.5675757250001, 41.78667531400002], [45.62138024900008, 42.22447804800005], [46.1961780130049, 42.90409983993567], [46.53693240700494, 42.94058340090322], [46.32712609189559, 43.43486847629913], [46.67552859936535, 43.81546540000818], [46.4190067892319, 44.00015696886902], [46.048693474624145, 43.821356513392345], [46.0446627132136, 43.93364940019961], [45.50939822834556, 44.01519481069192], [45.511568637782375, 44.1886209167219], [45.10497846868134, 44.21580272141841], [45.40449506989154, 44.31750193896329], [45.26579552564294, 44.585134182296656], [45.853666619818625, 45.00050934552985], [46.88988243982271, 44.780729478782405], [46.70093834700003, 44.446193752000056], [47.24594160200007, 44.21198151200008], [47.50277754000007, 43.78099192900004], [47.404307488000086, 43.511379299000055], [47.54444420700008, 43.865220445000034], [47.701508009000065, 43.87449778900009], [47.461924675000034, 43.020819403000075], [48.57894941500007, 41.84528229400007], [47.894626506000066, 41.21929392500003], [47.54730920500009, 41.20565134700003], [46.740795125000034, 41.85124501600005], [46.5675757250001, 41.78667531400002]]], [[[47.85108483200008, 43.999212958000044], [47.76295006600009, 43.92841217700004], [47.62818444100009, 43.962591864000046], [47.66570071700005, 43.99628327000005], [47.85108483200008, 43.999212958000044]]]]}}, {"type": "Feature", "properties": {"name": "Murmansk", "type": "Oblast", "region": "Northwestern", "code_hasc": "RU.MM", "latitude": 67.9609, "longitude": 34.3212, "admin": "Russia"}, "geometry": {"type": "MultiPolygon", "coordinates": [[[[28.444237508000043, 68.8658234660001], [29.172978556000146, 69.0693769330001], [29.376790405000122, 69.30161082000008], [30.1234114990001, 69.441912334], [30.23162194800011, 69.55833933600006], [30.119070679000117, 69.63456207300005], [30.852979370000128, 69.52743682900005], [30.840953890666185, 69.80584190246314], [31.409027540000068, 69.71580638200004], [31.296722852000073, 69.61261627800008], [31.810557488000086, 69.68773021000004], [31.710948113000086, 69.82737864800004], [32.09888756600009, 69.79189687700006], [31.913340691000087, 69.93618398600006], [32.05445397200009, 69.96377187700006], [33.13331139400009, 69.72866445500006], [32.871755405000044, 69.58250560100004], [32.111664259000065, 69.75287506700005], [32.01612389400009, 69.56419505400004], [32.501963738000086, 69.51703522300005], [32.19361412900008, 69.43451569200005], [33.084971550000034, 69.47606028900003], [32.82349694100009, 69.30121491100005], [33.52369225400008, 69.42829010600008], [33.235118035000085, 69.27000560100004], [33.54420006600009, 69.20856354400007], [33.060557488000086, 69.08331940300008], [33.023448113000086, 68.95473867400005], [33.06430097700007, 69.05776601800005], [33.42660566500007, 69.10468170800004], [33.72396894600007, 69.33681875200006], [35.96697024800005, 69.17682526200008], [37.68051191500007, 68.71344635600008], [38.388682488000086, 68.34316640800006], [39.85954837300005, 68.04661692900004], [39.79322350400008, 68.16474030200004], [40.466807488000086, 67.76117584800005], [40.965830925000034, 67.72508372600004], [41.10889733200008, 67.25381094000005], [41.39039147200003, 67.12490469000005], [41.178070509000065, 66.80955638200004], [40.444346550000034, 66.40550364800004], [38.55437259200005, 66.05499909100007], [35.55779056100005, 66.38703034100007], [34.80355879000007, 66.61351146000004], [34.48015384200005, 66.53758372600004], [34.35596764400009, 66.62978750200006], [34.50318444100009, 66.63825104400007], [34.52165774800005, 66.65717194200005], [34.09229576900009, 66.67243073100008], [34.141368035000085, 66.77383047100005], [33.48324629000007, 66.73041413000004], [32.80486087300005, 67.01032135600008], [32.968760613000086, 67.09076569200005], [32.38257897200009, 67.15965403900003], [31.85092207100007, 67.15281810100004], [32.26197350400008, 67.12498607000003], [32.549815300000034, 67.00006745000007], [32.42017662900008, 66.88593170800004], [33.31861412900008, 66.62933991100005], [32.59359744636504, 66.58234446922182], [32.32870405504809, 66.35915395778886], [31.90154666504651, 66.35636342982838], [31.555314568812264, 66.65520823836948], [29.362497842000096, 66.6265528310001], [29.09990808100011, 66.99120920800003], [30.00941329000011, 67.68584381199999], [29.330850057000134, 68.07269358300009], [28.69032067900011, 68.18317779600001], [28.447906535000044, 68.52971995000006], [28.801476684000107, 68.83548940000004], [28.444237508000043, 68.8658234660001]]], [[[33.045930453693096, 66.57624538837909], [33.25961347700007, 66.61839427300004], [33.53679446700005, 66.53587474200003], [33.49919681100005, 66.52285390800006], [33.045930453693096, 66.57624538837909]]], [[[32.356130405000044, 67.13906484600005], [32.39372806100005, 67.10032786700003], [32.33765709700009, 67.12490469000005], [32.356130405000044, 67.13906484600005]]], [[[33.975596550000034, 69.36961497600004], [34.215830925000034, 69.40778229400007], [34.406911655000044, 69.35252513200004], [33.975596550000034, 69.36961497600004]]], [[[36.785899285000085, 80.13983795800004], [36.65259850400008, 80.17487213700008], [36.85368899800005, 80.15192291900007], [36.785899285000085, 80.13983795800004]]]]}}, {"type": "Feature", "properties": {"name": "Karelia", "type": "Respublika", "region": "Northwestern", "code_hasc": "RU.KI", "latitude": 63.5295, "longitude": 33.1446, "admin": "Russia"}, "geometry": {"type": "MultiPolygon", "coordinates": [[[[30.11628015100007, 65.68720611600004], [29.362497842000096, 66.6265528310001], [31.555314568812264, 66.65520823836948], [31.90154666504651, 66.35636342982838], [33.045930453693096, 66.57624538837909], [33.1658472212722, 66.55593294554899], [32.94092858200008, 66.52846914300005], [33.735362175000034, 66.42601146000004], [33.31080162900008, 66.31679922100005], [34.55298912900008, 66.09369538000004], [34.96859785200007, 65.72772858300004], [34.68873131600009, 65.80971914300005], [34.68189537900008, 65.45335521000004], [34.29704837300005, 65.38507721600007], [34.77369225400008, 65.10024648600006], [34.70240319100009, 64.98041413000004], [34.942067905000044, 64.85757070500006], [34.75700931100005, 64.77435944200005], [35.00903061300005, 64.74318441700007], [34.74333743600005, 64.55585358300004], [35.34875211700006, 64.29607325700005], [35.81080162900008, 64.34202708500004], [36.52340622662812, 63.971429154705895], [36.469329868078944, 63.67554515248679], [35.85737755732839, 63.59865062102932], [36.412279087110164, 63.20559967698347], [36.258903436244566, 63.031760158904206], [36.500542433286626, 62.82603628204873], [37.5122636246665, 62.63757233329653], [37.57262169843261, 62.3606383327928], [37.42875451031239, 62.21320547125549], [37.7293046402969, 62.19984711425292], [37.92949913897405, 61.96210968741212], [37.77291954899795, 61.522136541867894], [36.632317336276, 61.55314240239994], [35.43631798718536, 61.161590074222545], [34.733311802297806, 61.3210118681032], [34.40599327966612, 61.14706899723643], [33.53493533729596, 61.22081126642678], [33.45855756977602, 61.127225246747685], [33.86711144363818, 61.07053620098486], [32.703358189428855, 60.645704250950416], [29.277058695702237, 61.304598834268745], [31.243756551000104, 62.503343608000066], [31.56952478000011, 62.90592885400004], [31.203965698000104, 63.212680155], [29.980784546000052, 63.74153676400009], [30.586432332000072, 64.08466827500011], [30.536202841000147, 64.23468495700008], [30.032460978000074, 64.39694895500007], [29.954842977000112, 64.568979798], [30.1808240150001, 64.64277374300006], [30.118863973000146, 64.76793406200007], [29.780279989000064, 64.79558095400007], [29.588147013000082, 64.9914346320001], [29.85019820100007, 65.12150421100004], [29.580085490000045, 65.23539906900008], [29.838571004000073, 65.564888001], [29.70286869300014, 65.62938018900003], [30.11628015100007, 65.68720611600004]]], [[[35.85678144600007, 64.38735586100006], [36.031260613000086, 64.37311432500007], [36.044932488000086, 64.36033763200004], [35.85678144600007, 64.38735586100006]]], [[[35.86687259200005, 65.03131745000007], [35.74465999000006, 64.96155085700008], [35.506113249000066, 65.12128825600007], [35.786449566000044, 65.16510551500005], [35.86687259200005, 65.03131745000007]]], [[[35.92741946700005, 65.05410390800006], [36.00513756600009, 65.02651601800005], [35.89185631600009, 65.04071686400005], [35.92741946700005, 65.05410390800006]]], [[[35.99040774800005, 65.19122955900008], [36.26099694100009, 65.15452708500004], [35.94223066500007, 65.15460846600007], [35.99040774800005, 65.19122955900008]]]]}}, {"type": "Feature", "properties": {"name": "Leningrad", "type": "Oblast", "region": "Northwestern", "code_hasc": "RU.LN", "latitude": 59.9905, "longitude": 32.7736, "admin": "Russia"}, "geometry": {"type": "MultiPolygon", "coordinates": [[[[27.794118686000047, 60.533189195000034], [29.277058695702237, 61.304598834268745], [32.703358189428855, 60.645704250950416], [33.86711144363818, 61.07053620098486], [33.45855756977602, 61.127225246747685], [33.53493533729596, 61.22081126642678], [34.40599327966612, 61.14706899723643], [34.733311802297806, 61.3210118681032], [35.33182824078068, 61.286853746203406], [35.69180626764512, 61.128052069947046], [35.14382938002183, 60.77654897705361], [35.251729771112025, 60.44535472354164], [35.08533165912877, 60.023778388561766], [35.413063592011156, 59.97282542655216], [35.40562218591515, 59.71242788373979], [35.640543247273, 59.65346507395395], [35.288936801592115, 59.49926259988905], [35.448513625103715, 59.42769074193416], [35.38185102680342, 59.30033417398289], [34.79811404772511, 59.1024392768511], [33.00990278468572, 59.42999034347952], [32.65323204881997, 59.124711819195056], [32.124065382911056, 59.394333604812005], [31.5518005713393, 59.36805613947922], [31.306027459199868, 58.98523712769128], [31.001343215017357, 59.074792385060505], [30.705650668743374, 58.74933421530176], [30.16594201041545, 58.76540558499971], [30.122637160076863, 58.48867829007099], [29.658789504432036, 58.45061859796988], [28.978727654557588, 58.81150096329878], [27.69588933300011, 58.97718303300009], [27.88230798400008, 59.27565948500008], [28.181824585000044, 59.35606801400003], [28.007009311000047, 59.758246161000045], [28.375254754000082, 59.66632721600007], [28.476084832000083, 59.85175202000005], [28.83253014400009, 59.78652578300006], [29.161387566000087, 60.00263092700004], [29.697139291337795, 59.950047624764714], [30.259372999564278, 59.60985016525291], [30.756190219602956, 59.77748851248481], [30.51165734181285, 59.86239288991993], [30.3904244321418, 60.12273875588886], [29.632951287771675, 60.266011663907136], [29.09229576900009, 60.17796458500004], [28.61695397200009, 60.38198476800005], [28.438975457000083, 60.559881903000075], [28.70281009200005, 60.46116771000004], [28.690440300000034, 60.73847077000005], [27.794118686000047, 60.533189195000034]]], [[[28.604502800000034, 60.64500560100004], [28.57553144600007, 60.58038971600007], [28.56104576900009, 60.62946198100008], [28.604502800000034, 60.64500560100004]]], [[[27.82007897200009, 60.03082916900007], [27.820485873000052, 59.98273346600007], [27.802582227000073, 59.999335028000075], [27.82007897200009, 60.03082916900007]]], [[[26.964121941000087, 60.09943268400008], [26.984711134000065, 60.01772695500006], [26.950043165000068, 60.09955475500004], [26.964121941000087, 60.09943268400008]]], [[[28.580332879000082, 60.348944403000075], [28.624196811000047, 60.27020905200004], [28.541351759000065, 60.347357489000046], [28.580332879000082, 60.348944403000075]]], [[[28.48487389400009, 60.36188385600008], [28.50367272200009, 60.31102122600004], [28.42554772200009, 60.36078522300005], [28.48487389400009, 60.36188385600008]]]]}}, {"type": "Feature", "properties": {"name": "Smolensk", "type": "Oblast", "region": "Central", "code_hasc": "RU.SM", "latitude": 54.6726, "longitude": 33.0803, "admin": "Russia"}, "geometry": {"type": "Polygon", "coordinates": [[[30.98062015800008, 55.01865834600004], [30.79427494300006, 55.28551544200003], [31.047335238730284, 55.76853424695793], [33.16544884588751, 55.64559601494409], [33.89842736163342, 56.07078970018449], [34.22026818203096, 56.0743553745009], [35.206977979949784, 55.937929593376], [35.3984908381816, 55.61086945316271], [35.2820121603329, 55.55924469668537], [35.369655388885064, 55.2387991402681], [34.8658101739004, 54.88383372674508], [34.92100060379482, 54.77159251588188], [34.40806033721475, 54.68012523149423], [34.37457400888337, 54.421743069387105], [33.724794549129115, 54.55925405523044], [33.47685102665355, 53.974406033011974], [33.24813113794164, 53.95396800421997], [33.2889555186822, 53.82172801413651], [32.766196730094975, 53.414388536201955], [32.42942061400004, 53.56158966100013], [32.46156335400008, 53.70680043600008], [31.744656209000084, 53.7948570760001], [31.82263594500006, 54.053445944000075], [31.32468184400011, 54.22924916600003], [31.064646037000045, 54.4922822060001], [31.16794722500009, 54.62157664000004], [30.770607137000127, 54.78601104800002], [30.98062015800008, 55.01865834600004]]]}}, {"type": "Feature", "properties": {"name": "Bryansk", "type": "Oblast", "region": "Central", "code_hasc": "RU.BR", "latitude": 53.0868, "longitude": 33.2803, "admin": "Russia"}, "geometry": {"type": "Polygon", "coordinates": [[[32.69793135600008, 53.325893454], [33.2889555186822, 53.82172801413651], [33.24813113794164, 53.95396800421997], [33.65637495344134, 54.03174103482087], [34.20631554492644, 53.88802887633153], [34.53725141781865, 53.59817576839697], [34.50004438733856, 53.42728180611044], [35.01722212090414, 53.39178009707382], [35.313638136690656, 53.06218781221776], [34.796150343863246, 52.8644996197616], [35.09153283087545, 52.69797231746844], [34.832943963193316, 52.42403555050021], [34.88224327970357, 52.23102407550067], [34.39627811044642, 52.00760102007098], [34.37110138200006, 51.826811306000124], [33.778950643000144, 52.36006093400006], [32.35355961100004, 52.32158783000001], [32.233308553000086, 52.08085317000008], [31.76434493000005, 52.10056772900005], [31.567354370000146, 52.31138173400005], [31.560843139000042, 52.78706329400008], [31.24706384300009, 53.01438791900004], [31.416355835000104, 53.199983826000064], [32.11729496300006, 53.08110219300006], [32.69793135600008, 53.325893454]]]}}, {"type": "Feature", "properties": {"name": "Kursk", "type": "Oblast", "region": "Central", "code_hasc": "RU.KS", "latitude": 51.7358, "longitude": 36.2921, "admin": "Russia"}, "geometry": {"type": "Polygon", "coordinates": [[[34.35689986200009, 51.70555308100002], [34.38490929482805, 51.99641307250528], [34.68411583767573, 52.071550604776576], [34.89681603443245, 52.35323883710265], [35.54866255083601, 52.43297557246467], [35.62938113812902, 52.24890412032886], [36.35068077989405, 52.36806997335054], [37.38689659989814, 51.926598211937915], [38.29877892390817, 51.9610147162561], [38.505071242443876, 51.73188141549491], [38.13992557080843, 51.628683580282996], [38.2915442242865, 51.29245087320919], [38.041740349837255, 51.42120270424141], [37.36860314302061, 51.385778510469834], [36.61102664586298, 51.07804535590844], [35.98398481644608, 51.15966828076654], [35.81014529836682, 50.94040517795656], [35.546388787712374, 50.905730292119244], [35.07871626800011, 51.20762481700005], [34.18595422400011, 51.248914286000044], [34.30015913900013, 51.36839019800003], [34.07950077400011, 51.64310211200005], [34.35689986200009, 51.70555308100002]]]}}, {"type": "Feature", "properties": {"name": "Belgorod", "type": "Oblast", "region": "Central", "code_hasc": "RU.BL", "latitude": 50.8757, "longitude": 37.277, "admin": "Russia"}, "geometry": {"type": "Polygon", "coordinates": [[[35.67320194500013, 50.340184225000044], [35.42525842300006, 50.50048451800011], [35.28221805800007, 50.96110741200003], [35.80415083219515, 50.93823476851975], [35.98398481644608, 51.15966828076654], [36.61102664586298, 51.07804535590844], [37.144224074081706, 51.34291290970299], [38.041740349837255, 51.42120270424141], [38.439855584067914, 51.26348623270343], [38.39892784964053, 51.07347199213871], [38.84582563734324, 51.03647166633431], [38.72448937398542, 50.7900784374699], [39.11878055238054, 50.610502834737986], [38.99041629407668, 50.43273590803568], [39.27236290882115, 50.05958039042264], [39.181005517000074, 49.85948693100006], [38.9373954670001, 49.80347279900012], [38.29991499900012, 50.06051137300007], [38.00039839700014, 49.89979766900008], [37.41521447800005, 50.431858216000066], [36.5943860270001, 50.20443023700007], [36.10583703600008, 50.42110951800005], [35.67320194500013, 50.340184225000044]]]}}, {"type": "Feature", "properties": {"name": "Voronezh", "type": "Oblast", "region": "Central", "code_hasc": "RU.VR", "latitude": 50.7774, "longitude": 40.5223, "admin": "Russia"}, "geometry": {"type": "Polygon", "coordinates": [[[39.32765588400014, 49.72631988500005], [38.99041629407668, 50.43273590803568], [39.11878055238054, 50.610502834737986], [38.72448937398542, 50.7900784374699], [38.84582563734324, 51.03647166633431], [38.40337202310036, 51.07135325774664], [38.50104048013401, 51.188865465268975], [38.29371463372337, 51.28472524717239], [38.13992557080843, 51.628683580282996], [38.505071242443876, 51.73188141549491], [38.29877892390817, 51.9610147162561], [39.26523156108766, 52.10501109468623], [39.738070917338916, 51.924479479344484], [40.734599237264945, 51.94039582031081], [41.06605187409468, 51.710177313931865], [42.19239139224891, 51.72630036137258], [42.863978306353715, 51.37588247319758], [42.904492628731816, 51.24080027920951], [42.57303999190208, 51.16850495084276], [41.854944289247555, 51.18855540600714], [41.16754438696387, 50.78051829698177], [41.52576541464214, 50.59866893202559], [41.50860884022575, 50.39211823197081], [40.88477094902004, 49.69030060548852], [39.8287105710001, 49.541473288000034], [39.32765588400014, 49.72631988500005]]]}}, {"type": "Feature", "properties": {"name": "Rostov", "type": "Oblast", "region": "Volga", "code_hasc": "RU.RO", "latitude": 47.9913, "longitude": 41.2613, "admin": "Russia"}, "geometry": {"type": "Polygon", "coordinates": [[[39.67399133300006, 48.9701386520001], [40.14166304500014, 49.245780741], [40.118504096000095, 49.58845100100005], [40.88477094902004, 49.69030060548852], [41.36205447783186, 50.22634023671253], [42.115083448742155, 49.75034861909347], [42.07064171684175, 49.15188385745404], [42.34380333835338, 49.15214223897311], [42.74543257005706, 48.79686676708758], [42.62864383294652, 48.54804474546859], [42.077876418262065, 48.41125722913779], [42.020618930818955, 48.037481593900395], [42.49190799255979, 48.013607082900535], [42.955342237953914, 47.51033030869678], [43.73152225125085, 47.47661143726799], [43.802318962849824, 47.28254059507236], [44.24456587061843, 47.56931895600496], [44.26244591724526, 46.90013499623308], [43.81430789609249, 46.58005117412239], [43.96644331170944, 46.3397557642171], [43.77296674961576, 46.40791697928512], [43.61938439317515, 46.19728384097647], [43.355627883420084, 46.172349961881196], [42.92836713973168, 46.435615546120516], [42.16851688034973, 46.5787075869855], [42.0342615086617, 46.54325755479232], [42.20634402755479, 46.31701813387974], [41.65919396313086, 46.17831859053052], [41.712627393839114, 45.99600413758088], [41.16237674309218, 45.953551947964], [40.998252394232566, 46.29438385722921], [40.23674848755263, 46.345982774385504], [40.02342817586958, 46.76484609577068], [39.44351525172749, 46.808900254942785], [38.860398390273474, 46.58798350753284], [38.9114547059699, 46.81497223637956], [38.673527437142944, 46.862954815742064], [39.388682488000086, 47.11517975500004], [39.08814537900008, 47.286444403000075], [38.47803795700008, 47.14248281500005], [38.55990644600007, 47.21820709800005], [38.77564537900008, 47.24551015800006], [38.81039472700007, 47.28782786700003], [38.553396030000044, 47.229803778000075], [38.42790774800005, 47.13353099200003], [38.21664472700007, 47.10325755400004], [38.27438684000009, 47.52784942700002], [38.8772441000001, 47.86123993000011], [39.75905074100007, 47.83294708300012], [39.99324833200012, 48.27323028600004], [39.81589481600008, 48.308163554000046], [39.92410526600008, 48.376118063], [39.83532515500008, 48.57347035800002], [39.631720011000084, 48.58690623000008], [39.77941125500007, 48.807719625000075], [40.052779582000085, 48.84973256500008], [39.67399133300006, 48.9701386520001]]]}}, {"type": "Feature", "properties": {"name": "Buryat", "type": "Respublika", "region": "Siberian", "code_hasc": "RU.BU", "latitude": 52.9061, "longitude": 109.341, "admin": "Russia"}, "geometry": {"type": "Polygon", "coordinates": [[[102.1838708900001, 51.323896790000035], [98.99471154800011, 52.05829640700007], [98.6461031430456, 52.26275340374656], [98.6292566260924, 52.42429393201934], [98.93404422396173, 52.66562286979956], [98.93807498627154, 52.92485769352771], [99.20668908063652, 52.853440864304446], [99.37029666465929, 53.1092650424477], [100.24786583893729, 53.37653555057517], [100.39514367084371, 53.10117768030568], [100.8656059102845, 52.80029165353693], [101.45998823367, 52.620974433223466], [101.9632133319297, 52.22244578694347], [102.54209272729747, 52.227613429915834], [103.20892540868061, 51.80913768215828], [103.32778120333984, 51.4380492211946], [103.81674360613249, 51.401255601864534], [103.81374637169768, 51.13186636024432], [104.60935672433334, 51.268292141369216], [104.64987104671138, 51.62243073169287], [105.4611910338391, 51.86334625922245], [106.19830366378301, 52.44018443546332], [108.06082563679365, 53.20512482435112], [109.04071414624082, 54.480886746326235], [108.55784956330666, 54.542975979058156], [108.78222863224556, 55.169501044537526], [108.62223839668462, 55.455891831842564], [108.85405887261885, 55.86625438083496], [109.25506798669818, 55.97952912047248], [108.5570227401073, 56.345656643139534], [108.6990295762539, 56.582903144464524], [109.7670780781907, 56.70408437819145], [109.98897667933022, 56.96902944635184], [111.15231652238953, 56.813431708306666], [111.5869153175878, 57.10716054981947], [111.81367150333716, 56.908412991066655], [112.6620951681574, 56.95965017391637], [112.89577599516599, 56.69170787222049], [113.89747195806433, 56.525438951446404], [114.1447953629156, 56.68114004227908], [114.77927859932788, 56.69938182231323], [115.08592654827157, 57.1185810413819], [116.13103071519527, 57.23857371670363], [116.23841434144867, 57.149328517696915], [115.62201785723823, 56.933682766046786], [115.43556928919133, 56.64109080699512], [115.8005082543524, 56.466114407353984], [115.68795698512668, 56.32669139269359], [115.83761193204498, 56.17894847279376], [115.94499555919765, 55.41377553990924], [116.39334028502606, 55.40220001871586], [116.9234371278211, 54.88548737224443], [116.7036055851296, 54.55403473631401], [115.62935590964742, 54.44228445096661], [114.95756229086703, 54.01923533854], [113.80610802556487, 53.6431342642349], [113.84248823464429, 53.38180654633504], [114.31284712129752, 52.97180573254849], [113.58059207596352, 52.454472968452706], [112.5447896671094, 52.34703766535597], [112.40536665244906, 52.208389797950815], [112.069573194947, 52.28037506795499], [110.67699669833894, 51.50445343707645], [110.0492313994095, 51.61607453121462], [109.36679243362386, 51.35278310855358], [108.59154259631373, 51.50615875941918], [108.35424441904468, 51.267310289438285], [108.57004520122501, 51.11078237630562], [108.06702680943965, 50.75349152281552], [108.6757751810797, 50.49474762640182], [107.99023562987037, 50.3347573917402], [107.74460414476545, 49.967352880331134], [107.19219567900012, 50.00604441400007], [106.65651778200004, 50.32700673500007], [105.32864017800006, 50.476454977000074], [104.12168542500012, 50.14825795500009], [103.30659305800003, 50.19042592400005], [102.30293339000008, 50.563891500000025], [102.1838708900001, 51.323896790000035]]]}}, {"type": "Feature", "properties": {"name": "Chita", "type": "Oblast", "region": "Siberian", "code_hasc": "RU.CT", "latitude": 52.159, "longitude": 116.559, "admin": "Russia"}, "geometry": {"type": "Polygon", "coordinates": [[[114.75374963400014, 50.236211243000085], [113.57966109200004, 50.01994537400013], [112.77712609900004, 49.50137237500003], [111.33845422400009, 49.36473988900012], [110.68805464700006, 49.13452138300006], [108.53805668100006, 49.32742950500007], [107.92744795800007, 49.67004425100008], [107.95649011200004, 49.923362122000086], [107.74460414476545, 49.967352880331134], [107.99023562987037, 50.3347573917402], [108.6757751810797, 50.49474762640182], [108.06702680943965, 50.75349152281552], [108.57004520122501, 51.11078237630562], [108.35424441904468, 51.267310289438285], [108.59154259631373, 51.50615875941918], [109.36679243362386, 51.35278310855358], [110.0492313994095, 51.61607453121462], [110.67699669833894, 51.50445343707645], [112.069573194947, 52.28037506795499], [112.40536665244906, 52.208389797950815], [112.5447896671094, 52.34703766535597], [113.58059207596352, 52.454472968452706], [114.31284712129752, 52.97180573254849], [113.84248823464429, 53.38180654633504], [113.81447960764774, 53.64902537671975], [114.95756229086703, 54.01923533854], [115.62935590964742, 54.44228445096661], [116.72334598193152, 54.56519684545805], [116.89274132655089, 54.976696275113], [116.39334028502606, 55.40220001871586], [115.94499555919765, 55.41377553990924], [115.83761193204498, 56.17894847279376], [115.68795698512668, 56.32669139269359], [115.8005082543524, 56.466114407353984], [115.434122349267, 56.68979584430275], [115.71079796825154, 56.96350006817357], [116.7965198103409, 56.72449656856179], [117.327856886586, 56.942726141698074], [117.57083947166427, 56.851207180466986], [117.60091515531008, 57.149690252902815], [117.79449507019126, 57.292678940980295], [117.43193322184072, 57.254748440088406], [117.08611453675644, 57.81027008749453], [117.40929894429075, 57.90581981103543], [117.40805870994143, 58.126788235288814], [117.58727257656813, 58.180169990052946], [117.46779666608325, 58.298922431025346], [117.6686112805861, 58.39519562407878], [118.31735721156599, 58.35251089136449], [118.6304130387307, 58.175157375812205], [119.10810997869248, 58.22269969313629], [119.14231977833504, 57.533439439778306], [119.49516645656672, 57.58589101855563], [119.40462934816583, 57.431895250065736], [119.68626590364852, 57.168397121829685], [119.62125695174689, 57.02086090840419], [119.89844933466907, 56.88939606377727], [119.66952274038215, 56.76495921499577], [120.54058068185293, 56.2748340931189], [120.06164350844108, 56.13820160641899], [120.1339905127519, 55.909016628814356], [121.20699995298537, 56.01585765180914], [121.36337283738646, 55.507361558688956], [121.7983850437347, 55.61376333301138], [121.98359337833165, 55.47643321432133], [121.94669640531481, 54.994111232847104], [121.6520373878152, 54.741051744242554], [121.89677697207958, 54.80115143469095], [122.13510867722357, 54.42794424113379], [121.71322228388124, 54.415205999956925], [121.75259972469746, 54.14439565683409], [121.6335372253626, 54.0824356153114], [121.92592247883931, 53.82270986606744], [122.02505194200006, 53.429823366000036], [120.84572920700015, 53.273441875000046], [120.0329622800001, 52.76065663700011], [120.07936771700014, 52.589969381000046], [120.72397953300009, 52.542168681000035], [120.626156047, 52.34680592900007], [120.77916996300007, 52.11759511400008], [120.10045170100005, 51.65994862900003], [119.5179549560001, 50.90480092400007], [119.13348230000014, 50.381473694000064], [119.36395918900007, 50.319461975000124], [119.20851648000013, 50.015139466000036], [118.64436486800003, 49.95457468700006], [117.76886275200008, 49.51098419200004], [116.21763960800007, 50.01384755500008], [115.38781945900013, 49.891064352000015], [114.75374963400014, 50.236211243000085]]]}}, {"type": "Feature", "properties": {"name": "Amur", "type": "Oblast", "region": "Far Eastern", "code_hasc": "RU.AM", "latitude": 52.9236, "longitude": 128.354, "admin": "Russia"}, "geometry": {"type": "Polygon", "coordinates": [[[123.4815373130001, 53.5180781050001], [122.02505194200006, 53.429823366000036], [121.92592247883931, 53.82270986606744], [121.6335372253626, 54.0824356153114], [121.75259972469746, 54.14439565683409], [121.71322228388124, 54.415205999956925], [122.13510867722357, 54.42794424113379], [121.89677697207958, 54.80115143469095], [121.6520373878152, 54.741051744242554], [121.94669640531481, 54.994111232847104], [121.97945926323439, 55.48317698842726], [121.76892947771319, 55.61521027293571], [121.36337283738646, 55.507361558688956], [121.20699995298537, 56.01585765180914], [120.17977583178913, 55.87416087492443], [120.06164350844108, 56.13820160641899], [120.54058068185293, 56.2748340931189], [119.9603577011469, 56.493141181520286], [119.67593061680452, 56.77942861603776], [120.30276574064635, 57.00414358176084], [121.40688439330006, 56.97551483803932], [121.5987073098944, 56.74387523105702], [122.1596033058479, 56.73837169040115], [122.5892411636487, 56.48957550720388], [122.88751753140889, 56.59473704717698], [123.91536177022942, 56.37733429634068], [124.50933068156564, 55.8736441109869], [125.82459923736485, 55.79488922845508], [126.06158735627139, 55.58456614850894], [128.22217898966858, 55.663786119034114], [128.95650109255132, 55.46519358991219], [129.0398035022298, 55.65195221632172], [129.64338423089748, 55.744608059114626], [132.53064985640572, 55.6790306673314], [132.94550825390274, 55.37465648151141], [131.19946495964007, 54.6127908387262], [131.1140954942116, 54.323273627575816], [130.7421285341045, 54.280459702753035], [130.39858361214397, 53.90931956584524], [131.4208467959428, 53.75134471278824], [131.4458581894039, 53.219180813343826], [131.89420291613158, 53.12797191047525], [133.1533508651503, 53.29116608334806], [133.5732735537315, 53.54603424708279], [134.01055952410275, 53.43317291949461], [134.5552291198279, 53.62086172099163], [134.9155172059542, 53.42702342369205], [134.81423139866, 53.34064626701161], [134.95644494038163, 53.253855699181145], [134.65889204303335, 52.939146227416416], [134.7839490094392, 52.654667467129855], [134.63470747277165, 52.42703278313638], [133.32129926984533, 52.68182343250538], [133.34010949066044, 52.20394562449093], [132.82892622326654, 52.17782318788977], [132.27867557162028, 51.79298879719522], [131.40958133401125, 51.68129018779189], [131.49743126813848, 51.35293813728521], [131.060455357029, 51.243022366389084], [130.64508019379582, 50.65729584412787], [130.93260786266273, 50.665667426210746], [130.91989546080686, 50.39299673111424], [131.29692671109876, 50.36529816337952], [131.44151736873152, 50.186187649540386], [131.29537641838692, 49.982272446915886], [131.49722456256347, 49.910364692176756], [131.35449425690433, 49.703736476856875], [131.49867150338707, 49.421841538955846], [130.98273400327162, 48.97215322509123], [130.54089969900008, 48.85345326800008], [129.92646692000005, 49.02569081600008], [129.48060266200002, 49.42127390600008], [129.08786177600007, 49.352079163000084], [128.67186649600006, 49.611443177000055], [127.70360518500001, 49.660639141], [127.50811324100005, 49.822334697000045], [127.59064050300009, 50.20871938100002], [127.33065637200008, 50.328195292], [127.287351522, 50.751011862000084], [126.93176599200007, 51.06378346800007], [126.98116866100008, 51.30885894800004], [126.8237105720001, 51.26555409800007], [126.90944177300003, 51.39110199], [126.44605920400011, 51.982538757000086], [126.55597497600007, 52.130643412000026], [125.97730228700004, 52.61076914500008], [126.08804488100014, 52.77541025800012], [125.12743168100013, 53.20654673300005], [124.87013472500013, 53.107999776000085], [123.4815373130001, 53.5180781050001]]]}}, {"type": "Feature", "properties": {"name": "Yevrey", "type": "Avtonomnaya Oblast", "region": "Far Eastern", "code_hasc": "RU.YV", "latitude": 48.64, "longitude": 132.758, "admin": "Russia"}, "geometry": {"type": "Polygon", "coordinates": [[[130.82512007700012, 48.31777537100005], [130.52973759000008, 48.616258443000035], [130.6739156430924, 48.92424917346057], [130.98273400327162, 48.97215322509123], [131.18241173711192, 49.24986237195088], [131.98639367093108, 49.236426500582525], [132.1198222194198, 49.48550690372059], [132.3916402528953, 49.29239207593355], [132.76980838384975, 49.34802175629898], [133.173401321214, 49.17508657488548], [133.32129926984533, 48.819190986274975], [134.98662397681505, 48.594811917336074], [134.7691695500347, 48.37374013939586], [133.09195845600004, 48.10678049700003], [132.67461958900003, 47.95061431900008], [132.53643680900012, 47.711068217], [131.914045858, 47.667634176], [130.94180546100011, 47.717967021000064], [130.67474165900006, 48.06394073500009], [130.82512007700012, 48.31777537100005]]]}}, {"type": "Feature", "properties": {"name": "Khabarovsk", "type": "Kray", "region": "Far Eastern", "code_hasc": "RU.KH", "latitude": 57.0232, "longitude": 135.443, "admin": "Russia"}, "geometry": {"type": "MultiPolygon", "coordinates": [[[[134.71873254400015, 48.26341176400008], [134.3863497315548, 48.38133738271404], [134.90590539042137, 48.42794871735941], [134.98300662655447, 48.60452708655578], [133.32129926984533, 48.819190986274975], [133.173401321214, 49.17508657488548], [132.76980838384975, 49.34802175629898], [132.3916402528953, 49.29239207593355], [132.1385290874474, 49.483904934165366], [131.98639367093108, 49.236426500582525], [131.44699507096573, 49.20774608001756], [131.49991173683713, 49.6113131780607], [131.35449425690433, 49.703736476856875], [131.49898156085032, 49.90522288672679], [131.29516971191265, 49.989765529855276], [131.4644617046439, 50.14980744136028], [131.29692671109876, 50.36529816337952], [130.91989546080686, 50.39299673111424], [130.93260786266273, 50.665667426210746], [130.64508019379582, 50.65729584412787], [131.060455357029, 51.243022366389084], [131.49743126813848, 51.35293813728521], [131.40958133401125, 51.68129018779189], [132.28549686099132, 51.79487498579192], [132.58976769402386, 52.08152415641467], [133.42620242740009, 52.254976100866315], [133.2461617366747, 52.45013214778038], [133.3052795760915, 52.676009833487], [134.63470747277165, 52.42703278313638], [134.7839490094392, 52.654667467129855], [134.65889204303335, 52.939146227416416], [134.95644494038163, 53.253855699181145], [134.81423139866, 53.34064626701161], [134.9155172059542, 53.42702342369205], [134.5552291198279, 53.62086172099163], [134.01055952410275, 53.43317291949461], [133.5732735537315, 53.54603424708279], [133.1533508651503, 53.29116608334806], [131.89420291613158, 53.12797191047525], [131.4458581894039, 53.219180813343826], [131.4208467959428, 53.75134471278824], [130.39362267474655, 53.915314032916285], [130.7421285341045, 54.280459702753035], [131.10603396959198, 54.31624563352915], [131.19946495964007, 54.6127908387262], [132.94550825390274, 55.37465648151141], [132.40001183497816, 55.70321523669378], [130.9229960471298, 55.678565579338], [130.8646016790242, 55.89948232674794], [131.12556766171815, 56.41051056630954], [131.49743126813848, 56.54952016892065], [131.70144982265117, 56.459086412408], [131.79953169173416, 56.72237783506898], [131.10169314981897, 57.23092560503261], [131.50590620300886, 57.24580841722462], [131.6930782405683, 57.56051788988867], [132.04747521420973, 57.66108022677105], [131.46373823513136, 58.15991282841429], [132.1198222194198, 58.04648305914583], [132.00851118364415, 58.11454092142634], [132.19475304611615, 58.24254344272566], [132.1241630391928, 58.48684377741836], [132.4169617047188, 58.48196035438684], [132.59927615766844, 58.89103099218653], [132.80794559121603, 58.880178941405006], [132.8363676293626, 59.103317775994526], [133.4289929553605, 59.275632839783725], [135.18692182827965, 59.116236884324735], [135.75722293509034, 59.52879568117572], [136.75871219331304, 59.354646104733945], [137.46574913961103, 59.555254015460434], [137.61571414579112, 59.73976471626861], [138.25298790926456, 59.7125312365273], [138.24275597520807, 60.49269033529072], [138.43747277165107, 60.68037913678768], [138.18281131439062, 60.88941030554116], [138.291641879669, 61.10996531774521], [139.5482060081007, 61.481673896333234], [139.99427697170483, 61.97766429317255], [140.27963423113476, 62.05337026622476], [140.3472270036233, 62.387458401384094], [140.7047245626884, 62.572718411025846], [141.2953861839252, 62.435104072395006], [141.861449822851, 62.0271186393137], [142.17729617707687, 62.085254625000914], [142.4132507672091, 61.87126251885013], [142.98117475810852, 61.90557567038087], [143.2132019387185, 62.115511175800066], [143.6093534690873, 62.02468984655917], [143.64687055882916, 61.86994477013502], [143.9271635280743, 61.989136461578425], [143.93439822769597, 61.75685089855011], [144.22244266229893, 61.733183092225886], [144.71450564961594, 62.04375844979262], [145.4683614437256, 61.95570180919111], [145.7328414247919, 62.05995901069974], [146.57971479690025, 61.64075979342971], [146.61475141794358, 61.434079902165706], [146.7676103048716, 61.40328074810799], [146.70115441304563, 60.95886343000325], [146.48607710217652, 60.9329218614547], [146.40401492684737, 60.666116441320696], [146.0598498881618, 60.73727488902489], [145.51001264856484, 60.463699856363235], [145.79299279208362, 60.198160509000274], [146.37424930156396, 60.27120514620049], [146.77608523974197, 59.906421209771], [147.11125857961974, 59.8849238155816], [147.09286176995465, 59.41756216156449], [146.439641574, 59.46040865500004], [146.3631079060001, 59.21281146400008], [146.05029199900002, 59.13887271900006], [145.82496178500003, 59.24127838700008], [145.95700552900007, 59.41672280700004], [145.67465254, 59.436428127000056], [143.16480553500003, 59.38100820500006], [142.26238040500004, 59.12457916900007], [141.5837338890001, 58.617748978000066], [140.74000084700003, 58.27130768400008], [140.49572797400003, 57.84477360200003], [138.6230574880001, 56.95929596600007], [138.581736352, 56.78450917500004], [138.4544484820001, 56.83933669600003], [138.12964928500003, 56.585638739000046], [138.2234770990001, 56.42416025300008], [135.183724246, 54.85915536300007], [135.2441512380001, 54.701239325000074], [135.75017337300005, 54.57094961100006], [136.82349694100003, 54.64752838700008], [136.8144637380001, 54.15932851800005], [136.6591903000001, 53.93504466400003], [136.76433353000004, 53.77529531500005], [137.18572024800005, 53.85106028900003], [137.29086347700002, 54.03571198100008], [137.06137129, 54.145697333000044], [137.73585045700008, 54.32099030200004], [137.48389733200008, 54.08466217700004], [137.30787194100003, 54.118353583000044], [137.86280358200008, 53.96759674700007], [137.21762129, 53.60057200700004], [137.33513431100005, 53.529364325000074], [138.15007571700005, 53.672756252000056], [138.5786238940001, 53.999335028000075], [138.57992597700002, 53.82831452000005], [138.21558678500003, 53.49176666900007], [138.43921959700003, 53.513657945000034], [138.771820509, 54.01557038000004], [138.6435653000001, 54.29718659100007], [139.30225670700008, 54.190619208000044], [139.7675887380001, 54.303941148000035], [140.240570509, 54.05695221600007], [140.25733483200008, 53.86855703300006], [140.58122806100005, 53.63930898600006], [141.40748131600003, 53.30377838700008], [141.432953321, 53.148871161000045], [141.188812696, 52.987494208000044], [140.70671634200005, 53.111029364000046], [141.26059004, 52.85224030200004], [141.31625410200002, 52.65912506700005], [141.12818444100003, 52.42291901200008], [141.55583743600005, 52.16229889500005], [141.35499108200008, 52.105902411000045], [141.42554772200003, 51.925482489000046], [140.68628991000003, 51.31281159100007], [140.70671634200005, 51.031683661000045], [140.44214928500003, 50.53009674700007], [140.52295983200008, 50.15106842700004], [140.69092858200008, 50.08026764500005], [140.41521243600005, 49.87457916900007], [140.56080162900003, 49.575384833000044], [140.2192488940001, 49.01386139500005], [140.39795983200008, 48.99274323100008], [140.17701256600003, 48.461818752000056], [139.2617293630001, 47.78790924700007], [139.02637621828774, 47.38942936487325], [138.55157433538716, 47.47661143726799], [138.64273156141235, 47.60567332576335], [138.5126103048217, 47.66344757714393], [138.8255627791989, 47.86090322470403], [138.57947960779757, 48.0218753121959], [138.70784386610148, 48.188790188116684], [138.30559451677345, 48.44458852783828], [137.31547407416917, 48.090294907883674], [137.6051721542715, 47.89826528571433], [137.440324335, 47.78204499028402], [138.0502095891012, 47.67590159838005], [138.08679650285626, 47.516608994809246], [137.45241662013086, 47.19835968714983], [137.06546349504424, 47.29486542419994], [136.97833703042954, 47.015683498994235], [136.60719689262248, 46.787325343689645], [135.36727257736754, 46.91641307240536], [135.4232898295619, 47.04059153876847], [135.0899768407586, 47.19443227852679], [134.44453820167666, 46.94736725519465], [134.41932010264054, 46.68014842391062], [134.01490034387575, 46.62645661078392], [134.18357141100006, 47.327499899000074], [134.77257938700006, 47.710732321000094], [134.55936242700005, 48.00952545200009], [134.71873254400015, 48.26341176400008]]], [[[137.71648196700005, 54.39215729400007], [137.9179793630001, 54.509426174000055], [137.71509850400003, 54.367173570000034], [137.71648196700005, 54.39215729400007]]], [[[137.54672285200002, 54.51626211100006], [137.6411238940001, 54.400458075000074], [137.56812584700003, 54.39663320500006], [137.54672285200002, 54.51626211100006]]], [[[137.171234571, 55.11953359600005], [137.07496178500003, 54.93317291900007], [136.6704207690001, 54.90729401200008], [136.80925540500004, 55.01805247600004], [137.171234571, 55.11953359600005]]], [[[137.56788170700008, 55.194647528000075], [138.21216881600003, 55.036363023000035], [137.71892337300005, 54.624335028000075], [137.4853621750001, 54.879339911000045], [137.225922071, 54.77781810100004], [137.56788170700008, 55.194647528000075]]], [[[139.24359328000003, 54.58103164400006], [139.26146162600003, 54.59923354500006], [139.276750074, 54.61310968300006], [139.24359328000003, 54.58103164400006]]], [[[138.19594380500007, 54.70111044100008], [138.226782555, 54.715626317000044], [138.24099507800008, 54.71371165900007], [138.19594380500007, 54.70111044100008]]]]}}, {"type": "Feature", "properties": {"name": "Primor'ye", "type": "Kray", "region": "Far Eastern", "code_hasc": "RU.PR", "latitude": 44.8622, "longitude": 134.594, "admin": "Russia"}, "geometry": {"type": "MultiPolygon", "coordinates": [[[[133.87444299400016, 46.31978363100008], [133.90245162000008, 46.57364410400005], [134.41932010264054, 46.68014842391062], [134.44453820167666, 46.94736725519465], [134.70498742133236, 47.11681427755684], [135.10858035689785, 47.191693427409746], [135.4232898295619, 47.04059153876847], [135.36727257736754, 46.91641307240536], [136.57722456266333, 46.77745514573837], [136.97833703042954, 47.015683498994235], [137.06546349504424, 47.29486542419994], [137.45241662013086, 47.19835968714983], [137.82221316990183, 47.35716136340619], [138.08679650285626, 47.516608994809246], [138.0502095891012, 47.67590159838005], [137.440324335, 47.78204499028402], [137.6051721542715, 47.89826528571433], [137.31547407416917, 48.090294907883674], [138.30559451677345, 48.44458852783828], [138.70784386610148, 48.188790188116684], [138.57947960779757, 48.0218753121959], [138.8255627791989, 47.86090322470403], [138.5126103048217, 47.66344757714393], [138.64273156141235, 47.60567332576335], [138.55157433538716, 47.47661143726799], [139.02637621828774, 47.38942936487325], [138.56275475400003, 47.02993398600006], [138.03402754, 46.155951239000046], [136.16529381600003, 44.496527411000045], [135.8379012380001, 44.36269765800006], [135.12842858200008, 43.50055573100008], [133.9267684250001, 42.88271719000005], [133.15772545700008, 42.68842194200005], [132.98975670700008, 42.82697174700007], [132.81592858200008, 42.75641510600008], [132.76343834700003, 42.90814850500004], [132.40438886800007, 42.942287502000056], [132.3115340500001, 42.84544505400004], [132.34579511800007, 43.29791901200008], [131.92994225400003, 43.069566148000035], [132.05201256600003, 43.31476471600007], [131.81568444100003, 43.33673737200007], [131.21954721100008, 42.554711688000054], [130.65667038900006, 42.66407951200006], [130.87289472700002, 42.52765534100007], [130.67288130800006, 42.31113942500009], [130.57190555900002, 42.621818136000016], [130.3796692310001, 42.69667144800006], [131.10303592900004, 42.91043101000004], [131.28090621000007, 43.380221456000086], [131.160706828, 43.53277028400002], [131.2644731040001, 44.054211325000026], [130.93343387900006, 44.84170847600008], [131.4337650970001, 44.96128774000006], [131.85306766800005, 45.33759552000002], [132.9661780200001, 45.02888051400002], [133.87444299400016, 46.31978363100008]]], [[[131.826508009, 43.06517161700003], [131.8833113940001, 42.96076080900008], [131.75700931100005, 42.99005768400008], [131.826508009, 43.06517161700003]]], [[[132.4536238940001, 42.86090729400007], [132.40154056100005, 42.83197663000004], [132.42750084700003, 42.89590078300006], [132.4536238940001, 42.86090729400007]]]]}}, {"type": "Feature", "properties": {"name": "Tyumen'", "type": "Oblast", "region": "Urals", "code_hasc": "RU.TY", "latitude": 57.2639, "longitude": 68.5186, "admin": "Russia"}, "geometry": {"type": "Polygon", "coordinates": [[[70.38245284100003, 55.206243796000095], [68.46634321496737, 55.406721707440795], [68.17643843018936, 55.70962311491479], [67.44666385265464, 55.73504791952581], [67.29742231598703, 55.95901357731469], [66.01491661990605, 55.99120799445336], [65.66713423006064, 56.27351634440373], [65.15667443217927, 56.29333425647076], [64.96722863059682, 56.50084096913537], [64.98087121023815, 56.7466140812748], [65.23728966668472, 56.92355418657644], [65.06799767395347, 56.907844550285745], [64.9899662618335, 57.2373334823543], [64.82925255676008, 57.30471955016708], [65.00226525343868, 57.592970690345055], [64.83927778524156, 57.64071971324415], [66.19661095613071, 58.032504584518904], [65.93450809097561, 58.614355374101194], [66.74066043513096, 58.66959747993974], [66.77900434807219, 58.9320104034573], [68.35813276641403, 59.282919217148105], [68.57134972530952, 59.5742451043281], [69.29523318856076, 59.782888699453906], [69.07137088355938, 59.89740367344075], [69.3060852402416, 59.98889679625012], [70.39852501801516, 59.817486070026064], [71.18752078595548, 59.9088500034249], [72.01599734929817, 59.559310615292645], [72.52376997290588, 59.15504588525937], [72.9261226741221, 59.143961290481116], [73.03205936135043, 58.8631257188768], [75.1594747247787, 58.650218818343774], [74.20625125519126, 58.133557847816405], [73.08735314313304, 58.14632192651567], [72.86121707500797, 58.0105162621158], [71.24942915243338, 58.07645539000424], [71.3016223487923, 58.38509288213078], [70.86464643678357, 58.534618638739175], [70.38395226418561, 57.92230459278272], [70.69018680197928, 57.56780426725311], [70.43201134634654, 57.38378449196068], [70.61236209543432, 57.2005915389683], [71.09832726379216, 57.33913605448532], [71.67172895692579, 56.83203522444603], [71.0595699397009, 56.701629747015204], [71.05305870959177, 56.54440420189235], [70.78041385291692, 56.47166962305465], [70.93864708929169, 56.404257717719474], [70.76842492057358, 56.288812567745765], [70.8609257337356, 55.983973293932365], [70.7622237488269, 55.90351308905781], [70.47552290226008, 55.87648631489151], [70.75385216674408, 55.8531285669298], [70.5436324395854, 55.710294908483206], [70.74713423016055, 55.59030223226216], [70.38245284100003, 55.206243796000095]], [[70.74909793492174, 56.01947500296899], [70.80056766086881, 56.01371307989467], [70.80666547982798, 56.04340119081229], [70.74909793492174, 56.01947500296899]], [[70.70052208882333, 55.95394928712989], [70.75033816927106, 55.94314891229243], [70.77018191886043, 55.95007355445097], [70.70052208882333, 55.95394928712989]]]}}, {"type": "Feature", "properties": {"name": "Kurgan", "type": "Oblast", "region": "Urals", "code_hasc": "RU.KU", "latitude": 55.4316, "longitude": 65.3505, "admin": "Russia"}, "geometry": {"type": "Polygon", "coordinates": [[[68.73423368500005, 55.351714066000014], [68.6053003340001, 55.19559845], [68.17710941600006, 55.17053538000009], [68.30816084800006, 55.07281524700004], [68.16605065900012, 54.956129863000044], [65.4497823480001, 54.62746775400002], [65.19816980000013, 54.51615671800009], [65.18421716400007, 54.31043284100009], [64.57851770100007, 54.38557037300011], [63.368307333000075, 54.16284495100008], [63.09189090384211, 54.31854523417519], [63.298493279840955, 54.526155301426], [63.192143182361974, 54.68642975512904], [62.10569786986076, 54.65382192594109], [61.96689497282472, 55.00072581574375], [62.26641157403486, 55.104750475054345], [62.030560336690144, 55.27280223253695], [62.198302035810286, 55.438373522220274], [62.58680545360875, 55.509066881031686], [62.071798130379364, 56.13352488896243], [62.332970818648334, 56.46916331593428], [63.356680943270874, 56.51458689976556], [63.40846072758046, 56.624140937254424], [64.17327192615846, 56.46838817047768], [64.32323693233855, 56.746924140536635], [64.83824425556793, 56.84180207050912], [65.15667443217927, 56.29333425647076], [65.66713423006064, 56.27351634440373], [66.01491661990605, 55.99120799445336], [67.29742231598703, 55.95901357731469], [67.44666385265464, 55.73504791952581], [68.17643843018936, 55.70962311491479], [68.1748881365782, 55.586168118064165], [68.73423368500005, 55.351714066000014]]]}}, {"type": "Feature", "properties": {"name": "Omsk", "type": "Oblast", "region": "Siberian", "code_hasc": "RU.OM", "latitude": 56.0471, "longitude": 73.3995, "admin": "Russia"}, "geometry": {"type": "MultiPolygon", "coordinates": [[[[71.26467289200014, 54.661729228000056], [70.82035892800013, 55.294145406000084], [70.46858559900005, 55.28546209800005], [70.74713423016055, 55.59030223226216], [70.54900678903203, 55.72621124944959], [70.7656343926131, 55.838039049162774], [70.47552290226008, 55.87648631489151], [70.7622237488269, 55.90351308905781], [70.85503462125075, 55.97371552235347], [70.76842492057358, 56.288812567745765], [70.93864708929169, 56.404257717719474], [70.77431603395775, 56.45965485318891], [71.05305870959177, 56.54440420189235], [71.0447904802964, 56.694679267334266], [71.67327924963763, 56.83777130819931], [71.09832726379216, 57.33913605448532], [70.61236209543432, 57.2005915389683], [70.43201134634654, 57.38378449196068], [70.69018680197928, 57.56780426725311], [70.38395226418561, 57.92230459278272], [70.86464643678357, 58.534618638739175], [71.3016223487923, 58.38509288213078], [71.24942915243338, 58.07645539000424], [72.86121707500797, 58.0105162621158], [73.08735314313304, 58.14632192651567], [74.20625125519126, 58.133557847816405], [75.10521447087109, 58.581024075400705], [75.30292850084959, 58.48692129178414], [75.06914432195288, 58.34289907493235], [75.22189985519412, 58.22207957641132], [75.08040978388436, 58.118726712467776], [75.55738325433367, 57.931399645277395], [75.58394493960725, 57.66190704997035], [76.10866743385498, 57.25025259158383], [76.28478071505793, 56.73679555926759], [75.84625451033736, 56.462083645044174], [76.13863976381401, 56.4470974800646], [76.31382286992948, 56.185330511693735], [75.76315880713321, 56.141224677476885], [75.31109337825677, 55.89033559830921], [75.35212446457234, 55.76786245428883], [75.08692101399356, 55.75406484591588], [75.32101525305143, 55.540486151814434], [75.09746300641257, 55.38178782834558], [75.39429243424843, 55.03741608318569], [75.33744835795534, 54.918922023732364], [75.83033816937098, 54.61459951385643], [75.68502404222573, 54.53052195872141], [75.69123357400014, 54.113138241000044], [74.4534705000001, 53.684992981000065], [74.38835819500008, 53.462215882000024], [73.90415002500004, 53.6391559850001], [73.41095015500008, 53.43002146500008], [73.22966923000007, 53.6624103810001], [73.68287154100011, 53.874128724000045], [73.74064579300011, 54.0579417930001], [73.36030725100005, 53.938414205000115], [72.62422814900003, 54.13499135400012], [72.50309859300006, 54.050862122000055], [72.70019250500008, 53.957637838000025], [72.3922009690001, 53.90823516900009], [72.48294478400004, 54.135611471000075], [72.04317834500006, 54.378025615000055], [72.17764042200008, 54.1359732050001], [71.76247196500003, 54.247645976000044], [71.64723352100009, 54.10858469700004], [71.16126835100005, 54.101970113000064], [70.97084069800013, 54.30500681600002], [71.19062056500013, 54.318184307000095], [71.14121789500012, 54.563750712000015], [71.26467289200014, 54.661729228000056]]], [[[70.7622237488269, 56.03066295053469], [70.78764855343798, 56.00017385483949], [70.73896935365269, 56.000716458098054], [70.7622237488269, 56.03066295053469]]], [[[70.706516554995, 55.95844513653378], [70.77018191886043, 55.95007355445097], [70.70124555923513, 55.9491433784641], [70.706516554995, 55.95844513653378]]]]}}, {"type": "Feature", "properties": {"name": "Novosibirsk", "type": "Oblast", "region": "Siberian", "code_hasc": "RU.NS", "latitude": 55.3139, "longitude": 80.0832, "admin": "Russia"}, "geometry": {"type": "Polygon", "coordinates": [[[76.66460168500004, 54.13406117800007], [76.91047815000007, 54.45461008800005], [75.69123357400014, 54.113138241000044], [75.80212283679947, 54.69017629749811], [75.33744835795534, 54.918922023732364], [75.39429243424843, 55.03741608318569], [75.09746300641257, 55.38178782834558], [75.32256554576327, 55.53211456973156], [75.09436242098889, 55.76321157525399], [75.35212446457234, 55.76786245428883], [75.31109337825677, 55.89033559830921], [75.76315880713321, 56.141224677476885], [76.31899051290179, 56.191299140343006], [76.13057824099297, 56.45174835909944], [75.84625451033736, 56.462083645044174], [76.2841605983329, 56.72620189090452], [76.10866743385498, 57.25025259158383], [78.44433881968075, 57.16131745093958], [79.58979861791187, 56.92856679991786], [80.24856977737329, 56.45471975421327], [81.12231489491643, 56.532621975124016], [81.55743045405217, 56.2582717961065], [83.08508914644693, 56.55272410713184], [83.25572472541569, 56.4393976915502], [83.06968956941807, 56.23393219711318], [83.40734337799444, 55.90061920830976], [83.29468875508195, 55.6824413111176], [83.64495161272669, 55.701199855988534], [83.96968631387227, 56.01466909430326], [84.53357954336121, 56.03885366546427], [84.55125288261439, 55.722645576032505], [84.77098107341777, 55.53981435824602], [84.6350720562304, 55.4087370881461], [84.87547081892313, 55.38853160335077], [84.88260216665662, 54.985274562770826], [85.0760787287503, 54.868279120085276], [84.94047977082471, 54.73138825096697], [85.07938602064831, 54.46938874039802], [84.53192589696255, 54.16971710955693], [83.56785037569426, 54.12641225921834], [83.40610314274579, 53.94058380789642], [83.18968224473974, 54.06538239188387], [82.48553917829042, 53.46862295168785], [82.20514285715711, 53.697885444557585], [81.83482954344862, 53.71305247669039], [81.72610232915912, 53.840538234951566], [81.85456994025049, 53.96864411083703], [81.55401981026597, 53.93502859219575], [80.92480756961362, 54.39605988235763], [79.57150516103434, 53.732741197548194], [78.66561730319597, 53.656053372565054], [78.37664269440478, 53.48810496697064], [77.96374799987024, 53.57657501872211], [78.05769575385591, 53.46516063105827], [77.7846567387175, 53.3274404754975], [76.3743868410001, 54.147755432000096], [76.66460168500004, 54.13406117800007]]]}}, {"type": "Feature", "properties": {"name": "Chelyabinsk", "type": "Oblast", "region": "Urals", "code_hasc": "RU.CL", "latitude": 54.1131, "longitude": 60.2383, "admin": "Russia"}, "geometry": {"type": "Polygon", "coordinates": [[[63.32859195700007, 54.16311007500009], [62.62912764500004, 54.07117096000009], [62.525258016000066, 53.87185496100004], [62.41270674600008, 54.02662587500008], [62.00363610900007, 53.93200632800007], [61.33768192500014, 54.06316111300002], [61.210764608000034, 53.90766672800005], [60.996100708000085, 53.94141143900002], [61.19908573400005, 53.79713083900002], [60.88024214700005, 53.632799785000074], [61.55534305900005, 53.50572743800005], [61.23525923700009, 53.503040264000035], [61.16270552600008, 53.299150899000026], [62.05066166200004, 53.124768779000036], [62.094173218000094, 52.99247711200009], [60.974603312000056, 52.97123809800003], [60.672606242000086, 52.67216074700006], [61.03992232300004, 52.334997864000044], [60.029775856670426, 51.99261047539312], [59.91368696478156, 52.1004377309165], [60.14395714710463, 52.42605093030619], [59.27279585104765, 52.494134630109045], [59.17502404212581, 52.277377835318816], [58.80047325963318, 52.43889252427056], [58.723682081862535, 52.645055649798394], [58.83602664641256, 53.000822048998316], [59.027642857431886, 53.01495555325613], [58.822797478820576, 53.21137767204192], [58.923359815702895, 53.935157783404975], [59.32219852124473, 54.18155101226938], [59.728995395920776, 54.138659573080815], [59.67948937383551, 54.49814667442945], [59.943969354002434, 54.85742707020307], [59.63153364356276, 54.91106720648634], [59.22783735520977, 54.61118887007029], [57.961144647307606, 54.39236501683206], [57.16512088442124, 54.818979804474395], [57.136905551849736, 55.09214142508665], [57.51796756355219, 55.33403880544648], [58.14397586419477, 55.20895599971959], [57.963831821581266, 55.16712392772706], [58.000832147385665, 54.91672577587383], [58.29900516055966, 55.17368683557896], [58.55097944534509, 54.95266673448219], [58.81566613108703, 55.02485871006138], [58.577644484305495, 55.16154287450405], [59.64135216736861, 55.565342516543865], [59.23972293476561, 55.58435944293393], [59.344316033957796, 55.643994046288185], [59.1539400572878, 55.79954010748992], [59.17347374941397, 56.005496528342064], [59.29605024622185, 56.13088939153215], [58.99725711542351, 56.20855906844622], [59.19435102687834, 56.35180613894215], [60.908975051257585, 56.1880952012325], [61.373236118052375, 56.36911774388875], [62.12616173707448, 56.127478745947315], [62.3443396342667, 55.926095689764225], [62.256282992765875, 55.84119131142984], [62.516835565209135, 55.73778676974359], [62.456684197917355, 55.568443101967546], [62.58546186737124, 55.504467677940966], [62.03459109900001, 55.29367951090069], [62.26951216035786, 55.1305111764496], [62.198302035810286, 54.9967467311767], [61.97020226382341, 55.021293037543614], [62.12337121001332, 54.815104071795474], [62.0247725769928, 54.71650543877496], [63.192143182361974, 54.68642975512904], [63.298493279840955, 54.526155301426], [63.09189090384211, 54.31854523417519], [63.32859195700007, 54.16311007500009]]]}}, {"type": "Feature", "properties": {"name": "Altay", "type": "Kray", "region": "Siberian", "code_hasc": "RU.AL", "latitude": 52.4268, "longitude": 82.8667, "admin": "Russia"}, "geometry": {"type": "Polygon", "coordinates": [[[80.05498905500014, 50.75287221300009], [77.7846567387175, 53.3274404754975], [78.05769575385591, 53.46516063105827], [77.92530073414156, 53.56484446879716], [78.37664269440478, 53.48810496697064], [78.66561730319597, 53.656053372565054], [79.44190066928041, 53.69295034378331], [80.92480756961362, 54.39605988235763], [81.55401981026597, 53.93502859219575], [81.85456994025049, 53.96864411083703], [81.72610232915912, 53.840538234951566], [81.83482954344862, 53.71305247669039], [82.20514285715711, 53.697885444557585], [82.48553917829042, 53.46862295168785], [83.18968224473974, 54.06538239188387], [83.40610314274579, 53.94058380789642], [83.56785037569426, 54.12641225921834], [84.45792524625307, 54.14160512977287], [85.16000125515376, 54.4871654324387], [85.43481652216474, 54.21154918154946], [86.13916629418907, 53.98776439091387], [86.56880415198998, 53.53802440020587], [87.00536665194937, 53.5081037461909], [86.66657596181113, 53.24987661371472], [87.07699018764703, 53.075210273335415], [86.94407840399509, 52.855120348225455], [87.18747440022338, 52.635030423115495], [86.71132775297338, 52.5125572781958], [86.61582970627586, 52.37856028892617], [86.81137332591823, 52.28799734210361], [86.7738562361763, 52.11309845592899], [85.9209883969969, 52.072119046456805], [85.47130008313229, 51.568532212991215], [84.01443810413514, 51.137602443997594], [84.60871707563251, 50.83617381397033], [84.5416410661822, 50.691066393299366], [84.08859727474442, 50.634612502265156], [83.32378177900011, 51.00241770500007], [82.47582320100008, 50.71401153600003], [81.46022627700006, 50.730341289000066], [81.40079838100013, 50.95911285400011], [81.05151737500012, 50.9557022100001], [81.1520280360001, 51.186540833000024], [80.68275435400011, 51.30201182000009], [80.05498905500014, 50.75287221300009]]]}}, {"type": "Feature", "properties": {"name": "Orenburg", "type": "Oblast", "region": "Volga", "code_hasc": "RU.OB", "latitude": 51.5157, "longitude": 56.2149, "admin": "Russia"}, "geometry": {"type": "Polygon", "coordinates": [[[59.91368696478156, 52.1004377309165], [60.06075728400009, 51.858670349000036], [60.479749797000125, 51.78425628700002], [60.375880167000105, 51.66253245100005], [61.47379764800013, 51.42580271400003], [61.66365686000012, 51.25839691200004], [61.40403446500005, 50.80258494100009], [60.718494914000075, 50.65267161100006], [60.02127648900006, 50.85405466700006], [59.81570764200006, 50.56290964800006], [59.522805623000124, 50.47464630200007], [59.437642863000065, 50.6311225380001], [58.664356730000065, 50.789924215000056], [58.595006959000045, 51.023372498000086], [58.30840946500007, 51.1500314340001], [57.76880415800014, 51.11967153000005], [57.72239872300014, 50.90872833300004], [57.46763391200011, 50.85849884100007], [57.15447473200004, 51.09995697100008], [56.68835331200006, 50.96913808200004], [56.47834029100011, 51.07303354900007], [55.659992310000064, 50.53004343700003], [54.638245890000064, 51.02768748000004], [54.502956991000076, 50.928262024000034], [54.6762797450001, 50.60254547100003], [54.499442993000116, 50.5232738240001], [54.379760376000036, 50.61944366500002], [54.47856571500006, 50.85348622700012], [53.40731327300011, 51.48417124500007], [52.545815470000036, 51.459521586000065], [52.307793823000054, 51.77454111700008], [51.86916426600004, 51.67307444300009], [51.6933093670001, 51.4540955610001], [51.304237508000085, 51.471639710000076], [51.37193363500006, 51.62958872500009], [50.76700931792567, 51.75939992276818], [51.415187615715865, 52.10271149404019], [51.53983117007243, 52.67694000947381], [51.727003207631924, 52.66438263634956], [51.72803673730556, 52.86948639648], [52.15788130068148, 53.102572944285896], [52.07995324134896, 53.51409821236257], [52.484683057577, 54.058509426568776], [52.20366661971872, 54.29864980684306], [52.538529901233915, 54.377249661542635], [53.059118280384325, 54.33430654640995], [52.938402133751424, 54.213797106251434], [53.067179803205306, 54.073495592447614], [53.47046268130765, 54.045745347869456], [54.09378380677725, 53.42443960220584], [54.92660118989295, 53.219542548549725], [55.161832309613374, 52.82318431350524], [55.40667524576594, 52.83711111128872], [55.24906212791484, 52.64779450091544], [55.544961378864514, 52.593844306269716], [55.53576297358234, 52.38868887019515], [55.86132449702791, 52.373495998741305], [56.05428429518406, 52.6447455923352], [56.42790490079051, 52.595136217462425], [56.451366000640405, 52.30882294452323], [56.19091678188397, 52.172681383339125], [56.62169152214602, 52.12379547797889], [56.780131463196426, 51.592200019315385], [56.88968549978597, 51.624756170760634], [56.79935509606082, 51.75208690029018], [57.19767703586649, 51.57209788730762], [57.67795779821381, 51.8684622262507], [58.54477827269909, 51.771233018788735], [58.694226515841024, 52.048761298495094], [58.60606652155269, 52.18053620148447], [58.93968956871862, 52.293397529072706], [58.86734256440781, 52.45245758684814], [59.17502404212581, 52.277377835318816], [59.27279585104765, 52.494134630109045], [60.13682579937114, 52.42925486941664], [59.91368696478156, 52.1004377309165]], [[52.22909142432974, 53.354883124056926], [52.300508253553005, 53.38015289993638], [52.25048546663095, 53.394932359340885], [52.22909142432974, 53.354883124056926]]]}}, {"type": "Feature", "properties": {"name": "Saratov", "type": "Oblast", "region": "Volga", "code_hasc": "RU.SR", "latitude": 51.6742, "longitude": 46.6368, "admin": "Russia"}, "geometry": {"type": "Polygon", "coordinates": [[[50.66184858644306, 51.95424510372851], [50.790677124000126, 51.59729095500002], [50.58169763200004, 51.63529897100004], [50.325382528000034, 51.30345876100007], [49.43654789200008, 51.112333476000046], [49.369420207000076, 50.82676951200007], [48.56828047700009, 50.63654856400008], [48.88567712400004, 50.01989369700003], [48.42989099100009, 49.809673971], [47.62466882300009, 50.440798238000085], [47.239525180742476, 50.37852733007219], [46.716249627318405, 50.689722805263216], [46.093755324148844, 50.526063544397005], [45.810671827842555, 50.77359365482329], [45.667631462921634, 50.59360464094141], [45.22817508311357, 50.58843699796904], [45.308066848106535, 50.87684316687864], [45.04244998637773, 51.126259466800946], [44.44631066290674, 51.21155141876295], [43.329789666759666, 51.01766144551925], [42.87286665237406, 51.2313434924082], [42.47960900185393, 51.67653595596954], [42.919892205760675, 52.36972361884989], [43.17527713433225, 52.46212108012372], [44.34667850111191, 52.31613515941007], [44.54811323413844, 52.552399807005486], [45.0452405134389, 52.32088939123241], [45.644377068646804, 52.51855174436747], [45.98058393729883, 52.40716319422603], [46.5820976093172, 52.730812689753805], [47.707817009847076, 52.58123525720134], [48.25217654810916, 52.81011017554414], [48.89069054503261, 52.41103892690495], [49.28704878097642, 52.493540350906414], [50.221462029748864, 52.129893296938064], [50.167511835103085, 52.02359487630247], [50.66184858644306, 51.95424510372851]]]}}, {"type": "Feature", "properties": {"name": "Astrakhan'", "type": "Oblast", "region": "Volga", "code_hasc": "RU.AS", "latitude": 47.0334, "longitude": 47.7227, "admin": "Russia"}, "geometry": {"type": "MultiPolygon", "coordinates": [[[[46.620191910000074, 48.669596618000085], [46.47827884900005, 48.410560405000055], [47.09891280100004, 48.265375468000016], [47.14056400600009, 47.79266530400007], [47.359672078000074, 47.68334381100006], [47.412175334000096, 47.83586680100011], [48.04448815900008, 47.76969512900003], [48.525078980000046, 47.41023386600007], [49.00628991700012, 46.76911021000005], [48.455109090000064, 46.660796407000035], [48.53939335100006, 46.567959697], [48.91797489400011, 46.47432200200008], [49.29851321700005, 46.25177643400008], [49.15015709700003, 46.33576080900008], [49.11451256600009, 46.151271877000056], [48.626963738000086, 46.08730703300006], [48.75220787900008, 45.96556224200003], [48.71631920700008, 45.81354401200008], [48.57341556100005, 45.971136786000045], [47.81820722700007, 45.60809967700004], [47.56006920700008, 45.771551825000074], [47.65365644600007, 45.55906810100004], [47.39673912900008, 45.75287506700005], [47.56771894600007, 45.553615627000056], [47.364582147148326, 45.68542877911483], [46.888952263835904, 45.57827769595889], [47.173792759328364, 46.10483470285925], [46.840169712162435, 46.07553416646857], [46.86962527908332, 46.23929678012229], [46.49300743994138, 46.285702215884555], [46.954064569424304, 46.434065253408676], [46.938664992395445, 46.571266180889495], [47.213480259406424, 46.74231517190765], [46.515641716591915, 47.39261139649875], [46.80585656063175, 47.57818146450296], [46.11628624891125, 47.50242381370799], [45.7340873547476, 47.84348826786925], [45.72209842330358, 48.02913585113862], [44.98415897016031, 48.273229479356985], [45.374936151082466, 48.46407054312107], [45.210191684598556, 48.536055813125245], [45.61833214731075, 48.59553538684861], [46.01489708793025, 48.86699168601746], [46.620191910000074, 48.669596618000085]]], [[[47.997080925000034, 45.52049388200004], [47.91773522200003, 45.57005442900004], [47.957041863000086, 45.650458075000074], [47.997080925000034, 45.52049388200004]]]]}}, {"type": "Feature", "properties": {"name": "Volgograd", "type": "Oblast", "region": "Volga", "code_hasc": "RU.VG", "latitude": 49.5014, "longitude": 44.4488, "admin": "Russia"}, "geometry": {"type": "Polygon", "coordinates": [[[47.43446043500006, 50.37652808400004], [47.30871911600008, 50.04480173800009], [46.89990686100009, 49.820319316000095], [46.77510827700007, 49.332545472000064], [47.04000166800006, 49.150334371000056], [46.620191910000074, 48.669596618000085], [46.032467075295244, 48.8689037139352], [45.61833214731075, 48.59553538684861], [45.24708865671613, 48.556468004394844], [45.37173221197196, 48.459212958511216], [44.98415897016031, 48.273229479356985], [45.30062544111121, 48.097684638035616], [44.95460005135129, 48.20847890897443], [44.568990513401445, 48.05652436051082], [44.311125116131166, 48.258191637534026], [44.46522423740862, 48.03877350509316], [44.38905317636295, 47.86826711733357], [44.058840772983274, 47.900487371994586], [43.70516727065302, 47.68313629800173], [43.66713341697357, 47.44599315036356], [43.225713332404325, 47.45015310298328], [43.136519810241055, 47.574254054980656], [42.945110304796685, 47.51663483323097], [42.49190799255979, 48.013607082900535], [42.020618930818955, 48.037481593900395], [42.077876418262065, 48.41125722913779], [42.62864383294652, 48.54804474546859], [42.74512251169455, 48.804721585232926], [42.34380333835338, 49.15214223897311], [42.07064171684175, 49.15188385745404], [42.17874881440622, 49.686218167234586], [41.492382439997584, 50.08355825510938], [41.36205447783186, 50.22634023671253], [41.52576541464214, 50.59866893202559], [41.1657873877777, 50.77752106434559], [41.94754845609634, 51.20418752703273], [42.844134555865026, 51.23620107701805], [43.35976199671876, 51.01476756387194], [44.44631066290674, 51.21155141876295], [45.18828087656118, 51.05135447942564], [45.312717726242056, 50.847542630487965], [45.22817508311357, 50.58843699796904], [45.667631462921634, 50.59360464094141], [45.810671827842555, 50.77359365482329], [46.093755324148844, 50.526063544397005], [46.70756798687307, 50.690885525246756], [47.43446043500006, 50.37652808400004]]]}}, {"type": "Feature", "properties": {"name": "Maga Buryatdan", "type": "Oblast", "region": "Far Eastern", "code_hasc": "RU.MG", "latitude": 62.6257, "longitude": 153.797, "admin": "Russia"}, "geometry": {"type": "MultiPolygon", "coordinates": [[[[153.3691512380001, 59.24127838700008], [152.89991295700008, 58.903631903000075], [152.3632918630001, 59.05971914300005], [152.0202983050001, 58.87503653300007], [151.35366454200005, 58.83256228600004], [151.088049855, 59.10202038500006], [152.32223814000008, 59.20740928400005], [151.734297835, 59.30726402300007], [151.39605662200006, 59.60416294200007], [150.7799119350001, 59.43226300200007], [150.50374051400001, 59.488665913000034], [150.77434801000004, 59.561914982000076], [149.37525475400003, 59.77220286700003], [149.04070071700005, 59.64288971600007], [149.21208743600005, 59.46914297100005], [148.74342886400007, 59.47157799200005], [148.989905678, 59.375376721000066], [148.93452246900006, 59.23327292200008], [148.2194364730001, 59.40886989000006], [147.54599906600004, 59.23754682200007], [146.88656660200002, 59.36473216400003], [147.10185346876256, 59.42386668609868], [147.11745975226575, 59.880169582859935], [146.77608523974197, 59.906421209771], [146.37424930156396, 60.27120514620049], [145.79299279208362, 60.198160509000274], [145.51001264856484, 60.463699856363235], [146.0598498881618, 60.73727488902489], [146.44308231020045, 60.68968089485736], [146.48607710217652, 60.9329218614547], [146.73133344857968, 61.003511868377984], [146.76419966018614, 61.40813833271784], [145.9587707873419, 62.005259508119764], [144.72174035103626, 62.09589997020743], [145.17380577991275, 62.27640574802683], [145.12429975782754, 62.48990692776249], [145.48231408083006, 62.55271963180553], [145.25173384014454, 63.190303452742114], [145.6405473172049, 63.667121894459854], [145.5562113787521, 63.82822317226157], [146.10873579262272, 63.941575426264876], [146.39047570179218, 64.20664968473511], [147.2665979352464, 64.05257640187943], [147.6231653183247, 64.16833161111492], [147.61045291556957, 64.03733185538078], [147.93839155492628, 63.94359080697012], [148.25888878818694, 64.2395934107073], [148.0226241396922, 64.43100291615161], [148.30250369688804, 64.55440623615885], [149.21914025272042, 64.4084203154452], [149.81641645685397, 64.56727366854494], [150.08606408089258, 64.48929393236904], [150.02560265523834, 64.35901764614744], [150.19303429599586, 64.22390961373765], [150.6087195166923, 64.16621287672285], [150.6541947782664, 64.33436798789228], [151.39172081936022, 64.29563650222275], [151.4799841664361, 64.43555044239895], [152.03705610565464, 64.5050810821262], [152.10609581896676, 64.36253164272108], [152.37987755810275, 64.39351166393209], [152.33512576694056, 64.51626902879264], [152.74822716705012, 64.68592275672978], [152.49966352784952, 64.93825877492247], [152.68817915344516, 65.23343455725899], [153.46156863788224, 65.36303904901285], [153.4946415550637, 65.83518077327403], [154.24963423073507, 65.82998729098068], [154.38171919208696, 65.94424388344845], [154.21614790330307, 66.06454661713263], [154.52817020079408, 66.23755931291191], [156.33591515506032, 66.06278961884578], [156.63078087813494, 66.20293610301871], [157.12439415906317, 65.91515005173346], [157.71763960178612, 66.11203725941198], [158.47697309812986, 66.11462107999881], [158.3960478052619, 66.2605553247684], [158.61856652222718, 66.3561050483093], [159.20240685409294, 66.20205760387529], [158.9217004736978, 65.74301585599693], [160.02736941996272, 65.51486440716661], [160.5195357609665, 65.16553172550869], [161.34801232341, 65.12264028632012], [161.8672571154235, 64.81271088300082], [162.99690392457637, 64.6486640494063], [163.15513716005182, 64.76772654874122], [163.25900678883215, 64.71780711550593], [163.1699166203557, 64.55226166424438], [163.46033816997056, 64.39095368086765], [162.78720096315385, 64.14321686486642], [162.92910444561358, 63.94545115804448], [162.72157189362792, 63.79765656220053], [162.9648645370687, 63.4988375920812], [162.67392622261707, 63.38052439978122], [162.7557816923711, 63.18430898746976], [162.29410444616315, 63.06726186794083], [162.2773612819975, 62.916883449711406], [162.81862023303722, 62.70826569300732], [162.7285998876746, 62.290306708287915], [162.1629496598988, 62.186437080406904], [162.53181603368296, 62.09233429589102], [162.31115766779203, 61.93420441320308], [162.5104589472004, 61.65835987919831], [160.91514924400008, 60.89964503200008], [160.79162375200008, 60.717700269000034], [160.43101627600004, 60.74920412200004], [160.15439268300008, 60.57633613300004], [160.17009524800005, 60.82489655200004], [160.444214536, 61.03621952100008], [159.79753908300006, 60.931102543000065], [160.00014050000004, 61.10611751200008], [159.77561830500008, 61.24220566100007], [160.2851399870001, 61.55410723500006], [160.3457137380001, 61.94472890800006], [159.57721252500005, 61.652771070000085], [159.565585769, 61.816648017000034], [159.2122886840001, 61.911854848000075], [157.46450887100002, 61.782105424000065], [156.67946294500007, 61.524017068000035], [156.65497125800005, 61.19676019900004], [155.94305971300003, 60.92262906500008], [155.91362065400006, 60.70358311700005], [154.82099498600007, 60.30023217100006], [154.48758987500003, 59.94630657200008], [154.56369836200008, 60.09370475900005], [154.40783527300005, 60.062927667000054], [154.473480665, 59.879339911000045], [154.22077029800005, 59.869620187000066], [154.36825131600006, 59.574686270000086], [154.2200736100001, 59.66397628000004], [154.13843834700003, 59.45697663000004], [154.9629012380001, 59.496079820000034], [155.2097132140001, 59.34387954200008], [155.19410241000003, 59.175767320000034], [154.438020693, 59.215520509000044], [154.04867597700002, 59.052801825000074], [153.76855655300005, 59.24658337900007], [153.3691512380001, 59.24127838700008]]], [[[150.698530441, 59.14044604400004], [150.782800263, 59.09086381600008], [150.47207555900002, 59.00415294700008], [150.698530441, 59.14044604400004]]], [[[155.509035809, 59.32014779600007], [155.56693249700004, 59.340423609000084], [155.60004935200004, 59.31942877700004], [155.509035809, 59.32014779600007]]], [[[149.10348110900009, 59.16152900800006], [149.04002865500001, 59.20292969500008], [149.14110770700006, 59.20769035300003], [149.10348110900009, 59.16152900800006]]]]}}, {"type": "Feature", "properties": {"name": "Sakhalin", "type": "Oblast", "region": "Far Eastern", "code_hasc": "RU.SL", "latitude": 47.3479, "longitude": 152.467, "admin": "Russia"}, "geometry": {"type": "MultiPolygon", "coordinates": [[[[142.282562696, 54.303941148000035], [142.635101759, 54.266058661000045], [142.7231551440001, 54.42560455900008], [143.01295006600003, 54.11908600500004], [142.85181725400003, 53.871975002000056], [143.36052493600005, 52.87140534100007], [143.2968856130001, 52.45368073100008], [143.193695509, 52.33698151200008], [143.26140384200005, 52.59760163000004], [143.11866295700008, 52.33779531500005], [143.1254988940001, 51.96702708500004], [143.31788170700008, 51.706366278000075], [143.22413170700008, 51.52216217700004], [143.36508222700002, 51.644964911000045], [143.4477645190001, 51.50836823100008], [143.3794051440001, 51.35008372600004], [143.52165774800005, 51.28510163000004], [143.79029381600003, 50.30923086100006], [144.38502037900003, 49.072699286000045], [144.68474368600005, 48.87323639500005], [144.75660241000003, 48.64325592700004], [144.05787194100003, 49.25340403900009], [143.258636915, 49.39337799700007], [143.66675866000003, 49.314886786000045], [143.0087996750001, 49.123032945000034], [142.545258009, 47.76666901200008], [143.01636803500003, 47.253607489000046], [143.1728621750001, 46.70783112200007], [143.3896590500001, 46.70807526200008], [143.19711347700002, 46.84080638200004], [143.47820071700005, 46.82843659100007], [143.62574303500003, 46.374701239000046], [143.430511915, 46.02521393400008], [143.36866295700008, 46.55548737200007], [142.61841881600003, 46.71857330900008], [142.085297071, 45.900824286000045], [141.81421959700003, 46.538397528000075], [142.0566512380001, 47.05369700700004], [141.9658309250001, 47.612494208000044], [142.19109134200005, 47.96674225500004], [141.8574324880001, 48.77423737200007], [142.1250106130001, 49.46230703300006], [142.041351759, 50.55097077000005], [142.26921634200005, 51.11241282800006], [142.078949415, 51.47138092700004], [141.68677819100003, 51.747300523000035], [141.82300866000003, 51.744208075000074], [141.639008009, 51.88450755400004], [141.64185631600003, 52.31818268400008], [141.92839603000004, 53.02065664300005], [141.76880944100003, 53.37164948100008], [142.24105879, 53.529364325000074], [142.26392662900003, 53.380072333000044], [142.45533287900003, 53.38027578300006], [142.68726647200003, 53.529364325000074], [142.49773196700005, 53.658270575000074], [142.80445397200003, 53.70697663000004], [142.739105665, 53.845689195000034], [142.60417728000004, 53.69757721600007], [142.70826256600003, 53.94822825700004], [142.282562696, 54.303941148000035]]], [[[146.13168379, 43.54083893400008], [146.15186608200008, 43.46279531500005], [146.07935631600003, 43.517645575000074], [146.13168379, 43.54083893400008]]], [[[146.60466556100005, 43.808579820000034], [146.9145613940001, 43.802720445000034], [146.60222415500004, 43.73607005400004], [146.60466556100005, 43.808579820000034]]], [[[146.11931399800005, 44.50604889500005], [146.57211347700002, 44.44989655200004], [145.58871504, 43.84756094000005], [145.55616295700008, 43.65265534100007], [145.44312584700003, 43.72451406500005], [146.11931399800005, 44.50604889500005]]], [[[148.799164259, 45.415676174000055], [147.91302404500004, 44.96300168400006], [147.6538007470001, 44.99485105500008], [146.86179580400005, 44.44533723400008], [147.19658000100003, 44.71368175500004], [147.10919889900003, 44.82714813000007], [147.894867384, 45.223944403000075], [147.9399520190001, 45.42625560100004], [148.06959069100003, 45.251166083000044], [148.7265731130001, 45.52521393400008], [148.799164259, 45.415676174000055]]], [[[149.667328321, 45.853216864000046], [150.569349547, 46.23175790200008], [149.43669681100005, 45.58698151200008], [149.667328321, 45.853216864000046]]], [[[151.71216881600003, 46.806626695000034], [152.2949324880001, 47.14248281500005], [151.85060091100002, 46.79047320600006], [151.71216881600003, 46.806626695000034]]], [[[152.4262801440001, 47.38349030200004], [152.52444390900007, 47.298645934000035], [152.41315419400007, 47.34067053800004], [152.4262801440001, 47.38349030200004]]], [[[152.9701891960001, 47.75157035600006], [153.0688187940001, 47.743296497000074], [152.97825383500003, 47.68433281800009], [152.9701891960001, 47.75157035600006]]], [[[153.21472652400007, 48.125724698000056], [153.233300945, 48.03980896400009], [153.16455577400006, 48.12141547200008], [153.21472652400007, 48.125724698000056]]], [[[154.119476759, 48.899603583000044], [154.05640709700003, 48.73777903900009], [153.97331790500004, 48.739488023000035], [154.119476759, 48.899603583000044]]], [[[153.9150496750001, 48.982489325000074], [153.96070397200003, 48.92670319200005], [153.90211022200003, 48.95648834800005], [153.9150496750001, 48.982489325000074]]], [[[154.4570418630001, 49.17145416900007], [154.5117293630001, 49.08022695500006], [154.4394637380001, 49.15717194200005], [154.4570418630001, 49.17145416900007]]], [[[154.37390441700006, 49.778467248000084], [154.49133796500007, 49.783252395000034], [154.41191697800002, 49.73309557400006], [154.37390441700006, 49.778467248000084]]], [[[156.12525475400003, 50.63751862200007], [155.88493899800005, 50.25372955900008], [155.39576256600003, 49.995794989000046], [155.21656334700003, 50.06708405200004], [155.20191491000003, 50.29352448100008], [155.68962649800005, 50.40371328300006], [156.04118899800005, 50.772772528000075], [156.12525475400003, 50.63751862200007]]], [[[156.46045983200008, 50.87372467700004], [156.40577233200008, 50.630113023000035], [156.180023634, 50.68842194200005], [156.19939212300005, 50.780503648000035], [156.46045983200008, 50.87372467700004]]], [[[155.6728621750001, 50.870306708000044], [155.46762129, 50.85248444200005], [155.47413170700008, 50.92182038000004], [155.6728621750001, 50.870306708000044]]], [[[142.54070071700005, 54.29779694200005], [142.58716881600003, 54.31329987200007], [142.60417728000004, 54.310207424000055], [142.54070071700005, 54.29779694200005]]], [[[150.80848058100003, 46.48643753400006], [150.832855665, 46.44086334800005], [150.78007698300007, 46.45715948600008], [150.80848058100003, 46.48643753400006]]], [[[154.83668053500003, 49.650051174000055], [154.81511478000004, 49.310207424000055], [154.6059676440001, 49.292669989000046], [154.63835696700005, 49.424261786000045], [154.83668053500003, 49.650051174000055]]], [[[146.08090254000012, 43.43109772300011], [146.08073978000016, 43.41616445500017], [146.02645918100018, 43.41075267100018], [146.08090254000012, 43.43109772300011]]], [[[145.93816165500004, 43.45534902600019], [145.8960067070002, 43.41734446800018], [145.86500084700015, 43.456162828000174], [145.93816165500004, 43.45534902600019]]], [[[146.317718946, 43.650580145000106], [146.34457441500012, 43.619086004999986], [146.26970462300005, 43.628159898000035], [146.317718946, 43.650580145000106]]]]}}, {"type": "Feature", "properties": {"name": "Chukchi Autonomous Okrug", "type": "Avtonomnyy Okrug", "region": "Far Eastern", "code_hasc": "RU.CK", "latitude": 66.7517, "longitude": 170.516, "admin": "Russia"}, "geometry": {"type": "MultiPolygon", "coordinates": [[[[-172.4613440789999, 64.82759459800008], [-172.0433560109999, 64.75118299700006], [-172.63319292999992, 64.68443931500008], [-172.4613440789999, 64.82759459800008]]], [[[-180.0, 68.98236981000008], [-178.8448125769999, 68.75236095300005], [-178.48493404899992, 68.59153880400004], [-178.7246181209999, 68.67568568900003], [-178.6999279919999, 68.54318931600005], [-178.0213516919999, 68.41596100500004], [-178.07367916599992, 68.25926341400003], [-177.70470130099991, 68.34454987200007], [-178.37507076699993, 68.55744049700007], [-177.49225826699993, 68.29173411700003], [-177.76557369699992, 68.26264069200005], [-177.63471432199992, 68.19529857000003], [-177.33808346299992, 68.24457428600005], [-176.53937136599993, 67.89509672100007], [-176.20879499199992, 67.90177004200007], [-176.53331889499992, 68.00296202500004], [-175.92072506399992, 67.85101959800005], [-176.3408732169999, 67.69590243100004], [-176.20579216899992, 67.64515193000005], [-175.6817892169999, 67.58957938200007], [-176.01196591099992, 67.72734776500005], [-175.8240291509999, 67.81296012700005], [-175.2655287309999, 67.65855507900005], [-175.1267700349999, 67.49988984300006], [-175.3668831669999, 67.35778862900008], [-174.96894807299992, 67.42474840500006], [-175.07982337099992, 67.48114655200004], [-174.8061090209999, 67.36467088600006], [-174.7564355799999, 67.30323678100007], [-174.90760809399993, 67.03738496100004], [-174.68782013799992, 66.73241687900008], [-174.97133461099992, 66.66541324800005], [-174.4356631629999, 66.53154498900005], [-174.46349997599992, 66.27974813800006], [-174.01590711799992, 66.47217131500008], [-173.9993126649999, 66.21924953300004], [-173.69112981599991, 66.43909886800003], [-174.2639499779999, 66.56587565500007], [-173.93055139799992, 66.66762694600004], [-174.0262143619999, 66.96111089800007], [-174.61200038899992, 67.06141402900005], [-173.6464688849999, 67.11561485300007], [-173.07125959799993, 67.04423252400005], [-173.27215908099993, 67.05195053300008], [-173.14337041599993, 66.99964548900005], [-173.2949550529999, 66.98132764100006], [-173.30254162499992, 66.82210510500005], [-173.08657591099993, 66.84674686800008], [-173.22647860299992, 66.91093506300007], [-173.07396264699992, 66.99307322900006], [-172.36248657099992, 66.93321336000008], [-172.98634417699992, 67.03917524300005], [-171.71851680999993, 66.95077749600006], [-170.3851928839999, 66.31653175600007], [-170.62568111899992, 66.23480866100005], [-170.27425708799993, 66.29040386700007], [-170.10620437999992, 66.19304745300008], [-170.33836829299992, 66.18577708500004], [-169.6413841899999, 66.06832743700005], [-170.60631262899992, 65.86131419500003], [-170.48877325299992, 65.67075769100006], [-170.5881657239999, 65.60456584500008], [-171.46326546999993, 65.83258962800005], [-170.98181232699991, 65.59205382800008], [-171.0386539159999, 65.46698723200006], [-172.03420330199992, 65.47443813600006], [-171.74361916599992, 65.49966127400006], [-172.26008053299992, 65.54523346600007], [-172.2904819789999, 65.66617407000007], [-172.8596085279999, 65.69985586100006], [-172.3897221039999, 65.58181650700004], [-172.38860854499993, 65.43223648800006], [-172.0934031179999, 65.48357052100005], [-172.1885387799999, 65.24244984100005], [-172.70197506399992, 65.24762604400007], [-172.2015312899999, 65.21687429900004], [-172.08009296199992, 65.07590477000008], [-173.16411638999992, 64.76460266000004], [-172.80573482999992, 64.80337148600006], [-173.0428716079999, 64.65968467800008], [-172.8446332039999, 64.64886999800007], [-172.9671928429999, 64.56113681800008], [-172.2202440599999, 64.40733818600006], [-172.88334560599992, 64.49471075100007], [-173.0130509109999, 64.46157461100006], [-172.78832359799992, 64.43786076300006], [-172.8221713789999, 64.32036164200008], [-173.10626457599992, 64.24098028000003], [-173.36825284199992, 64.28547821500007], [-173.2636612619999, 64.44599030200004], [-173.41454016799992, 64.61664459800005], [-173.3851778149999, 64.39504074400008], [-173.63543374999992, 64.33223063900004], [-174.65229244699992, 64.72532786700003], [-174.6532230809999, 64.89790099300006], [-175.41145202899992, 64.77126366200008], [-175.8647354809999, 64.99921295800004], [-175.73504126999993, 65.14684510600006], [-176.0440567699999, 65.45209381700005], [-176.9765518869999, 65.60805898600006], [-177.4159254729999, 65.44074849100008], [-178.4611005609999, 65.47274127600008], [-178.4242348919999, 65.71287875000007], [-178.9783829419999, 66.04926178600005], [-178.6842561139999, 66.01257187500005], [-178.4956754549999, 66.14012730100006], [-178.4771240439999, 66.38276195900005], [-178.78513456099992, 66.16724307800007], [-179.11766516799992, 66.24266185100004], [-179.1642960279999, 66.41437409100007], [-179.17145748599992, 66.28945547100005], [-179.42402096299992, 66.34406159100007], [-179.25195469699992, 66.14517039100008], [-179.69298255099991, 66.18390534100007], [-179.76667232999992, 65.81981028900003], [-179.2605104109999, 65.53217898500003], [-179.66308983899992, 65.14126325700005], [-180.0, 65.06622947500006], [-180.0, 68.98236981000008]]], [[[-169.0765274729999, 65.75507233300004], [-169.0632218089999, 65.82819245000007], [-168.99461829299992, 65.81586334800005], [-169.0765274729999, 65.75507233300004]]], [[[169.44646243600005, 69.84910716400003], [169.234711134, 69.59210846600007], [168.87452233200008, 69.56785716400003], [167.75375410200002, 69.83234284100007], [168.2646590500001, 70.02411530200004], [169.44646243600005, 69.84910716400003]]], [[[-180.0, 71.53668798800004], [-178.39484615799992, 71.54071686400005], [-177.44343014199993, 71.23700592700004], [-177.93049068899992, 71.04144928600005], [-179.50121008999992, 70.91966380400004], [-180.0, 70.99201035500005], [-180.0, 71.53668798800004]]], [[[-172.6960343089999, 64.65253327000005], [-172.5193985669999, 64.59300364800004], [-172.72504635299993, 64.62645091400003], [-172.6960343089999, 64.65253327000005]]], [[[162.43176944062853, 69.67713481785879], [164.02702884200005, 69.77383047100005], [164.83425805000002, 69.56740402800006], [166.89380944100003, 69.49591705900008], [167.80201256600003, 69.77521393400008], [168.25407962300005, 69.54433828300006], [168.28825931100005, 69.24266185100004], [169.37126712300005, 69.07656484600005], [169.6254988940001, 68.77724844000005], [170.62517337300005, 68.74860260600008], [170.4492293630001, 68.86347077000005], [170.72803795700008, 68.82196686400005], [170.68043053500003, 68.94037506700005], [171.15943444100003, 69.04409414300005], [170.60613040500004, 69.58978913000004], [170.16073290200006, 69.61336663100008], [170.5917755590001, 69.76472476100008], [170.48161868600005, 70.14203522300005], [172.72535241000003, 69.98086172100005], [173.19800866000003, 69.78343333500004], [173.47925866000003, 69.83576080900008], [173.1640731130001, 69.88666413000004], [173.27857506600003, 69.94183991100005], [175.99717651800006, 69.76936290100008], [176.15766963700003, 69.82148191200008], [175.7815662280001, 69.88528289700008], [176.12761478000004, 69.89378489800004], [176.73454837300005, 69.67475006700005], [178.77263431100005, 69.41522858300004], [179.067718946, 69.32526276200008], [178.65398196700005, 69.31745026200008], [179.26148522200003, 69.27216217700004], [180.0, 68.98105032100005], [180.0, 65.06618951300004], [178.5615340500001, 64.59153880400004], [178.7558699880001, 64.68219635600008], [177.6250106130001, 64.72016022300005], [176.936859571, 65.08283112200007], [176.30632571700005, 65.05548737200007], [176.95850670700008, 65.04657623900005], [177.30005944100003, 64.82273997600004], [176.43580162900003, 64.81093984600005], [176.04566491000003, 64.96279531500005], [175.71461022200003, 64.79364655200004], [175.04078209700003, 64.77806224200003], [174.441742384, 64.69245026200008], [175.71168053500003, 64.77472565300008], [176.082367384, 64.91893138200004], [176.42367597700002, 64.70962148600006], [176.14527428500003, 64.62759023600006], [176.11451256600003, 64.59003327000005], [176.1142684250001, 64.54193756700005], [177.49187259200005, 64.76752350500004], [177.36150149800005, 64.54840729400007], [177.4536238940001, 64.42064036700003], [178.18384850400003, 64.20579661700003], [178.074554884, 64.25421784100007], [178.282562696, 64.35398997600004], [178.200043165, 64.44017161700003], [178.58863366000003, 64.03510163000004], [178.38257897200003, 63.97304922100005], [178.64323978000004, 64.00096263200004], [178.75928795700008, 63.62299225500004], [178.26880944100003, 63.56541575700004], [178.711273634, 63.570013739000046], [178.59546959700003, 63.411322333000044], [178.69898522200003, 63.38568756700005], [178.8383895190001, 63.434881903000075], [178.754242384, 63.538275458000044], [178.77702884200005, 63.59516022300005], [179.00554446700005, 63.32135651200008], [178.80933678500003, 63.350490627000056], [179.40739993600005, 63.14134349200003], [179.24952233200008, 62.98468659100007], [179.60906009200005, 62.70563385600008], [179.11605879, 62.47223541900007], [179.073578321, 62.287176825000074], [177.30681399800005, 62.582098700000074], [177.45777428500003, 62.81484609600005], [177.18897545700008, 62.70966217700004], [176.9921981130001, 62.86945221600007], [176.92790774800005, 62.67291901200008], [177.26587975400003, 62.588324286000045], [176.66187584700003, 62.53461334800005], [175.30640709700003, 62.07493724200003], [175.39519290500004, 62.122748114000046], [175.25806725400003, 62.16876862200007], [175.17448978000004, 62.021918036000045], [174.599945509, 61.98501211100006], [174.726898634, 61.88629791900007], [174.48975670700008, 61.81464264500005], [174.32913211475523, 62.093161119090325], [174.10733686820186, 62.07848501247332], [174.0798450060421, 62.447041327894965], [173.68762088429628, 62.534684557346395], [172.85252973895626, 62.33149282513375], [172.05474897688373, 62.4665233431777], [170.28297081874825, 62.27888621672548], [169.98614139181177, 62.54501984329113], [170.07833214661116, 62.66129181646414], [168.46375369697546, 63.07821727240918], [169.5983614444251, 63.656063137204], [169.3535185082725, 63.94632965808722], [168.85969852086998, 64.02658315738677], [168.49868696523117, 64.3173664413082], [167.71413536985142, 64.3407241892699], [167.23695519382704, 64.6236526559453], [165.87145714732947, 64.55466461947657], [165.2627087747901, 64.85061554637036], [164.88195682234937, 64.68592275672978], [164.1878389825829, 64.93412466072448], [163.50333296104725, 64.9282852241837], [163.04392947796293, 64.6544518091037], [162.7357312363074, 64.66122142253062], [161.80937951125543, 64.82653432889612], [161.281143020434, 65.14067536077926], [160.5195357609665, 65.16553172550869], [160.02736941996272, 65.51486440716661], [158.91012495340385, 65.7500438500436], [159.19765262316992, 66.21135936104565], [158.35894412667005, 66.44772736322722], [158.89875613778543, 66.79080719719434], [158.8005709168143, 66.98133820349528], [157.86036990834452, 67.27196645778577], [157.7375867050623, 67.65256338239413], [158.32545779833868, 67.74868154581668], [158.0528129416639, 67.89280711545598], [158.4194055523243, 68.11098501174888], [161.4061999859406, 68.41184520099517], [162.5286120945724, 68.35218476011858], [162.72322553912727, 68.60516673435728], [162.59610151607205, 68.80055532526802], [162.8469389183963, 68.86928498021763], [162.53212609294474, 69.00467723346753], [162.78048302567106, 69.19386465083295], [162.36810509687268, 69.41741689747181], [162.43176944062853, 69.67713481785879]]], [[[-175.61729895699992, 71.38104889500005], [-175.62865149599992, 71.35175202000005], [-175.8107804029999, 71.41168854400007], [-175.61729895699992, 71.38104889500005]]], [[[180.0, 70.99242290800004], [178.793304884, 70.80499909100007], [178.62224368600005, 71.05101146000004], [180.0, 71.53641963400008], [180.0, 70.99242290800004]]], [[[170.05370073400002, 69.76376360100005], [170.275276857, 69.77337143300008], [169.9552103750001, 69.72674171800008], [170.05370073400002, 69.76376360100005]]]]}}, {"type": "Feature", "properties": {"name": "Yamal-Nenets", "type": "Avtonomnyy Okrug", "region": "Urals", "code_hasc": "RU.YN", "latitude": 65.4117, "longitude": 75.1874, "admin": "Russia"}, "geometry": {"type": "MultiPolygon", "coordinates": [[[[70.13062584700003, 66.55634186400005], [69.87061608200008, 66.47785065300008], [69.13070722700007, 66.79657623900005], [70.04981530000003, 66.70892975500004], [70.13062584700003, 66.55634186400005]]], [[[65.037913577177, 69.27104995316749], [67.09009850400008, 68.85565827000005], [68.13493899800005, 68.42340729400007], [68.28809655000003, 68.18829987200007], [68.65088951900003, 68.31785716400003], [68.56104576900003, 68.37250397300005], [69.10906009200005, 68.87897370000007], [68.95142662900008, 68.90322500200006], [69.21892337300005, 68.96214427300004], [68.45801842500003, 68.98456452000005], [68.02621504000007, 69.31940338700008], [68.10661868600005, 69.54873281500005], [67.01726321700005, 69.70307038000004], [66.85523522200003, 69.63686758000006], [66.95769290500004, 69.53685130400004], [66.79574629000007, 69.58616771000004], [66.88477623800009, 70.01288483300004], [67.14332116000008, 69.98314036700003], [67.32764733200008, 70.10602448100008], [67.09424889400003, 70.22089264500005], [67.33448326900003, 70.75779857000003], [66.68873131600003, 70.76984284100007], [66.60824629000007, 70.88068268400008], [66.88949629000007, 71.07868073100008], [66.62045332100007, 71.05784739800004], [66.91211998800009, 71.29474518400008], [68.34880618600005, 71.67519765800006], [68.97575931100005, 72.69599030200004], [69.35377037900008, 72.95258209800005], [71.56324303500008, 72.91596100500004], [72.83692467500003, 72.70990631700005], [72.72144616000008, 72.70302969000005], [72.87427819100003, 72.28107330900008], [72.35084069100003, 71.86420319200005], [72.34498131600003, 71.70815664300005], [71.80339603000004, 71.48029205900008], [72.63648522200003, 71.13165924700007], [72.83692467500003, 70.85960521000004], [72.68327884200005, 70.61660390800006], [72.77133222700007, 70.42523834800005], [72.43555748800003, 70.28587474200003], [72.62159264400003, 70.16168854400007], [72.49195397200003, 70.04120514500005], [72.69166100400008, 69.83685944200005], [72.50171959700003, 69.64671458500004], [72.63835696700005, 69.44135163000004], [72.48804772200003, 69.41400788000004], [72.64771569100003, 69.29222239800004], [72.47787519600007, 69.17694733300004], [72.57740319100003, 68.94037506700005], [73.53907311300003, 68.58100006700005], [73.64625084700003, 68.45783112200007], [73.09083092500003, 68.21426015800006], [73.20443769600007, 67.95722077000005], [73.11426842500003, 67.69037506700005], [72.58130944100003, 67.62018463700008], [72.40259850400008, 67.32807038000004], [72.04835045700008, 67.30288320500006], [72.22592207100007, 67.15949127800008], [71.91325931100005, 67.13231028900003], [71.99463951900003, 67.05597565300008], [71.74756920700008, 66.91608307500007], [71.30193118600005, 66.95355866100005], [71.51490319100003, 66.87848541900007], [71.57691491000008, 66.65875885600008], [70.68864993600005, 66.51536692900004], [70.29517662900008, 66.63825104400007], [70.67994225400008, 66.71600983300004], [70.72339928500008, 66.76178620000007], [68.96501712300005, 66.80955638200004], [69.11264082100007, 66.61884186400005], [70.36264082100007, 66.33441803600005], [72.30632571700005, 66.28851959800005], [72.31755618600005, 66.52753327000005], [73.79712975400008, 66.96409739800004], [73.89958743600005, 67.29621002800008], [74.74887129000007, 67.70652903900003], [74.72543379000007, 68.15241120000007], [74.33155358200008, 68.38556549700007], [74.48113040500004, 68.72052643400008], [76.11312910200007, 68.97772858300004], [76.60906009200005, 68.96600983300004], [76.66260826900003, 68.76264069200005], [77.32569420700008, 68.52334219000005], [77.16187584700003, 68.29364655200004], [77.35661868600005, 68.23289622600004], [77.19255618600005, 67.98517487200007], [77.30518639400003, 67.91010163000004], [77.12029056100005, 67.76854075700004], [77.69304446700005, 67.54531484600005], [79.05250084700003, 67.57054271000004], [77.49415123800003, 67.75128815300008], [77.53695722700007, 68.12860748900005], [78.17261803500008, 68.27435944200005], [77.78687584700003, 68.51459381700005], [77.64698326900003, 68.91111888200004], [76.04200280000003, 69.23908112200007], [74.77279707100007, 69.08124420800004], [73.77662194100003, 69.15395742400005], [73.89958743600005, 69.42084381700005], [73.51596113400007, 69.74640534100007], [73.70769290500004, 70.16132233300004], [74.31617272200003, 70.52033112200007], [74.31788170700008, 70.66779205900008], [73.55616295700008, 71.25511302300004], [73.02247155000003, 71.42877838700008], [73.49854576900003, 71.66494375200006], [73.52588951900003, 71.82221100500004], [74.99488366000008, 72.13784414300005], [75.05884850400008, 72.59503815300008], [74.74154707100007, 72.81439850500004], [75.03663170700008, 72.88165924700007], [75.52230879000007, 72.75983307500007], [75.33822675900007, 72.68317291900007], [75.68718509200005, 72.58539459800005], [75.55648847700007, 72.49750397300005], [75.75473066500007, 72.30638255400004], [75.25367272200003, 71.94220612200007], [75.22754967500003, 71.77741120000007], [75.53288821700005, 71.54230377800008], [75.26303144600007, 71.36554596600007], [76.88892662900008, 71.19041575700004], [76.91423587300005, 71.07245514500005], [77.00513756600003, 71.18447500200006], [77.78272545700008, 71.14248281500005], [78.41138756600003, 70.89545319200005], [79.05339603000004, 70.94196198100008], [78.44239342500003, 70.91425202000005], [78.52540123800003, 71.09296295800004], [77.92847741000008, 71.25747304900005], [77.98829186300003, 71.37474192900004], [77.49219811300003, 71.30133698100008], [76.27230879000007, 71.57290273600006], [75.99683678500008, 71.90790436400005], [76.87818444100003, 72.05003489800004], [77.58464603000004, 71.83112213700008], [78.10954837300005, 71.88043854400007], [78.22575931100005, 71.98257070500006], [77.98560631600003, 72.10952383000006], [77.37720787900008, 72.11017487200007], [78.50276407140473, 72.3819065219684], [78.91418094329589, 72.11621857422779], [80.33910688667345, 71.88979828616192], [80.03638634635274, 71.8307579620103], [80.10232547424118, 71.66456655470273], [79.37100060399462, 71.61237335924312], [79.14321089126958, 71.41522777004553], [80.53764773985125, 71.05935801895737], [80.68585574684522, 70.80120840084697], [80.59283816884636, 70.7222468127402], [80.75747928344214, 70.65558421533922], [80.6095813330121, 70.50109752133352], [80.74714399569882, 70.39404979096503], [80.180873651198, 70.43430573182405], [79.33348351425275, 70.14760488615656], [78.87986779176515, 69.87966258446068], [79.13039513482755, 69.73879262987595], [79.01195275311704, 69.70339427452609], [79.49109663300317, 69.65445669232247], [79.86461388492279, 69.34858388883538], [80.96687218560282, 69.20910919913018], [81.57107303279417, 69.27329132783251], [81.68496788915672, 69.4465107291868], [81.92939741415933, 69.34930735924718], [81.8410307151953, 69.19639679637504], [82.45308637873336, 69.16187694016861], [82.32895958921364, 69.04648346613902], [82.55158165896637, 68.82691030496659], [83.03878706257285, 68.66733348325363], [82.46889936691224, 68.57664134432252], [82.67932579874656, 68.49178864193226], [82.70268354670827, 68.29800202147607], [82.39458865784025, 68.1766140812748], [82.36461632698189, 67.94587881095833], [81.72558556522165, 67.92381297508871], [82.3890076028186, 67.53419851325077], [82.25134158734437, 67.41924428969219], [82.35789839129768, 67.3308517523065], [82.11729292213062, 67.24380280205764], [83.16188032421758, 66.81798900009227], [83.29654910705563, 66.67324331282862], [83.08891320228241, 66.60973297769476], [83.09098025893178, 66.45917369231199], [83.53539757703652, 66.19260081707404], [83.2928284040076, 66.06599355705697], [83.51813764803398, 65.82249420804123], [84.03097456272587, 65.79303864201967], [84.49833621584366, 65.50380564991076], [84.58391238774647, 65.29120880774025], [84.28336225776195, 64.90890656168847], [85.83799604658026, 64.77733836517336], [85.84151004405328, 64.45916657187973], [86.03023237522387, 64.26455312822424], [85.9578853700138, 64.05960439682542], [85.03184370332423, 63.58635163032346], [85.67211469943379, 63.359750475104306], [85.46943973205794, 63.14919485116144], [85.51832563741817, 62.93256724758038], [84.43570437985323, 62.17796214553658], [83.78881880084697, 62.56310659369433], [83.28290652921294, 62.46052887610671], [82.74929568894487, 62.75389598331293], [82.16493859224221, 62.80944814751399], [81.78397993422652, 62.688447780940294], [81.33935590964745, 62.82577790052966], [81.11497684070861, 63.115527656576035], [80.58415652930034, 63.08255809218218], [79.91474002463241, 62.79203318977983], [79.82006880113425, 62.6037242697592], [78.02627648307322, 62.46109731688762], [76.68837365062342, 63.03940827147454], [74.50742150280007, 63.04323232731002], [73.36805952262881, 63.2069432641203], [73.10378624893622, 63.436257432934156], [71.60796024027286, 63.18523916345657], [71.55101281119227, 63.58996898148325], [70.92345421693852, 63.68722402646762], [70.6376835472579, 63.90323151332365], [70.55830854710172, 64.00224355749413], [70.76894168541043, 64.19354971015099], [69.23084435428348, 64.47001862176194], [68.85918745343821, 64.43570547113058], [68.99044559069142, 64.32961375606993], [68.88213178935058, 64.2226435409666], [68.42500206938996, 64.29597239900698], [67.79889041506055, 64.03164744757163], [66.81869184815025, 64.22561493608043], [66.93630740756078, 64.48704600676774], [66.681645949401, 64.55745514653773], [65.39965701725748, 64.57135610589955], [63.61144575421815, 64.26848053684728], [63.236998325412344, 64.52355540615702], [62.54319054580702, 64.5502721219608], [62.80643029162462, 64.73517039729597], [62.67765262217074, 64.89123322243523], [62.816662224781794, 65.29157054294615], [62.48128218022839, 65.34929311838266], [62.018468051559296, 65.71712596339245], [62.85066531795002, 65.87298208295675], [62.86224083824408, 66.07472687434574], [63.29549604720478, 66.23921295841126], [63.41486860490215, 66.48012848594084], [65.10468794139535, 66.89462514913129], [65.19016075961133, 67.14499746436144], [66.11000125455422, 67.48877492941944], [65.79611860508953, 67.56783987121304], [66.20591271330107, 67.6930260279288], [66.01956749894089, 67.79813589105851], [66.08953738823982, 67.92965241252881], [65.28979292230548, 68.0123347027843], [65.2765637547135, 68.23562856700471], [65.65431847541726, 68.55617747710886], [65.31490766765472, 68.80329417638512], [64.52756554611301, 68.89943817822933], [64.52725548685123, 69.02322907186414], [65.037913577177, 69.27104995316749]]], [[[71.24952233200008, 73.41787344000005], [71.34253991000008, 73.33136627800008], [71.13746178500008, 73.29266998900005], [71.24952233200008, 73.41787344000005]]], [[[77.61019941500007, 72.63471100500004], [78.39454186300003, 72.49140045800004], [77.77076256600003, 72.30499909100007], [76.85271243600005, 72.33307526200008], [77.61019941500007, 72.63471100500004]]], [[[74.09327233200008, 73.02777741100005], [74.84522545700008, 73.09369538000004], [74.96159915500004, 73.05996328300006], [74.70264733200008, 73.07876211100006], [74.65626061300003, 72.85862864800004], [74.09327233200008, 73.02777741100005]]], [[[76.18458092500003, 73.21698639500005], [76.63257897200003, 73.13125234600005], [76.13331139400003, 73.20831940300008], [76.18458092500003, 73.21698639500005]]], [[[71.43572024800005, 73.35297272300005], [71.73023628800007, 73.03440871000004], [71.37450146400005, 73.17893414500008], [69.87484785200007, 73.03827545800004], [70.06495201900003, 73.23712799700007], [69.95932050900007, 73.39883047100005], [70.46957441500007, 73.49921295800004], [71.22917728000004, 73.46474844000005], [70.98031660200007, 73.26536692900004], [71.28891035200007, 73.25169505400004], [71.43572024800005, 73.35297272300005]]], [[[76.25074303500008, 73.55418528900003], [76.75440514400003, 73.42987702000005], [76.07195071700005, 73.52545807500007], [76.25074303500008, 73.55418528900003]]], [[[76.07935631600003, 73.55955638200004], [75.90064537900008, 73.47085195500006], [75.30420983200008, 73.40875885600008], [76.07935631600003, 73.55955638200004]]], [[[67.21729576900003, 69.42055898600006], [67.30827884200005, 69.43768952000005], [67.13217207100007, 69.36391836100006], [66.93864993600005, 69.43939850500004], [67.21729576900003, 69.42055898600006]]], [[[67.32797285200007, 69.57269928600005], [67.25896243600005, 69.43862539300005], [67.02182050900007, 69.47695547100005], [67.18824303500008, 69.57099030200004], [67.32797285200007, 69.57269928600005]]], [[[66.59034264400003, 70.47304922100005], [66.86752363400007, 70.38080475500004], [66.76368248800009, 70.40314362200007], [66.59034264400003, 70.47304922100005]]], [[[66.55925540500004, 70.54425690300008], [66.39730879000007, 70.63031647300005], [66.42798912900008, 70.79950592700004], [66.47982832100007, 70.76386139500005], [66.55925540500004, 70.54425690300008]]], [[[66.59961998800009, 71.00438060100004], [66.50847415500004, 70.82794830900008], [66.43392988400007, 70.82713450700004], [66.59961998800009, 71.00438060100004]]]]}}, {"type": "Feature", "properties": {"name": "Nenets", "type": "Avtonomnyy Okrug", "region": "Northwestern", "code_hasc": "RU.NN", "latitude": 67.8271, "longitude": 56.2877, "admin": "Russia"}, "geometry": {"type": "MultiPolygon", "coordinates": [[[[51.17172285200007, 68.50145091400003], [51.49830162900008, 68.48859284100007], [50.79249108200008, 68.37929922100005], [51.17172285200007, 68.50145091400003]]], [[[55.23975670700008, 68.92739492400005], [55.506602410000085, 68.91376373900005], [55.22543379000007, 68.91376373900005], [55.23975670700008, 68.92739492400005]]], [[[54.628916863000086, 69.00584544500003], [54.697927280000044, 68.98200104400007], [54.57081139400003, 68.96405670800004], [54.628916863000086, 69.00584544500003]]], [[[44.214162803225165, 66.40814875484789], [44.563243035000085, 66.66620514500005], [44.364024285000085, 66.78229401200008], [44.52165774800005, 66.91941966400003], [44.377696160000085, 67.10443756700005], [43.76669898200004, 67.27768850600006], [44.144541863000086, 67.67942942900004], [44.08741295700008, 67.88507721600007], [44.26840254000007, 67.92682526200008], [44.13803144600007, 67.99510325700004], [44.41179446700005, 68.06342194200005], [44.18083743600005, 68.03607819200005], [44.227549675000034, 68.29677969000005], [43.27367282200004, 68.65817627600006], [45.582137180000075, 68.51419846300007], [46.53492272200003, 68.13255442900004], [46.698252800000034, 67.81647370000007], [45.35043379000007, 67.73041413000004], [44.912119988000086, 67.37197500200006], [45.593893033000086, 67.15823975900008], [46.02515709700003, 66.83340078300006], [46.59791100400008, 66.85797760600008], [46.40674889400009, 66.74616120000007], [47.58139082100007, 66.86985911700003], [47.947927280000044, 67.44432200700004], [47.845713738000086, 67.60089752800008], [49.10670006600009, 67.63947174700007], [48.585948113000086, 67.93427155200004], [49.13331139400009, 67.86261627800008], [50.77881920700008, 68.37929922100005], [51.05884850400008, 68.35138580900008], [52.17709394600007, 68.58242422100005], [52.051768425000034, 68.49241771000004], [52.36101321700005, 68.47492096600007], [52.13559004000007, 68.37929922100005], [52.40202884200005, 68.33771393400008], [52.73129316500007, 68.47418854400007], [52.49138431100005, 68.59153880400004], [52.63445071700005, 68.65851471600007], [52.328461134000065, 68.63344961100006], [53.87859134200005, 68.97410716400003], [54.561289910000085, 68.99970123900005], [53.59489993600005, 68.90692780200004], [54.02621504000007, 68.84544505400004], [53.72046959700003, 68.65692780200004], [53.944346550000034, 68.40599192900004], [53.21070397200003, 68.26935455900008], [53.992523634000065, 68.22138092700004], [54.18490644600007, 68.32054271000004], [54.20329837300005, 68.20954010600008], [54.50440514400003, 68.31220123900005], [54.83187910200007, 68.17328522300005], [54.93669681100005, 68.39842357000003], [55.392914259000065, 68.56427643400008], [57.32984459700003, 68.56476471600007], [58.17115319100009, 68.88934967700004], [58.336924675000034, 68.73558177300004], [58.42408287900008, 68.74274323100008], [58.270518425000034, 68.89370351800005], [58.87875410200007, 69.00311920800004], [59.22388756600009, 68.99970123900005], [58.89185631600009, 68.93423086100006], [59.42302493600005, 68.75702545800004], [59.05640709700003, 68.61953359600005], [59.08708743600005, 68.41689687700006], [59.674815300000034, 68.33616771000004], [59.963877800000034, 68.46600983300004], [59.811208530000044, 68.68793366100005], [60.968760613000086, 68.90692780200004], [60.902679884000065, 69.12225983300004], [60.59131920700008, 69.13279857000003], [60.13884524800005, 69.57786692900004], [60.92660566500007, 69.86749909100007], [64.54802493600005, 69.45172760600008], [65.00440514400003, 69.30414459800005], [64.83106530000003, 69.29441966400003], [64.78589928500008, 69.14712148600006], [65.037913577177, 69.27104995316749], [64.9899662618335, 69.20471670251379], [64.52725548685123, 69.02322907186414], [64.55412723228591, 68.87140371371038], [65.31490766765472, 68.80329417638512], [65.65431847541726, 68.55617747710886], [64.55567752499775, 68.35846344713036], [64.53025272038673, 68.20012685796809], [63.83396447118338, 68.02845775022496], [63.87137820813774, 67.83596304006221], [63.1054301288973, 67.67478424699539], [62.821313103816635, 67.38803172538377], [61.62479699078847, 67.01172394550366], [52.155194126407764, 67.08551788973881], [49.006032342218816, 66.11911693030208], [48.139108514046654, 66.12728180591057], [47.660791457359835, 65.80807648384263], [44.214162803225165, 66.40814875484789]]], [[[59.150726759000065, 69.25462474200003], [59.24463951900003, 69.14569733300004], [58.762054884000065, 69.33893463700008], [59.150726759000065, 69.25462474200003]]], [[[50.323008660000085, 69.15053945500006], [49.24854576900009, 68.77997467700004], [48.59205162900008, 68.73086172100005], [48.219411655000044, 68.89565664300005], [48.30420983200008, 69.27680084800005], [48.906260613000086, 69.50796133000006], [50.323008660000085, 69.15053945500006]]], [[[60.539805535000085, 69.81867096600007], [59.563487175000034, 69.71503327000005], [59.623708530000044, 69.80434804900005], [59.43148847700007, 69.88947174700007], [58.69556725400008, 70.00283437700006], [58.412119988000086, 70.26032135600008], [58.824229363000086, 70.21588776200008], [58.49463951900003, 70.33197663000004], [59.02361087300005, 70.47980377800008], [60.539805535000085, 69.81867096600007]]], [[[54.23943118600005, 68.30377838700008], [54.31690514400003, 68.25910065300008], [54.19947350400008, 68.25649648600006], [54.23943118600005, 68.30377838700008]]], [[[53.86573326900003, 68.30695221600007], [53.99146569100009, 68.34585195500006], [53.957692905000044, 68.29336172100005], [53.86573326900003, 68.30695221600007]]], [[[48.81234785200007, 68.69651927300004], [49.12427819100009, 68.66766998900005], [48.765961134000065, 68.69660065300008], [48.81234785200007, 68.69651927300004]]], [[[49.570323113000086, 68.81708405200004], [49.59848066500007, 68.81476471600007], [49.49195397200003, 68.79242584800005], [49.570323113000086, 68.81708405200004]]], [[[54.19271894600007, 68.81370677300004], [54.37484785200007, 68.79096100500004], [54.39535566500007, 68.78253815300008], [54.19271894600007, 68.81370677300004]]], [[[49.75310306100005, 68.88031647300005], [49.841807488000086, 68.90623607000003], [49.75171959700003, 68.87742747600004], [49.75310306100005, 68.88031647300005]]], [[[54.92798912900008, 68.94017161700003], [55.019541863000086, 68.91543203300006], [54.91187584700003, 68.93097565300008], [54.92798912900008, 68.94017161700003]]], [[[50.000743035000085, 68.93231842700004], [50.10767662900008, 68.96352773600006], [50.06983483200008, 68.94306061400005], [50.000743035000085, 68.93231842700004]]]]}}, {"type": "Feature", "properties": {"name": "Sakha (Yakutia)", "type": "Avtonomnyy Okrug", "region": "Far Eastern", "code_hasc": "RU.CK", "latitude": 65.5964, "longitude": 130.989, "admin": "Russia"}, "geometry": {"type": "MultiPolygon", "coordinates": [[[[161.31910241000003, 69.24266185100004], [161.514984571, 68.93463776200008], [161.4091903000001, 68.89325592700004], [161.4555770190001, 69.00096263200004], [161.1347762380001, 69.09186432500007], [161.09245853000004, 69.46478913000004], [161.37452233200008, 69.54588450700004], [161.31910241000003, 69.24266185100004]]], [[[161.4751082690001, 69.63800690300008], [161.6157332690001, 69.45038483300004], [161.360687696, 69.41400788000004], [161.4751082690001, 69.63800690300008]]], [[[127.40479576900009, 73.51862213700008], [127.69092858200008, 73.54287344000005], [128.063324415, 73.49135976800005], [127.77507571700005, 73.49258047100005], [127.40479576900009, 73.51862213700008]]], [[[111.2951766289982, 73.86912669494097], [112.37183678500003, 73.70530833500004], [112.94532311300009, 73.79047272300005], [112.82292728000004, 73.99843984600005], [113.11150149800005, 73.89215729400007], [113.43051191500001, 73.60993073100008], [113.13135826900009, 73.44969310100004], [113.49463951900009, 73.33991120000007], [113.52116946700005, 73.10398997600004], [113.10450280000009, 72.82196686400005], [113.18921959700003, 72.72190989800004], [113.36817467500009, 72.66547272300005], [114.09034264400009, 72.60065338700008], [113.15821373800009, 72.82269928600005], [113.54224694100003, 72.97736237200007], [113.56234785200002, 73.25340403900003], [114.03581790500004, 73.34731679900005], [113.46656334700003, 73.50495026200008], [115.41309655000009, 73.71039459800005], [118.45020592500009, 73.58877187700006], [118.99756920700008, 73.49135976800005], [118.467133009, 73.47809479400007], [118.39421634200005, 73.23802317900004], [119.72250410200002, 72.95892975500004], [121.791351759, 72.97687409100007], [122.73218834700003, 72.82656484600005], [122.30827884200005, 72.94135163000004], [123.33814537900003, 72.98110586100006], [123.40088951900009, 73.17430247600004], [123.67066491000003, 73.20331452000005], [123.21810957100001, 73.40875885600008], [123.41732832100001, 73.44354889500005], [123.24610436300009, 73.54588450700004], [123.56885826900009, 73.71605052300004], [123.99952233200008, 73.64150625200006], [123.87671959700003, 73.77252838700008], [125.13746178500003, 73.70416901200008], [125.19752037900003, 73.55093008000006], [125.65186608200008, 73.52545807500007], [125.56251061300009, 73.40875885600008], [126.28809655000009, 73.55727773600006], [126.39112389400009, 73.46401601800005], [126.15845787900003, 73.38149648600006], [126.41968834700003, 73.40949127800008], [126.56519616000003, 73.23346588700008], [126.56299889400009, 73.38149648600006], [126.93238366000003, 73.42987702000005], [126.85816491000003, 73.53339264500005], [127.98755944100003, 73.47085195500006], [128.07691491000003, 73.40566640800006], [127.96021569100003, 73.34731679900005], [128.9692488940001, 73.17739492400005], [128.7773543630001, 73.07078685100004], [129.4789311400001, 72.97923984400006], [128.29078209700003, 72.90863678600005], [128.129242384, 72.78607819200005], [129.35808353000004, 72.70302969000005], [129.19841556100005, 72.65517812700006], [128.47917728000004, 72.72455475500004], [127.90544681100005, 72.66714101800005], [128.6113387380001, 72.48273346600007], [129.2583113940001, 72.46393463700008], [129.56413821700005, 72.23065827000005], [128.9340926440001, 72.07298411700003], [127.66578209700003, 72.43008047100005], [127.86443118600005, 72.33246491100005], [127.74708092500009, 72.32562897300005], [128.249359571, 72.20482005400004], [128.926605665, 71.73875560100004], [129.183929884, 71.80927155200004], [129.04118899800005, 72.01878489800004], [129.54371178500003, 71.72296784100007], [128.82048587300005, 71.65810781500005], [129.24870853000004, 71.54987213700008], [129.7627059250001, 71.14760976800005], [129.62623131600003, 71.08612702000005], [130.61988366000003, 70.86640045800004], [130.768890821, 70.97752513200004], [131.0420028000001, 70.73875560100004], [131.54615319100003, 70.88711172100005], [131.850922071, 71.20819733300004], [132.188324415, 71.21588776200008], [131.9419051440001, 71.26740143400008], [132.7177840500001, 71.94623444200005], [133.06627440400007, 71.97129071500007], [133.341360795, 71.88626482800004], [133.031344913, 71.95509862600005], [132.71509850400003, 71.81069570500006], [133.15162194100003, 71.57916901200008], [134.73902428500003, 71.36798737200007], [134.65064537900003, 71.29730866100005], [134.66863040500004, 71.26430898600006], [134.7700301440001, 71.36692942900004], [134.69654381600003, 71.42133209800005], [134.81023196700005, 71.48183828300006], [135.6215926440001, 71.62311432500007], [136.77458743600005, 71.52342357000003], [137.70492597700002, 71.28473541900007], [137.52613366000003, 71.22028229400007], [137.8129988940001, 71.11961497600004], [138.07439212300005, 71.13397858300004], [137.7392684250001, 71.22947825700004], [138.36296634200005, 71.31891510600008], [137.8286238940001, 71.38715241100005], [138.0986434250001, 71.58144765800006], [138.75603274800005, 71.64301178600005], [139.192230665, 71.41510651200008], [140.0332137380001, 71.47211334800005], [139.73454837300005, 71.67218659100007], [139.80925540500004, 71.86078522300005], [139.33619225400003, 71.94953034100007], [140.19711347700002, 72.21381256700005], [139.089203321, 72.23688385600008], [139.54175866000003, 72.49762604400007], [141.11085045700008, 72.58698151200008], [140.5942488940001, 72.89288971600007], [146.8540145190001, 72.35419342700004], [144.94320722700002, 72.43817780200004], [144.52076256600003, 72.22500234600005], [144.1054793630001, 72.27789948100008], [144.41553795700008, 72.17503489800004], [145.068695509, 72.26434967700004], [146.92920983200008, 72.31264883000006], [145.97250410200002, 71.85626862200007], [145.993011915, 72.02973053600005], [146.34693444100003, 72.12763092700004], [145.96802819100003, 72.07050202000005], [145.88005618600005, 72.21906159100007], [145.6132918630001, 72.24433014500005], [145.8056746750001, 71.92902252800008], [144.97095787900003, 71.98029205900008], [145.21599368600005, 71.84332916900007], [144.88640384200005, 71.77138906500005], [144.89323978000004, 71.67519765800006], [146.03630618600005, 71.78636302300004], [147.19556725400003, 72.32990143400008], [148.40202884200005, 72.31093984600005], [149.72478274800005, 72.12079498900005], [150.0742293630001, 71.89423248900005], [148.8339949880001, 71.81232330900008], [149.039398634, 71.75775788000004], [148.8271590500001, 71.67519765800006], [150.1020613940001, 71.59471263200004], [149.868011915, 71.46222565300008], [150.67066491000003, 71.49017975500004], [150.04672285200002, 71.20966217700004], [150.65699303500003, 71.39028554900005], [150.59489993600005, 71.27789948100008], [151.49244225400003, 71.33315664300005], [152.1367293630001, 71.01727936400005], [151.68148847700002, 70.97589752800008], [152.54078209700003, 70.79132721600007], [155.93637129, 71.09935130400004], [157.989105665, 71.04751211100006], [159.23780358200008, 70.82929108300004], [159.843109571, 70.58152903900003], [160.0942488940001, 70.30988190300008], [159.93824303500003, 70.12848541900007], [159.68864993600005, 70.13397858300004], [159.9145613940001, 70.09857819200005], [159.69206790500004, 69.91087474200003], [159.76905358200008, 69.76203034100007], [160.92554772200003, 69.64207591400003], [160.9629012380001, 69.10553620000007], [161.415375196, 68.98200104400007], [161.10694420700008, 68.60521067900004], [160.77947024800005, 68.53945547100005], [161.134125196, 68.56142812700006], [161.57406660200002, 68.92112864800004], [161.43580162900003, 69.37986888200004], [162.3271590500001, 69.70197174700007], [162.44551639226768, 69.64027151212053], [162.36810509687268, 69.41741689747181], [162.78048302567106, 69.19386465083295], [162.53212609294474, 69.00467723346753], [162.8469389183963, 68.86928498021763], [162.59610151607205, 68.80055532526802], [162.72322553912727, 68.60516673435728], [162.4176111189579, 68.30906077693328], [161.4061999859406, 68.41184520099517], [158.25641808502655, 68.06850698550892], [158.0531230000264, 67.86345490222192], [158.32545779833868, 67.74868154581668], [157.80590294796264, 67.7054800482656], [157.69107791561328, 67.5394695099099], [157.88476118418123, 67.43774445304405], [157.86036990834452, 67.27196645778577], [158.7025924014181, 67.0552355014172], [158.90340701682032, 66.80780874287916], [158.3605977721694, 66.45387685813046], [158.52895958891384, 66.3593865017856], [158.3908801622896, 66.24895396605268], [158.47697309812986, 66.11462107999881], [157.71763960178612, 66.11203725941198], [157.12439415906317, 65.91515005173346], [156.63078087813494, 66.20293610301871], [156.33591515506032, 66.06278961884578], [154.39525841714214, 66.20458974941738], [154.21614790330307, 66.06454661713263], [154.38171919208696, 65.94424388344845], [154.2598661638923, 65.8342247588655], [153.48316938665778, 65.82551727999845], [153.46156863788224, 65.36303904901285], [152.68817915344516, 65.23343455725899], [152.49966352784952, 64.93825877492247], [152.74822716705012, 64.68592275672978], [152.20386762878798, 64.3571056182297], [152.015765416141, 64.50365997972426], [151.4799841664361, 64.43555044239895], [151.39172081936022, 64.29563650222275], [150.63104373587964, 64.33111237193839], [150.6087195166923, 64.16621287672285], [150.19303429599586, 64.22390961373765], [150.02560265523834, 64.35901764614744], [150.08606408089258, 64.48929393236904], [149.81641645685397, 64.56727366854494], [149.21914025272042, 64.4084203154452], [148.30250369688804, 64.55440623615885], [148.0226241396922, 64.43100291615161], [148.25888878818694, 64.2395934107073], [147.93839155492628, 63.94359080697012], [147.61045291556957, 64.03733185538078], [147.6231653183247, 64.16833161111492], [147.2665979352464, 64.05257640187943], [146.39047570179218, 64.20664968473511], [146.10873579262272, 63.941575426264876], [145.55331749890343, 63.8241148946866], [145.6405473172049, 63.667121894459854], [145.25173384014454, 63.190303452742114], [145.47983361213142, 62.548017075927305], [145.12429975782754, 62.48990692776249], [145.17380577991275, 62.27640574802683], [144.22244266229893, 61.733183092225886], [143.93439822769597, 61.75685089855011], [143.9271635280743, 61.989136461578425], [143.64687055882916, 61.86994477013502], [143.6093534690873, 62.02468984655917], [143.2132019387185, 62.115511175800066], [142.98117475810852, 61.90557567038087], [142.4132507672091, 61.87126251885013], [142.17729617707687, 62.085254625000914], [141.861449822851, 62.0271186393137], [141.2953861839252, 62.435104072395006], [140.7047245626884, 62.572718411025846], [140.3472270036233, 62.387458401384094], [140.27963423113476, 62.05337026622476], [139.99427697170483, 61.97766429317255], [139.5482060081007, 61.481673896333234], [138.291641879669, 61.10996531774521], [138.18281131439062, 60.88941030554116], [138.43747277165107, 60.68037913678768], [138.24275597520807, 60.49269033529072], [138.25298790926456, 59.7125312365273], [137.61571414579112, 59.73976471626861], [137.46574913961103, 59.555254015460434], [136.75871219331304, 59.354646104733945], [135.75722293509034, 59.52879568117572], [135.18692182827965, 59.116236884324735], [133.4289929553605, 59.275632839783725], [132.8363676293626, 59.103317775994526], [132.80794559121603, 58.880178941405006], [132.59927615766844, 58.89103099218653], [132.4169617047188, 58.48196035438684], [132.1241630391928, 58.48684377741836], [132.19475304611615, 58.24254344272566], [132.00851118364415, 58.11454092142634], [132.1198222194198, 58.04648305914583], [131.4686991716294, 58.16466706023664], [132.04747521420973, 57.66108022677105], [131.6930782405683, 57.56051788988867], [131.50590620300886, 57.24580841722462], [131.10169314981897, 57.23092560503261], [131.79953169173416, 56.72237783506898], [131.70144982265117, 56.459086412408], [131.49743126813848, 56.54952016892065], [131.12556766171815, 56.41051056630954], [130.8646016790242, 55.89948232674794], [130.9229960471298, 55.678565579338], [129.47409223816624, 55.7271414254364], [129.0398035022298, 55.65195221632172], [128.95650109255132, 55.46519358991219], [128.22217898966858, 55.663786119034114], [126.06158735627139, 55.58456614850894], [125.82459923736485, 55.79488922845508], [124.50095910038215, 55.87617625652899], [123.88569949773364, 56.387256171135334], [121.5987073098944, 56.74387523105702], [121.42021691278023, 56.972956854974825], [120.65550906788917, 57.03207469349229], [119.89844933466907, 56.88939606377727], [119.64533816922108, 57.00225739226482], [119.68626590364852, 57.168397121829685], [119.40462934816583, 57.431895250065736], [119.49516645656672, 57.58589101855563], [119.17869998561582, 57.50553416646858], [119.04485802597708, 57.733272203249555], [119.13239790264106, 58.472348537954645], [118.77634728439966, 58.603968411313076], [118.89334272708516, 58.8048347035587], [118.70720421830003, 59.0638369823908], [118.8459037616492, 59.29105825523425], [118.75464318193724, 59.4077953155014], [118.28263064978466, 59.60933340131538], [117.8830684747303, 59.441901760557755], [117.08931847496763, 59.58840444610826], [117.22967166561477, 59.80430858017678], [117.0645137879809, 59.91882355416368], [117.30191531803746, 60.01393402813284], [116.58237267455922, 60.35993358037041], [115.70893761627792, 60.524781398742505], [115.2381653175753, 60.446956692197546], [114.6971130721106, 60.21921865541657], [114.17476769377402, 59.75345897095474], [113.59175418510756, 59.56520172777749], [113.4610128108925, 59.26162852583576], [112.5690775901586, 59.06711843496777], [112.50262169833263, 58.8703604193978], [112.4514620298487, 59.12522858313258], [112.63108930942406, 59.310488592774334], [112.29312544158586, 59.30056671797962], [112.2705945168234, 59.50039948235019], [111.63724816287237, 59.20760081592488], [110.68505822115992, 59.254626370210815], [110.27826134558461, 58.98404857018534], [109.82216515529763, 58.98125804312417], [109.50456180188559, 59.292556871102704], [109.26126915934418, 59.32134064445518], [109.7638741390802, 60.02698232677295], [109.73204145714749, 60.22505809195735], [110.11620405517294, 60.587051500426355], [110.04592410661218, 60.667615058088415], [110.26678917897738, 60.69650218422839], [110.51700646367732, 61.08500560202691], [109.80015099537212, 61.31649018027758], [109.87012088377173, 61.53288523986191], [109.6200069518593, 61.71809357445886], [109.60367719884363, 61.884284979967845], [109.9973482614131, 62.288187974795164], [109.26716027182903, 62.523522447303094], [109.64687869729403, 62.82619131078036], [109.47159223839105, 62.93179210122446], [109.36472537607523, 63.354169420082656], [109.04216108616515, 63.55229686121112], [108.12490441270842, 63.579995428945836], [108.29750369733773, 63.810523993687355], [108.76641564316736, 63.860443426922586], [108.4675191586822, 64.28170970353995], [107.96770470600734, 64.16988190382676], [106.62163699794905, 64.51037791630779], [105.79067996590766, 64.48872549068881], [105.70696414597853, 64.6584308954694], [105.87532596182365, 64.65853424735758], [105.95077355335678, 64.8939203967089], [106.22021447092106, 64.85717845332294], [105.9833297057013, 65.02796906192265], [106.9581539249636, 65.50220368125485], [106.42030561681071, 65.67144399714272], [106.47125857971963, 66.00739248337635], [106.11655154771569, 66.19864695918977], [106.10332238192234, 66.37832591380982], [106.32191369026452, 66.4788882506922], [106.18435102667848, 66.80062571920155], [105.5401526228452, 67.02340281768585], [106.80240115818685, 67.3482408725182], [106.89004438673902, 68.85993154620388], [106.1453869979116, 69.42310130528097], [108.2905790551792, 69.85676992539169], [109.23698123629498, 69.77589630846785], [109.50900597534542, 70.03345164737561], [109.28152632008357, 70.2123037787963], [110.26317182781753, 70.42738109056484], [110.10276818200595, 70.63191640901505], [112.24940718009725, 71.00331492834124], [112.69485802607699, 71.21733287201442], [112.00001671769735, 71.4077863630502], [111.9960893090743, 72.13272919439675], [111.05671512290456, 72.38059520070789], [111.29535688731045, 72.50332672804603], [110.6087838073268, 72.78584178357141], [110.90127241359096, 73.05047679336928], [110.15764855443717, 73.39495189131668], [111.08493045457675, 73.58760163021105], [110.87773087837729, 73.76785161745812], [111.2951766289982, 73.86912669494097]]], [[[162.34555097700002, 70.66205475500004], [162.48414147200003, 70.65412018400008], [162.23780358200008, 70.65412018400008], [162.34555097700002, 70.66205475500004]]], [[[161.53052819100003, 70.84162018400008], [161.69459069100003, 70.75043366100005], [161.46314537900003, 70.80499909100007], [161.53052819100003, 70.84162018400008]]], [[[160.67438511800003, 70.91421070000007], [160.50406569100005, 70.80501215600003], [160.40796959700003, 70.91425202000005], [160.67438511800003, 70.91421070000007]]], [[[137.91423587300005, 71.55849844000005], [137.6933699880001, 71.41937897300005], [136.99187259200005, 71.51752350500004], [137.21827233200008, 71.57623932500007], [137.91423587300005, 71.55849844000005]]], [[[128.65251712300005, 72.67576732000003], [128.97445722700002, 72.59381745000007], [128.10368899800005, 72.63471100500004], [128.65251712300005, 72.67576732000003]]], [[[128.31714928500003, 72.81232330900008], [128.99408262200006, 72.93247107700006], [129.41713899900003, 72.81259570200007], [129.207042752, 72.76189459800008], [128.31714928500003, 72.81232330900008]]], [[[120.27857506600003, 73.10089752800008], [119.72071373800009, 73.03384023600006], [119.63445071700005, 73.12815989800004], [120.02198326900009, 73.16811758000006], [120.27857506600003, 73.10089752800008]]], [[[143.4072371750001, 73.54279205900008], [143.56511332800005, 73.23115028900008], [143.17494506900005, 73.17658021600005], [139.76708783100003, 73.41834474900008], [140.4933024390001, 73.48504391600005], [141.12720787900003, 73.88165924700007], [142.04517662900003, 73.91657135600008], [143.4072371750001, 73.54279205900008]]], [[[124.38103274800005, 73.93939850500004], [124.66065514400009, 73.89199453300006], [124.28785241000003, 73.88092682500007], [124.38103274800005, 73.93939850500004]]], [[[136.25896243600005, 73.95746491100005], [136.1352645190001, 73.87921784100007], [135.3540145190001, 74.25910065300008], [136.0107528000001, 74.10346100500004], [136.25896243600005, 73.95746491100005]]], [[[141.09782962300005, 74.14923737200007], [141.03777103000004, 74.00385163000004], [140.54509524800005, 73.91583893400008], [140.16471625500003, 74.07063819000007], [140.349900026, 74.25421572500005], [141.09782962300005, 74.14923737200007]]], [[[115.98072350400003, 74.37750885600008], [116.05298912900003, 74.28522370000007], [115.88575280000009, 74.32363515800006], [115.98072350400003, 74.37750885600008]]], [[[113.40577233200008, 74.44403717700004], [112.77491295700008, 74.08808014500005], [111.45923912900003, 74.31370677300004], [111.95134524800005, 74.37079498900005], [112.11011803500003, 74.55121491100005], [113.40577233200008, 74.44403717700004]]], [[[148.6103621750001, 75.21552155200004], [150.9580184250001, 75.14232005400004], [150.60922285200002, 74.89350006700005], [149.2089949880001, 74.75800202000005], [148.17212975400003, 74.80353424700007], [146.07178795700008, 75.24030182500007], [146.43620853000004, 75.59674713700008], [146.77076256600003, 75.50674062700006], [146.63428795700008, 75.43773021000004], [146.79672285200002, 75.36635976800005], [148.40772545700008, 75.42108795800004], [148.6103621750001, 75.21552155200004]]], [[[137.08130944100003, 75.56818268400008], [136.96762129, 75.60179271000004], [136.96981855600006, 75.60903554900005], [137.08130944100003, 75.56818268400008]]], [[[136.98462975400003, 75.62164948100008], [137.13990319100003, 75.65281810100004], [136.97022545700008, 75.60968659100007], [136.98462975400003, 75.62164948100008]]], [[[136.18433678500003, 75.61591217700004], [135.9834090500001, 75.41718170800004], [135.450043165, 75.37567780200004], [135.69312584700003, 75.86933014500005], [136.18433678500003, 75.61591217700004]]], [[[145.3662215500001, 75.54022858300004], [144.72934004, 75.43158600500004], [144.6777449880001, 75.32782623900005], [144.94109134200005, 75.27334219000005], [143.9985457690001, 75.02496979400007], [142.88445071700005, 75.14679596600007], [142.49431399800005, 75.37567780200004], [143.00114993600005, 75.70795319200005], [142.3379012380001, 75.72565338700008], [142.4340926440001, 75.67796458500004], [142.0083113940001, 75.62274811400005], [142.4394637380001, 75.20311107000003], [143.70777428500003, 74.94745514500005], [142.514008009, 74.81736888200004], [141.8437606130001, 74.99896881700005], [140.068695509, 74.82794830900008], [139.65202884200005, 74.98078034100007], [139.12720787900003, 74.65228913000004], [137.89527428500003, 74.84617747600004], [136.86215254, 75.36204661700003], [137.4223738940001, 75.36981842700004], [137.14332116000003, 75.41022370000007], [137.29363040500004, 75.60162995000007], [137.06763756600003, 75.72577545800004], [137.7426863940001, 75.74909088700008], [137.432953321, 75.95319245000007], [138.4321395190001, 76.06338125200006], [138.53272545700008, 76.18610260600008], [139.0488387380001, 76.23908112200007], [138.89730879, 76.21873607000003], [140.50953209700003, 75.79047272300005], [140.47584069100003, 75.64032623900005], [141.06226647200003, 75.65009186400005], [140.86443118600005, 75.73883698100008], [141.0009871750001, 76.04743073100008], [141.62468509200005, 76.01312897300005], [141.31006920700008, 76.18447500200006], [142.5468856130001, 75.86298248900005], [143.94711347700002, 75.83478424700007], [145.3662215500001, 75.54022858300004]]], [[[149.45349656400003, 76.76877913300007], [149.20009036800002, 76.62680582400003], [148.43178885200007, 76.62932582800005], [149.45349656400003, 76.76877913300007]]], [[[152.82927493600005, 76.19619375200006], [152.7734481130001, 76.08340078300006], [152.55486087300005, 76.13934967700004], [152.82927493600005, 76.19619375200006]]], [[[156.55030358200008, 77.12579987200007], [156.6533309250001, 77.08417389500005], [156.49170983200008, 77.09821198100008], [156.55030358200008, 77.12579987200007]]], [[[161.89376693300005, 69.65383772300004], [161.86693604800007, 69.55455380300003], [161.66561653400004, 69.62054810900008], [161.6672436350001, 69.63668263100004], [161.89376693300005, 69.65383772300004]]]]}}, {"type": "Feature", "properties": {"name": "City of St. Petersburg", "type": "Gorod Federalnogo Znacheniya", "region": "Northwestern", "code_hasc": "RU.SP", "latitude": 59.8064, "longitude": 30.2901, "admin": "Russia"}, "geometry": {"type": "MultiPolygon", "coordinates": [[[[29.697139291337795, 59.950047624764714], [30.161957227000073, 59.868475653000075], [30.246104363000086, 59.97492096600007], [29.446606073411544, 60.21079539738963], [30.3904244321418, 60.12273875588886], [30.74771528473258, 59.72565705043252], [30.259372999564278, 59.60985016525291], [29.697139291337795, 59.950047624764714]]], [[[29.713552280000044, 60.02187734600005], [29.78687584700009, 59.97508372600004], [29.657399936000047, 60.025458075000074], [29.713552280000044, 60.02187734600005]]]]}}, {"type": "Feature", "properties": {"name": "Arkhangel'sk", "type": "Oblast", "region": "Northwestern", "code_hasc": "RU.AR", "latitude": 63.3132, "longitude": 41.9939, "admin": "Russia"}, "geometry": {"type": "MultiPolygon", "coordinates": [[[[36.52340622662812, 63.971429154705895], [37.43781056700004, 63.792280503000086], [38.08806399800005, 64.03489817900004], [37.95671634200005, 64.36408112200007], [37.28622815400007, 64.35220606100006], [36.559760947000086, 64.71742272300008], [36.43995201900009, 64.91705963700008], [36.80744425600005, 64.95905229700008], [36.820001697000066, 65.14714128400004], [38.385021487000074, 64.84462671200004], [38.06657962300005, 64.78119538000004], [38.04810631600009, 64.64594147300005], [38.44803087100007, 64.81787810400004], [39.56652431700007, 64.54526799300004], [39.92359459700003, 64.60301341400003], [39.78638756600009, 64.59686920800004], [39.850352410000085, 64.67597077000005], [40.181651238000086, 64.55866120000007], [40.51710045700008, 64.54144928600005], [40.410899285000085, 64.73680247600004], [40.51734459700003, 64.77411530200004], [39.740896030000044, 65.35651276200008], [39.74927819100009, 65.55206940300008], [40.71013431100005, 65.97231679900005], [41.643565300000034, 66.17275625200006], [42.20093834700003, 66.53217194200005], [42.66146894600007, 66.44334544500003], [42.54859459700003, 66.38507721600007], [43.30209394600007, 66.42601146000004], [43.69263756600009, 66.23720937700006], [43.28834069100009, 66.09023672100005], [43.35279381600009, 66.04148997600004], [43.51490319100009, 65.97418854400007], [43.38233483200008, 66.07192617400005], [43.83643639400009, 66.18577708500004], [44.179698113000086, 65.86432526200008], [44.07935631600009, 66.20669179900005], [44.30316694519831, 66.41300080054646], [47.154465772777144, 65.81575043393536], [47.72611046672466, 65.81892853552347], [48.156265090261684, 66.13027903944607], [49.006032342218816, 66.11911693030208], [48.99869428891026, 65.24033336009649], [49.60578901595028, 65.289193427035], [50.063022087799084, 64.8901996927616], [50.46744184836257, 64.79160106153972], [50.314686314222, 64.5124449729571], [49.59535037631878, 64.59135488601913], [48.408342726035926, 64.22421967210016], [48.11575076698426, 64.34811391942179], [46.611449822551265, 64.32656484569105], [45.42712934834071, 64.171690578957], [46.819189081011245, 63.74696198171006], [47.021347284449575, 63.55916982742559], [46.94682986800399, 63.34156037101428], [47.55464806455649, 63.148497219171304], [47.082635532403856, 62.83962718394736], [47.413364698821795, 62.192793280885155], [48.29083051941291, 62.32162262628316], [48.36607140537103, 62.729298001001894], [49.608992954161465, 62.770225735429335], [49.05161095568104, 61.690963447505055], [49.461405063892585, 61.586111965894474], [49.31392052641115, 61.18789337797699], [48.50931847496764, 61.04774689380406], [48.418988071242495, 60.85380524371698], [47.56849734887351, 61.05911570942243], [47.196116977616384, 61.04831533548429], [46.94651980964147, 60.85700918192816], [46.508510369757744, 61.063663234770445], [45.878161249342156, 61.01627594707725], [45.78669396315587, 61.166757718094175], [45.378760206918, 61.205463365341984], [45.22910525910038, 60.903879706583155], [44.05294965959911, 61.07921784143019], [43.51086388535998, 60.767453925458256], [42.39475630126225, 60.769417630219436], [41.92346723772283, 60.91747060848178], [41.394093866238904, 60.85799103475841], [41.343037551441796, 60.64596263336881], [40.74648481592152, 60.77964956337661], [39.95376834493317, 60.6499933947793], [39.19061079275389, 60.65293895147141], [38.95724002500714, 60.80688304311792], [38.661340773158145, 60.711384996420406], [37.85735884023825, 61.28457998307971], [37.761964146328296, 61.648227037048116], [37.92949913897405, 61.96210968741212], [37.7293046402969, 62.19984711425292], [37.42875451031239, 62.21320547125549], [37.59029503768579, 62.45360423394823], [37.504925571358, 62.645323797755054], [36.500542433286626, 62.82603628204873], [36.258903436244566, 63.031760158904206], [36.412279087110164, 63.20559967698347], [35.85737755732839, 63.59865062102932], [36.469329868078944, 63.67554515248679], [36.52340622662812, 63.971429154705895]]], [[[51.40951582100007, 71.80613841400003], [51.610036655000044, 72.09170156500005], [52.36841881600009, 72.07534414300005], [52.41651451900003, 72.28929271000004], [52.868174675000034, 72.34674713700008], [52.680023634000065, 72.47874583500004], [53.10206139400003, 72.60065338700008], [52.754893425000034, 72.63837311400005], [53.21810957100007, 72.64842357000003], [52.37525475400008, 72.73037344000005], [53.38200931100005, 72.88861725500004], [53.14193769600007, 72.96246979400007], [53.38200931100005, 73.01154205900008], [53.12191816500007, 73.10089752800008], [53.32252037900008, 73.22085195500006], [54.19076582100007, 73.27220286700003], [54.93482506600009, 73.42536041900007], [55.30420983200008, 73.33934153900003], [56.43523196700005, 73.23012929900005], [56.582041863000086, 73.12958405200004], [55.80836022200003, 73.06610748900005], [56.46615644600007, 73.05247630400004], [56.37720787900008, 73.00665924700007], [55.61646569100009, 72.96369049700007], [56.25180097700007, 72.97235748900005], [56.21989993600005, 72.82656484600005], [55.48072350400008, 72.80581289300005], [55.946055535000085, 72.66889069200005], [55.61646569100009, 72.69684479400007], [55.72348066500007, 72.63833242400005], [55.618174675000034, 72.54218170800004], [55.26710045700008, 72.58698151200008], [55.536143425000034, 72.47247955900008], [55.115570509000065, 72.45038483300004], [55.46566816500007, 72.43618398600006], [55.376963738000086, 72.30267975500004], [55.574961785000085, 72.19965241100005], [55.22543379000007, 71.92902252800008], [55.50635826900003, 71.89801666900007], [56.10572350400008, 71.25897858300004], [57.638682488000086, 70.72988515800006], [57.432627800000034, 70.74355703300006], [57.53931725400008, 70.70477936400005], [57.45248457100007, 70.60635000200006], [56.74048912900008, 70.70258209800005], [57.29574629000007, 70.56468333500004], [56.199229363000086, 70.70937734600005], [56.65455162900008, 70.58999258000006], [56.514008009000065, 70.54486725500004], [55.40479576900003, 70.75039297100005], [55.47250410200007, 70.65412018400008], [55.16260826900003, 70.55312734600005], [54.51343834700003, 70.82542552300004], [54.76742597700007, 70.64793528900003], [53.539724155000044, 70.80499909100007], [53.30014082100007, 70.86640045800004], [53.70476321700005, 70.84593333500004], [53.50171959700003, 71.09442780200004], [54.24398847700007, 71.12287018400008], [53.45093834700003, 71.26430898600006], [53.951182488000086, 71.46222565300008], [53.41334069100009, 71.31175364800004], [53.25171959700003, 71.45604075700004], [53.444102410000085, 71.54547760600008], [52.88233483200008, 71.39398834800005], [52.547211134000065, 71.63483307500007], [52.41627037900008, 71.47654857000003], [52.26880944100009, 71.58795807500007], [52.14185631600009, 71.54547760600008], [52.27906334700003, 71.47654857000003], [51.84034264400003, 71.45604075700004], [51.53239993600005, 71.56590403900003], [51.40951582100007, 71.80613841400003]]], [[[56.986989780000044, 74.69049713700008], [55.832692905000044, 74.80003489800004], [56.678477410000085, 74.94867584800005], [55.72632897200003, 75.08148834800005], [56.07113691500007, 75.21893952000005], [56.53044681100005, 75.07843659100007], [57.04623457100007, 75.39813873900005], [57.74105879000007, 75.32786692900004], [57.50082441500007, 75.49921295800004], [58.93100019600007, 75.86762116100005], [60.347666863000086, 76.00568268400008], [60.04273522200003, 76.05414459800005], [60.26807701900003, 76.11009349200003], [60.83838951900003, 76.12299225500004], [60.46843509200005, 76.01312897300005], [60.734711134000065, 76.00535716400003], [61.14576256600003, 76.11611562700006], [60.89975019600007, 76.15717194200005], [61.076914910000085, 76.27997467700004], [62.50367272200003, 76.17767975500004], [64.09083092500003, 76.31281159100007], [65.48487389400003, 76.57489655200004], [65.99878991000008, 76.53335195500006], [65.75342858200008, 76.68284739800004], [67.58806399800005, 77.01337311400005], [68.46290123800009, 76.96670156500005], [69.03394616000008, 76.71206289300005], [68.17774498800009, 76.31460195500006], [68.28793379000007, 76.28131745000007], [63.55201256600003, 75.71149323100008], [61.48170006600003, 75.22345612200007], [61.27662194100003, 75.32786692900004], [60.72478274800005, 75.02765534100007], [59.92725670700008, 75.00580475500004], [60.687510613000086, 74.92381419500003], [60.194102410000085, 74.85496653900003], [60.37232506600009, 74.79352448100008], [60.276377800000034, 74.74966054900005], [59.508799675000034, 74.79975006700005], [59.87256920700008, 74.67682526200008], [59.75521894600007, 74.58746979400007], [59.090505405000044, 74.73826732000003], [59.289805535000085, 74.64264557500007], [59.08366946700005, 74.64887116100005], [59.221446160000085, 74.61542389500005], [59.14576256600009, 74.44403717700004], [58.18677819100009, 74.58124420800004], [58.638682488000086, 74.42357005400004], [58.72803795700008, 74.23859284100007], [58.29224694100009, 74.22162506700005], [58.52198326900003, 74.14923737200007], [58.162119988000086, 74.15037669500003], [58.12330162900008, 73.98672109600005], [57.53174889400003, 74.19183991100005], [57.260752800000034, 74.08030833500004], [57.91187584700003, 73.91583893400008], [57.748708530000044, 73.72601959800005], [57.39535566500007, 73.84552643400008], [56.555674675000034, 73.88857656500005], [57.34986412900008, 73.82758209800005], [57.617523634000065, 73.66885000200006], [57.35010826900003, 73.55341217700004], [56.735118035000085, 73.68024323100008], [57.253916863000086, 73.45718008000006], [56.74927819100009, 73.36151764500005], [56.72982832100007, 73.24453359600005], [56.12086022200003, 73.29002513200004], [55.91749108200008, 73.44839101800005], [55.92400149800005, 73.31199778900003], [54.90007571700005, 73.44839101800005], [54.250010613000086, 73.32827383000006], [54.03305097700007, 73.37466054900005], [54.54151451900003, 73.61098867400005], [55.349619988000086, 73.71723053600005], [54.28077233200008, 73.60053131700005], [53.63111412900008, 73.75958893400008], [54.801524285000085, 73.97044505400004], [54.588633660000085, 74.01886627800008], [55.01889082100007, 74.17300039300005], [55.86443118600005, 74.10594310100004], [55.07585696700005, 74.26593659100007], [55.746836785000085, 74.29633209800005], [55.23292076900003, 74.37579987200007], [55.38835696700005, 74.44505442900004], [56.28736412900008, 74.49168528900003], [55.656911655000044, 74.51976146000004], [55.52955162900008, 74.65485260600008], [56.986989780000044, 74.69049713700008]]], [[[42.50449069500007, 66.77790578300005], [42.66802874200005, 66.66669125900006], [42.42649975100005, 66.75200894200003], [42.50449069500007, 66.77790578300005]]], [[[56.84302819100009, 70.60635000200006], [57.221690300000034, 70.52606842700004], [57.06364993600005, 70.50242747600004], [56.84302819100009, 70.60635000200006]]], [[[53.23178144600007, 71.21588776200008], [53.009776238000086, 70.96820709800005], [52.21176191500007, 71.30809153900003], [52.74105879000007, 71.40582916900007], [53.23178144600007, 71.21588776200008]]], [[[51.000987175000034, 80.10252513200004], [51.50513756600009, 79.93341705900008], [50.045258009000065, 79.97443268400008], [51.000987175000034, 80.10252513200004]]], [[[50.33562259200005, 80.18158600500004], [49.883148634000065, 80.06989166900007], [49.531260613000086, 80.15875885600008], [50.33562259200005, 80.18158600500004]]], [[[56.329112175000034, 80.62490469000005], [55.431651238000086, 80.71426015800006], [56.946055535000085, 80.69379303600005], [56.329112175000034, 80.62490469000005]]], [[[47.430674675000034, 80.59381745000007], [46.083994988000086, 80.43988678600005], [46.043711785000085, 80.57355377800008], [44.857432488000086, 80.61741771000004], [47.53630618600005, 80.85667552300004], [48.764008009000065, 80.65961334800005], [47.748789910000085, 80.77049388200004], [47.30420983200008, 80.65277741100005], [47.430674675000034, 80.59381745000007]]], [[[62.22193444100003, 80.81321849200003], [62.115977410000085, 80.62238190300008], [61.04460696700005, 80.40517812700006], [59.63640384200005, 80.43121979400007], [59.221446160000085, 80.65277741100005], [59.69385826900003, 80.83714427300004], [62.22193444100003, 80.81321849200003]]], [[[58.54273522200003, 80.75429922100005], [57.81568444100009, 80.80988190300008], [59.02906334700003, 80.82412344000005], [58.54273522200003, 80.75429922100005]]], [[[55.98650149800005, 80.80365631700005], [54.87671959700003, 80.72113678600005], [53.98031660200007, 80.81622955900008], [55.98650149800005, 80.80365631700005]]], [[[51.68930097700007, 80.72728099200003], [49.67530358200008, 80.48151276200008], [49.81617272200003, 80.40102773600006], [48.83952884200005, 80.38784414300005], [48.626963738000086, 80.29531484600005], [49.10718834700003, 80.18952057500007], [48.37240644600007, 80.09178294500003], [47.627696160000085, 80.07221100500004], [48.08513431100005, 80.20718008000006], [46.61841881600009, 80.29531484600005], [48.13298587300005, 80.32648346600007], [47.619476759000065, 80.40517812700006], [48.23585045700008, 80.42690664300005], [47.37940514400009, 80.45355866100005], [49.188243035000085, 80.52142975500004], [49.681976759000065, 80.72113678600005], [48.95533287900008, 80.73476797100005], [50.23715254000007, 80.93349844000005], [50.44304446700005, 80.90607330900008], [49.99732506600009, 80.86505768400008], [50.85596764400003, 80.91852448100008], [51.04517662900008, 80.85146719000005], [50.25123131600009, 80.74160390800006], [51.68930097700007, 80.72728099200003]]], [[[58.65365644600007, 81.04376862200007], [58.36695397200003, 80.94594961100006], [57.84099368600005, 81.04767487200007], [58.06950931100005, 81.11151764500005], [58.65365644600007, 81.04376862200007]]], [[[58.28239993600005, 80.92649974200003], [56.89673912900008, 81.01609935100004], [56.09555097700007, 81.09100983300004], [58.28239993600005, 80.92649974200003]]], [[[57.05876712300005, 80.69183991100005], [54.41732832100007, 81.00844961100006], [54.670909050000034, 81.12518952000005], [56.01921634200005, 81.04360586100006], [57.71607506600009, 80.79315827000005], [57.05876712300005, 80.69183991100005]]], [[[50.476573113000086, 81.06997304900005], [50.34742272200003, 81.09100983300004], [50.97681725400008, 81.10590241100005], [50.37427819100009, 81.02277252800008], [50.476573113000086, 81.06997304900005]]], [[[58.57048587300005, 81.41315338700008], [56.74048912900008, 81.45351797100005], [57.78402754000007, 81.56476471600007], [58.57048587300005, 81.41315338700008]]], [[[63.467458530000044, 81.58905670800004], [62.106455925000034, 81.68008047100005], [63.80591881600003, 81.66014232000003], [63.467458530000044, 81.58905670800004]]], [[[59.43995201900003, 81.81781647300005], [57.891286655000044, 81.70795319200005], [58.15609785200007, 81.83026764500005], [59.43995201900003, 81.81781647300005]]], [[[58.73170006600009, 75.91689687700006], [59.262461785000085, 75.96539948100008], [58.69320722700007, 75.90326569200005], [58.73170006600009, 75.91689687700006]]], [[[59.92725670700008, 79.99485911700003], [58.76872806100005, 80.02106354400007], [59.52914472700007, 80.12091705900008], [59.92725670700008, 79.99485911700003]]], [[[55.71208743600005, 80.10346100500004], [56.129893425000034, 80.35122304900005], [57.02198326900003, 80.36399974200003], [57.15357506600009, 80.19896067900004], [56.95679772200003, 80.06631094000005], [55.71208743600005, 80.10346100500004]]], [[[53.869476759000065, 80.27094147300005], [52.18287194100009, 80.27606842700004], [53.14958743600005, 80.41258372600004], [53.869476759000065, 80.27094147300005]]], [[[57.52881920700008, 80.13141510600008], [56.946055535000085, 80.48151276200008], [59.276133660000085, 80.33002350500004], [58.390961134000065, 80.32021719000005], [58.076914910000085, 80.26178620000007], [58.40650475400008, 80.16559479400007], [57.52881920700008, 80.13141510600008]]], [[[53.79802493600005, 80.47288646000004], [53.97291100400008, 80.52928294500003], [53.88331139400003, 80.61074453300006], [54.46509850400008, 80.48151276200008], [53.79802493600005, 80.47288646000004]]], [[[60.02271569100009, 80.99542877800008], [60.61280358200008, 81.09247467700004], [61.70167076900003, 81.10529205900008], [60.98780358200008, 80.92202383000006], [60.02271569100009, 80.99542877800008]]], [[[62.50367272200003, 80.82412344000005], [64.03646894600007, 80.98688385600008], [64.70484459700003, 81.20526764500005], [65.22982832100007, 81.13670482000003], [65.46566816500007, 80.93488190300008], [63.13070722700007, 80.68309153900003], [62.50367272200003, 80.82412344000005]]], [[[56.99439537900008, 81.16616445500006], [57.88786868600005, 81.24555084800005], [58.08375084700003, 81.21454498900005], [56.99439537900008, 81.16616445500006]]], [[[55.646820509000065, 81.20026276200008], [55.431651238000086, 81.28343333500004], [56.54476972700007, 81.25478750200006], [56.335948113000086, 81.38519928600005], [56.72624759200005, 81.39716217700004], [57.905039910000085, 81.29710521000004], [55.646820509000065, 81.20026276200008]]], [[[59.05437259200005, 81.28705475500004], [58.46412194100009, 81.33494700700004], [59.385427280000044, 81.33055247600004], [59.05437259200005, 81.28705475500004]]], [[[61.65398196700005, 81.60492584800005], [62.14112389400003, 81.58608633000006], [62.196299675000034, 81.56484609600005], [61.65398196700005, 81.60492584800005]]], [[[40.43140709700003, 64.61269765800006], [40.19483483200008, 64.57416413000004], [40.054698113000086, 64.65253327000005], [39.824229363000086, 64.67975495000007], [40.188487175000034, 64.70823802300004], [40.30225670700008, 64.63548411700003], [40.43140709700003, 64.61269765800006]]], [[[39.94971764400009, 64.74192942900004], [39.980479363000086, 64.72943756700005], [39.943695509000065, 64.72797272300005], [39.94971764400009, 64.74192942900004]]], [[[40.40674889400009, 64.64248281500005], [40.03484134200005, 64.76056549700007], [40.33350670700008, 64.77240631700005], [40.40674889400009, 64.64248281500005]]], [[[53.23991946700005, 71.35443756700005], [53.39535566500007, 71.28050364800004], [53.16146894600007, 71.35488515800006], [53.23991946700005, 71.35443756700005]]], [[[58.613942905000044, 79.97943756700005], [58.87037194100009, 79.90131256700005], [58.24830162900008, 79.93341705900008], [58.613942905000044, 79.97943756700005]]], [[[60.05225670700008, 80.18768952000005], [60.21045983200008, 80.14915599200003], [59.891286655000044, 80.17544179900005], [60.05225670700008, 80.18768952000005]]], [[[54.40772545700008, 80.28481679900005], [54.178070509000065, 80.18927643400008], [54.10124759200005, 80.27289459800005], [54.19353274800005, 80.30711497600004], [54.40772545700008, 80.28481679900005]]], [[[55.498789910000085, 80.31683991100005], [55.23487389400003, 80.22793203300006], [54.929698113000086, 80.25958893400008], [55.29639733200008, 80.33218008000006], [55.498789910000085, 80.31683991100005]]], [[[54.98747806100005, 80.41437409100007], [55.24496504000007, 80.43846263200004], [55.270518425000034, 80.40936920800004], [55.129893425000034, 80.37433502800008], [54.98747806100005, 80.41437409100007]]], [[[54.62671959700003, 80.47724030200004], [54.771494988000086, 80.39301178600005], [54.39039147200003, 80.38654205900008], [54.62671959700003, 80.47724030200004]]], [[[54.98194420700008, 80.44891998900005], [54.62240644600007, 80.51129791900007], [55.073008660000085, 80.48407623900005], [54.98194420700008, 80.44891998900005]]], [[[59.097666863000086, 81.21312083500004], [59.75554446700005, 81.16998932500007], [58.99463951900003, 81.19818756700005], [59.097666863000086, 81.21312083500004]]], [[[60.56275475400008, 81.27362702000005], [60.432302280000044, 81.24437083500004], [59.840586785000085, 81.29157135600008], [60.031993035000085, 81.31110260600008], [60.56275475400008, 81.27362702000005]]], [[[58.49301191500007, 81.57908763200004], [58.275726759000065, 81.59271881700005], [58.70232181100005, 81.61261627800008], [58.49301191500007, 81.57908763200004]]], [[[38.03657270686489, 61.020875149268704], [38.08752566887449, 61.041649074844884], [38.124836053041406, 61.01736115179568], [38.03657270686489, 61.020875149268704]]]]}}, {"type": "Feature", "properties": {"name": "Krasnoyarsk", "type": "Kray", "region": "Siberian", "code_hasc": "RU.KX", "latitude": 65.5602, "longitude": 95.2029, "admin": "Russia"}, "geometry": {"type": "MultiPolygon", "coordinates": [[[[78.50276407140473, 72.3819065219684], [79.51384524800005, 72.36220937700006], [80.83464603000004, 72.08331940300008], [80.63233483200008, 72.04608795800004], [81.73666425900007, 71.69989655200004], [83.25171959700003, 71.72565338700008], [83.04786217500003, 71.41510651200008], [82.27263431100005, 71.27879466400003], [82.35279381600003, 71.09625885600008], [82.20834394600007, 70.98680247600004], [82.41724694100003, 70.77704498900005], [82.08204186300003, 70.56537506700005], [82.34888756600003, 70.20229726800005], [82.15723717500003, 70.57160065300008], [82.46461022200003, 70.61318594000005], [82.57862389400003, 70.91111888200004], [82.90162194100003, 71.00104401200008], [83.13721764400003, 70.76398346600007], [83.01050866000003, 70.42658112200007], [82.64380944100003, 70.18121979400007], [83.14942467500003, 70.07648346600007], [82.95167076900003, 70.32514069200005], [83.77466881600003, 70.47662995000007], [83.38184655000003, 71.03266022300005], [83.11605879000007, 71.11347077000005], [83.61890709700003, 71.63117096600007], [83.36052493600005, 71.84064362200007], [82.67807050900007, 71.87946198100008], [82.18506920700008, 72.09349192900004], [82.30738366000008, 72.18284739800004], [82.19809004000007, 72.28156159100007], [80.70411217500003, 72.54535553600005], [80.83448326900003, 72.62051015800006], [80.63209069100003, 72.73379140800006], [80.81430097700007, 72.97426992400005], [80.23113040500004, 73.17597077000005], [80.56348717500003, 73.22150299700007], [80.25489342500003, 73.32973867400005], [80.67741946700005, 73.50495026200008], [80.51295006600003, 73.56704336100006], [87.08008873800003, 73.87152741100005], [85.78679446700005, 73.48078034100007], [85.83318118600005, 73.33177317900004], [86.78248131600003, 73.00088125200006], [85.84400475400008, 73.43984609600005], [87.16480553500003, 73.61139557500007], [87.66407311300003, 73.89085521000004], [87.29639733200008, 73.84137604400007], [86.94019616000003, 74.03314850500004], [87.36231530000003, 74.04775625200006], [85.90552819100003, 74.35468170800004], [86.29712975400008, 74.31305573100008], [86.04948978000004, 74.41616445500006], [86.47527103000004, 74.45819733300004], [86.95386803500003, 74.38886139500005], [86.71583092500003, 74.30182526200008], [87.26238040500004, 74.35468170800004], [86.53549238400007, 74.51235586100006], [86.78248131600003, 74.56073639500005], [85.74040774800005, 74.63589101800005], [86.09058678500003, 74.82078685100004], [86.95753014400003, 74.60883209800005], [86.76205488400007, 74.70408763200004], [87.38575280000003, 74.94432200700004], [87.17286217500003, 74.98529694200005], [87.78988691500007, 75.02627187700006], [86.89861087300005, 75.08771393400008], [87.02458743600005, 75.16421133000006], [87.95264733200008, 75.10004303600005], [89.24577884200005, 75.50674062700006], [89.70362389400003, 75.44350820500006], [89.61280358200008, 75.49237702000005], [90.05787194100003, 75.51972077000005], [89.95411217500003, 75.57762278900003], [91.58025149800005, 75.63776276200008], [91.70020592500003, 75.73639557500007], [92.37134850400008, 75.74046458500004], [93.54981530000003, 75.85301341400003], [94.16309655000003, 75.94428131700005], [92.82683353000004, 75.96539948100008], [93.23080488400007, 76.05414459800005], [93.12094160200007, 76.09568919500003], [93.99870853000004, 76.05414459800005], [93.68580162900008, 76.13226959800005], [96.19646243600005, 76.08755117400005], [95.57520592500003, 75.88898346600007], [95.73951256600003, 75.85643138200004], [96.66456139400003, 75.96539948100008], [96.46143639400003, 75.87189362200007], [97.25098717500003, 76.04340241100005], [97.39682050900007, 76.04730866100005], [97.18531334700003, 75.93060944200005], [97.82390384200005, 75.98810455900008], [97.54835045700003, 76.05414459800005], [98.81641686300003, 76.26703522300005], [98.71273847700007, 76.20498281500005], [99.75489342500003, 76.04901764500005], [99.42400149800005, 75.79344310100004], [99.57064863400007, 75.77973053600005], [99.90235436300003, 75.92719147300005], [99.86573326900003, 76.10765208500004], [98.81788170700003, 76.49420807500007], [100.85108483200003, 76.54010651200008], [102.24952233200003, 76.38312409100007], [100.87826582100007, 76.55499909100007], [101.23462975400008, 76.76727936400005], [100.85767662900008, 76.87323639500005], [102.04314212300005, 77.38060130400004], [103.19662519600007, 77.65892161700003], [104.75163821700005, 77.70620351800005], [105.87370853000004, 77.56858958500004], [106.29200280000003, 77.37002187700006], [104.14193769600007, 77.08885325700004], [105.92847741000003, 77.14411041900007], [105.43539472700007, 77.00006745000007], [106.82984459700003, 77.05467357000003], [107.49976647200003, 76.92450592700004], [106.41700280000003, 76.50922272300005], [107.84546959700003, 76.53481679900005], [107.94605553500003, 76.73729075700004], [111.09034264400003, 76.76227448100008], [112.19906660200002, 76.47186920800004], [111.82911217500003, 76.34149811400005], [112.25684655000009, 76.45441315300008], [112.74781334700003, 76.33527252800008], [112.50074303500003, 76.23908112200007], [112.85767662900003, 76.14350006700005], [112.56967207100001, 76.04730866100005], [113.30274498800009, 76.11562734600005], [112.93213951900009, 76.25958893400008], [113.25928795700008, 76.26642487200007], [113.54908287900003, 76.02065664300005], [113.480804884, 75.85553620000007], [113.89014733200008, 75.85398997600004], [113.55591881600003, 75.54022858300004], [113.426117384, 75.54022858300004], [113.61744225400003, 75.65623607000003], [113.06755618600005, 75.68349844000005], [113.13754316500001, 75.71149323100008], [112.55909264400009, 75.85130442900004], [112.33692467500009, 75.84808991100005], [112.87061608200008, 75.71149323100008], [112.74781334700003, 75.69847239800004], [112.81364993600005, 75.55731842700004], [113.26742597700002, 75.65110911700003], [113.29053795700008, 75.55052317900004], [113.72046959700003, 75.40985748900005], [111.77230879000007, 74.66852448100008], [109.56120853000004, 74.31370677300004], [109.97950280000003, 74.29633209800005], [108.06657962300005, 73.63532135600008], [107.14682050900007, 73.61766185100004], [106.78541100400003, 73.34052155200004], [106.06275475400003, 73.27301666900007], [105.65064537900003, 72.91107819200005], [105.06674238400007, 72.78558991100005], [106.03636787600004, 72.95252154100007], [106.65713469900004, 72.83195297000003], [107.10326271700006, 72.85640581500007], [106.25463976700007, 72.96719950600004], [106.17562910200007, 73.09438711100006], [108.31666100400003, 73.22158437700006], [108.19752037900003, 73.27903880400004], [109.43490644600007, 73.42670319200005], [109.19361412900003, 73.55166250200006], [109.71387780000003, 73.45258209800005], [110.93196821486117, 73.6879055855743], [111.12296430915552, 73.62036448813058], [110.15764855443717, 73.39495189131668], [110.90127241359096, 73.05047679336928], [110.6087838073268, 72.78584178357141], [111.29535688731045, 72.50332672804603], [111.05671512290456, 72.38059520070789], [111.9960893090743, 72.13272919439675], [112.00001671769735, 71.4077863630502], [112.70943077990648, 71.24288686783467], [112.24940718009725, 71.00331492834124], [110.10276818200595, 70.63191640901505], [110.26317182781753, 70.42738109056484], [109.28152632008357, 70.2123037787963], [109.50900597534542, 70.03345164737561], [109.23698123629498, 69.77589630846785], [108.2905790551792, 69.85676992539169], [106.13959923731488, 69.41628001590999], [106.89004438673902, 68.85993154620388], [106.80240115818685, 67.3482408725182], [105.5401526228452, 67.02340281768585], [106.18435102667848, 66.80062571920155], [106.32191369026452, 66.4788882506922], [106.10332238192234, 66.37832591380982], [106.11655154771569, 66.19864695918977], [106.47125857971963, 66.00739248337635], [106.42030561681071, 65.67144399714272], [106.9581539249636, 65.50220368125485], [105.98984093581049, 65.0331883817384], [106.22021447092106, 64.85717845332294], [105.95077355335678, 64.8939203967089], [105.72267378136985, 64.58205312794945], [106.13401818229323, 64.40438955313533], [106.60468712820835, 64.51270335627487], [107.32795047383524, 64.24858511041447], [108.1614913273628, 64.23804311799546], [108.32013797398827, 64.0390371768242], [107.55026248612478, 63.85700694381535], [106.70990034412551, 63.98661143736791], [106.79340945758037, 63.84238251404179], [106.50960249176154, 63.49509105151077], [106.73057091691425, 63.36747610114111], [106.12337283708672, 63.05951040348231], [106.50443484878917, 62.675037747094336], [106.79692345595271, 62.60176056589739], [106.3273913915994, 62.26581208056302], [106.44614383257175, 62.23547801449877], [106.40728315569305, 62.034766750984716], [105.90219770725832, 61.8348823115694], [105.80907677557269, 61.62238882128702], [104.78898400300926, 61.3484003774754], [105.00736860577649, 61.182183133544754], [104.61493777935499, 61.07407603598023], [104.62858035719768, 60.890004583844416], [104.46311242120123, 60.84445180880391], [104.6648572116909, 60.40277334271559], [105.47855431472982, 60.249035955744716], [105.49054324797248, 59.84523631550354], [104.79880252501647, 59.69087881090837], [104.9778096860681, 59.46376089085243], [105.2253397973937, 59.42929271148944], [105.34698611911404, 59.09169057885708], [104.79818240829144, 58.86322907256363], [104.79394494040662, 58.66928742157722], [104.45815148290455, 58.602263088970346], [103.86914350806643, 58.735174871722904], [103.90107954278665, 58.897077135201584], [103.37522016787642, 59.034123033051515], [103.32437055865432, 59.26010407244496], [102.52183556475944, 59.18605174399278], [102.40587365084826, 59.07254446125785], [102.51325727710162, 58.72142894109271], [101.1179936062199, 58.11898509398685], [101.0302470239809, 57.8976032585835], [100.81268924441304, 57.88365062147898], [100.957796665084, 57.49829946594758], [100.74881717317396, 57.40324066792243], [100.40496219285086, 57.55028595583218], [100.04343387237526, 58.07857412439631], [99.70278283116266, 58.08570547123048], [99.42207645076752, 57.79874624314459], [98.96163943890895, 57.72329865251078], [97.93400190566337, 57.811303616268845], [97.3485079282982, 57.04801687288034], [97.61991255062367, 56.95362986932298], [97.48627729655993, 56.810537828457996], [97.77504520067544, 56.77999705681867], [97.87808800715578, 56.411234035822076], [97.56823611910158, 56.38276032173144], [97.58022505144493, 56.19512319617854], [97.12526574092118, 56.10174388297378], [96.76756147718038, 55.76899933495133], [96.91804324729799, 55.32951711672155], [96.5849369649689, 55.023205065461354], [96.71381798721029, 54.919387111725825], [96.57284467983806, 54.51837799674712], [96.06465864508039, 54.57333588354419], [95.66675011642468, 54.335417589550104], [96.65769738222838, 53.556007798720884], [94.73988162563649, 53.38273672142253], [94.58567915157153, 53.3070049099486], [94.70112430244455, 53.2376292998523], [94.51229861938572, 52.910827542057405], [94.14870324136149, 52.84173615190184], [93.66718224466484, 52.21562449847181], [92.50539269431732, 51.78143911442356], [90.84926639173057, 51.908046373541254], [90.47658916056128, 52.18340084257483], [91.39631310426631, 52.8679877788129], [91.35114790195405, 53.07748403645911], [91.84124718630858, 53.28827220349939], [91.46969363825076, 53.51389150678756], [91.32654992144171, 53.81666372305233], [91.4639058776541, 54.056545721807595], [91.15901492699726, 54.48788890195124], [90.85495080043904, 54.62674347583072], [90.91530887240651, 54.79107453116467], [90.4582825052334, 54.87075958878398], [90.19586958171578, 55.15141429323501], [89.20078820171409, 54.99039052979907], [88.60877351988199, 55.44558963285522], [89.44904178255217, 55.861965237006075], [89.05661095613067, 56.30167999923253], [88.50274295422395, 56.58998281535463], [88.7407646019048, 56.71354116499276], [88.62397586479426, 56.83296540043284], [88.72236779223977, 57.08638662424329], [88.5262040549731, 57.1220950379556], [89.14735477100584, 57.614209703015376], [89.38041548128939, 57.63715403892775], [89.37741824685457, 57.91687856739196], [88.13046593575427, 58.11402415569023], [87.91817915194628, 58.499943752901856], [88.3918453313969, 58.914466254514025], [88.82654747938261, 59.02445953977593], [88.62149539609561, 59.29302195909611], [87.91063439306276, 59.26813975684428], [87.08412153538052, 59.88275340434609], [84.53130578023752, 59.974995835989034], [84.78359012158683, 60.37052724873354], [84.25959109865022, 60.85551056605976], [85.96822065595848, 61.47464590138719], [84.68974572128798, 61.80997426999653], [84.43570437985323, 62.17796214553658], [85.51832563741817, 62.93256724758038], [85.46943973205794, 63.14919485116144], [85.67211469943379, 63.359750475104306], [85.03184370332423, 63.58635163032346], [85.96346642503545, 64.0657022157846], [85.85566938673276, 64.76343740491228], [84.29214725099479, 64.90265371399767], [84.31281782378352, 65.09845571605842], [84.58391238774647, 65.29120880774025], [84.49833621584366, 65.50380564991076], [84.03097456272587, 65.79303864201967], [83.51813764803398, 65.82249420804123], [83.2928284040076, 66.06599355705697], [83.53539757703652, 66.19260081707404], [83.09098025893178, 66.45917369231199], [83.08891320228241, 66.60973297769476], [83.29654910705563, 66.67324331282862], [83.16188032421758, 66.81798900009227], [82.11729292213062, 67.24380280205764], [82.35789839129768, 67.3308517523065], [82.25134158734437, 67.41924428969219], [82.3890076028186, 67.53419851325077], [81.72558556522165, 67.92381297508871], [82.36461632698189, 67.94587881095833], [82.39458865784025, 68.1766140812748], [82.70268354670827, 68.29800202147607], [82.67932579874656, 68.49178864193226], [82.46889936691224, 68.57664134432252], [83.03878706257285, 68.66733348325363], [82.55158165896637, 68.82691030496659], [82.32895958921364, 69.04648346613902], [82.45308637873336, 69.16187694016861], [81.8410307151953, 69.19639679637504], [81.92939741415933, 69.34930735924718], [81.68496788915672, 69.4465107291868], [81.57107303279417, 69.27329132783251], [80.96687218560282, 69.20910919913018], [79.86461388492279, 69.34858388883538], [79.49109663300317, 69.65445669232247], [79.01195275311704, 69.70339427452609], [79.13039513482755, 69.73879262987595], [78.87986779176515, 69.87966258446068], [79.33348351425275, 70.14760488615656], [80.180873651198, 70.43430573182405], [80.74714399569882, 70.39404979096503], [80.6095813330121, 70.50109752133352], [80.75747928344214, 70.65558421533922], [80.59283816884636, 70.7222468127402], [80.68585574684522, 70.80120840084697], [80.53764773985125, 71.05935801895737], [79.14321089126958, 71.41522777004553], [79.37100060399462, 71.61237335924312], [80.10232547424118, 71.66456655470273], [80.03638634635274, 71.8307579620103], [80.33910688667345, 71.88979828616192], [78.91418094329589, 72.11621857422779], [78.50276407140473, 72.3819065219684]]], [[[86.89234459700003, 73.69672272300005], [86.78394616000003, 73.60822174700007], [86.39893639400003, 73.59438711100006], [86.50961347700007, 73.64183177300004], [86.89234459700003, 73.69672272300005]]], [[[96.74773196700005, 76.03099192900004], [97.33480879000007, 76.10871002800008], [96.69857832100007, 75.99579498900005], [96.74773196700005, 76.03099192900004]]], [[[95.10157311300003, 76.22540924700007], [95.19727623800003, 76.16400788000004], [95.00603274800005, 76.17767975500004], [95.10157311300003, 76.22540924700007]]], [[[94.99919681100005, 76.27326080900008], [94.84888756600003, 76.18610260600008], [94.41016686300003, 76.21238841400003], [94.77865644600007, 76.21092357000003], [94.99919681100005, 76.27326080900008]]], [[[96.38331139400003, 76.33527252800008], [96.72461998800003, 76.34638092700004], [96.76693769600007, 76.33527252800008], [96.38331139400003, 76.33527252800008]]], [[[96.78736412900008, 76.21238841400003], [97.04127037900008, 76.23908112200007], [96.76091556100005, 76.17641836100006], [96.71599368600005, 76.20868561400005], [96.85401451900003, 76.35565827000005], [97.07545006600003, 76.30801015800006], [96.85954837300005, 76.27216217700004], [96.78736412900008, 76.21238841400003]]], [[[93.94410241000003, 76.61644114800004], [94.36231530000003, 76.57489655200004], [93.86833743600005, 76.58856842700004], [93.94410241000003, 76.61644114800004]]], [[[95.12208092500003, 76.71889883000006], [95.32748457100007, 76.66425202000005], [94.81763756600003, 76.65399811400005], [95.12208092500003, 76.71889883000006]]], [[[110.87773087837729, 73.76785161745812], [109.73747806100005, 73.66168854400007], [109.52702884200005, 73.79608795800004], [110.02149498800003, 74.01447174700007], [110.95899498800003, 73.90863678600005], [111.15902754000007, 74.03733958500004], [111.58220462300005, 74.02570221600007], [110.87773087837729, 73.76785161745812]]], [[[93.92087436700007, 78.15702430600004], [93.62907962300005, 78.15704987200007], [93.59291351000007, 78.17239763200007], [93.92087436700007, 78.15702430600004]]], [[[92.21338951900003, 79.13955312700006], [92.72437584700003, 79.07684967700004], [92.17562910200007, 79.13084544500003], [92.21338951900003, 79.13955312700006]]], [[[92.99057050900007, 79.41950104400007], [92.79184004000007, 79.38324616100005], [92.58725019600007, 79.41510651200008], [92.79127037900008, 79.44000885600008], [92.99057050900007, 79.41950104400007]]], [[[91.78467858200008, 79.41950104400007], [92.47055097700007, 79.43256256700005], [92.24382571700005, 79.38231028900003], [91.78467858200008, 79.41950104400007]]], [[[91.14421634200005, 79.53733958500004], [91.53126061300003, 79.44928620000007], [90.79379316500007, 79.56354401200008], [91.14421634200005, 79.53733958500004]]], [[[99.98292076900003, 79.69790273600006], [100.30982506600003, 79.66596100500004], [99.90577233200003, 79.60382721600007], [99.98292076900003, 79.69790273600006]]], [[[94.32764733200003, 80.02899811400005], [94.15414472700007, 79.98334381700005], [93.92986087300005, 79.97443268400008], [93.98438561300003, 80.01536692900004], [94.32764733200003, 80.02899811400005]]], [[[79.56299889400003, 72.76825592700004], [79.39527428500008, 72.70404694200005], [78.58464603000004, 72.84186432500007], [79.17310631600003, 73.10138580900008], [79.54135175900007, 72.92552317900004], [79.56299889400003, 72.76825592700004]]], [[[84.41830488400007, 74.03998444200005], [84.41830488400007, 73.97044505400004], [83.88453209700003, 74.01886627800008], [84.41830488400007, 74.03998444200005]]], [[[83.18002363400007, 74.15517812700006], [83.62012780000003, 74.09088776200008], [82.81446373800003, 74.09398021000004], [83.18002363400007, 74.15517812700006]]], [[[82.39869225400008, 74.15289948100008], [82.74000084700003, 74.10138580900008], [82.31755618600005, 74.11684804900005], [82.39869225400008, 74.15289948100008]]], [[[84.87086022200003, 74.50556061400005], [84.54184004000007, 74.45709870000007], [84.73275800900007, 74.39569733300004], [84.38656660200007, 74.45766836100006], [84.87086022200003, 74.50556061400005]]], [[[85.23747806100005, 74.57526276200008], [85.63070722700007, 74.51129791900007], [85.14812259200005, 74.53717682500007], [85.23747806100005, 74.57526276200008]]], [[[85.80298912900008, 74.57440827000005], [86.20720462300005, 74.51235586100006], [85.65845787900008, 74.47138092700004], [85.80298912900008, 74.57440827000005]]], [[[79.61410566500007, 74.60175202000005], [79.49000084700003, 74.51691315300008], [79.14869225400008, 74.60789622600004], [79.24431399800005, 74.65863678600005], [79.61410566500007, 74.60175202000005]]], [[[85.70622806100005, 74.73143138200004], [85.09669030000003, 74.75560130400004], [85.49586022200003, 74.81386953300006], [85.70622806100005, 74.73143138200004]]], [[[86.21338951900003, 74.90338776200008], [87.13884524800005, 74.93691640800006], [86.68685957100007, 74.89594147300005], [86.91960696700005, 74.81981028900003], [86.21338951900003, 74.90338776200008]]], [[[82.08253014400003, 75.15802643400008], [82.15040123800003, 75.09516022300005], [82.02670332100007, 75.12872955900008], [82.08253014400003, 75.15802643400008]]], [[[82.23959394600007, 75.37567780200004], [82.04118899800005, 75.33783600500004], [82.01303144600007, 75.17715078300006], [81.49244225400008, 75.36204661700003], [82.17074629000007, 75.51972077000005], [82.01303144600007, 75.44403717700004], [82.23959394600007, 75.37567780200004]]], [[[81.62761478000004, 75.93675364800004], [82.25904381600003, 75.87596263200004], [81.55388431100005, 75.93060944200005], [81.62761478000004, 75.93675364800004]]], [[[83.27947024800005, 75.95628489800004], [82.86231530000003, 75.91718170800004], [82.25904381600003, 75.97223541900007], [82.65748131600003, 75.99884674700007], [83.27947024800005, 75.95628489800004]]], [[[96.64405358200003, 76.26703522300005], [96.59555097700007, 76.15717194200005], [96.44678795700003, 76.27163320500006], [96.24610436300003, 76.20498281500005], [96.34473717500003, 76.10504791900007], [95.26612389400003, 76.21857330900008], [95.34994550900007, 76.28876373900005], [95.57016035200007, 76.23818594000005], [95.81226647200003, 76.30292389500005], [96.64405358200003, 76.26703522300005]]], [[[113.44662519600001, 76.36945221600007], [113.13754316500001, 76.36945221600007], [113.11768639400009, 76.37689850500004], [113.44662519600001, 76.36945221600007]]], [[[111.95883222700007, 76.60219961100006], [112.36719811300009, 76.65814850500004], [112.71412194100003, 76.52045319200005], [112.56788170700008, 76.44350820500006], [111.95883222700007, 76.60219961100006]]], [[[96.47201582100007, 76.69159577000005], [96.31348717500003, 76.62254466400003], [95.88990319100003, 76.61644114800004], [96.23243248800003, 76.71206289300005], [96.47201582100007, 76.69159577000005]]], [[[95.41700280000003, 76.70526764500005], [95.83472741000003, 76.69159577000005], [95.52865644600007, 76.64874909100007], [95.41700280000003, 76.70526764500005]]], [[[97.44629967500003, 76.71474844000005], [97.59620201900003, 76.60219961100006], [97.28825931100005, 76.69159577000005], [97.44629967500003, 76.71474844000005]]], [[[96.52735436300003, 77.20551178600005], [96.23503665500004, 76.99046458500004], [95.23194420700003, 77.00629303600005], [95.42066491000003, 77.05548737200007], [96.52735436300003, 77.20551178600005]]], [[[105.86182701900003, 77.25486888200004], [105.90267988400007, 77.30402252800008], [106.01148522200003, 77.28742096600007], [105.86182701900003, 77.25486888200004]]], [[[89.30437259200005, 77.30792877800008], [89.81702034700004, 77.21058966400005], [89.13461347700007, 77.21771881700005], [89.30437259200005, 77.30792877800008]]], [[[106.33301842500003, 77.32160065300008], [106.40845787900003, 77.33100006700005], [106.45655358200003, 77.32160065300008], [106.33301842500003, 77.32160065300008]]], [[[107.39535566500007, 77.36025625200006], [107.72169030000003, 77.26972077000005], [107.20484459700003, 77.23432038000004], [107.45704186300003, 77.28058502800008], [107.27955162900003, 77.30170319200005], [107.39535566500007, 77.36025625200006]]], [[[106.94312584700003, 77.45872630400004], [106.70093834700003, 77.38361237200007], [106.52475019600007, 77.39044830900008], [106.73031660200007, 77.47044505400004], [106.94312584700003, 77.45872630400004]]], [[[107.70411217500003, 78.13715241100005], [107.45101972700007, 78.05316803600005], [106.39503014400003, 78.13092682500007], [107.33790123800003, 78.19074127800008], [107.70411217500003, 78.13715241100005]]], [[[106.76563561300003, 78.30849844000005], [106.19385826900003, 78.19306061400005], [105.99097741000003, 78.21914297100005], [106.76563561300003, 78.30849844000005]]], [[[105.41553795700003, 78.58344147300005], [104.78736412900008, 78.33637116100005], [101.20980879000007, 78.19350820500006], [99.87126712300005, 77.95221588700008], [99.26832116000003, 78.04157135600008], [100.04965254000007, 78.34320709800005], [100.38526451900003, 78.75161367400005], [101.16635175900007, 78.76097239800004], [100.82374108200003, 78.80878327000005], [100.90723717500003, 78.98509349200003], [101.07007897200003, 79.03465403900003], [101.59164472700007, 78.97699616100005], [101.62566165500004, 78.98688385600008], [100.98812910200007, 79.06264883000006], [101.19418379000007, 79.20286692900004], [101.81755618600005, 79.37103913000004], [102.24626712300005, 79.24164459800005], [102.13965905000003, 79.35683828300006], [102.30290774800005, 79.43280670800004], [103.15316816500007, 79.30963776200008], [102.82545006600003, 79.22711823100008], [102.37916100400008, 78.82245514500005], [103.62427819100003, 79.17121002800008], [104.45533287900008, 78.96674225500004], [104.52491295700003, 78.88507721600007], [104.36670983200003, 78.85712311400005], [104.57886803500003, 78.77521393400008], [105.17505944100003, 78.80927155200004], [105.41553795700003, 78.58344147300005]]], [[[77.61361738400007, 79.52191803600005], [76.69605553500008, 79.47760651200008], [76.62061608200008, 79.54857005400004], [76.17432701900003, 79.56907786700003], [76.05144290500004, 79.64850495000007], [77.61361738400007, 79.52191803600005]]], [[[90.86654707100007, 80.06256745000007], [93.81373131600003, 79.89866771000004], [93.05209394600007, 79.71527741100005], [91.92188561300003, 79.67894114800004], [92.35328209700003, 79.73419830900008], [91.07252037900008, 79.85097890800006], [91.29859459700003, 79.91913483300004], [90.86654707100007, 80.06256745000007]]], [[[99.03492272200003, 79.29596588700008], [99.92554772200003, 78.94599030200004], [99.40560957100007, 78.82245514500005], [97.44223066500007, 78.81720612200007], [97.60303795700003, 78.84349192900004], [94.82667076900003, 79.06663646000004], [94.33399498800003, 79.24860260600008], [94.31226647200003, 79.47919342700004], [93.69695071700005, 79.45986562700006], [93.99122155000003, 79.49404531500005], [93.69019616000003, 79.54242584800005], [93.88200931100005, 79.60382721600007], [93.23585045700008, 79.43895091400003], [93.11410566500007, 79.46727122600004], [93.32016035200007, 79.50145091400003], [92.85417728000004, 79.55609772300005], [94.69011478000004, 79.81610748900005], [94.22461998800003, 79.89866771000004], [94.95199629000007, 80.10447825700004], [97.59213300900007, 80.17487213700008], [98.08961022200003, 80.05634186400005], [97.19157962300005, 79.70693594000005], [98.37720787900008, 79.87787506700005], [98.55697675900007, 80.05853913000004], [100.02247155000003, 79.82355377800008], [99.81706790500004, 79.74164459800005], [99.66667728000004, 79.31224192900004], [99.03492272200003, 79.29596588700008]]], [[[79.21070397200003, 80.96133047100005], [80.43718509200005, 80.94017161700003], [78.97461998800003, 80.84259674700007], [79.21070397200003, 80.96133047100005]]], [[[91.54721113400007, 81.15379466400003], [91.18620853000004, 81.05683014500005], [89.89389082100007, 81.17357005400004], [90.07154381600003, 81.21454498900005], [91.54721113400007, 81.15379466400003]]], [[[97.74708092500003, 80.74160390800006], [97.97291100400008, 80.72113678600005], [97.13062584700003, 80.66583893400008], [97.02076256600003, 80.52586497600004], [97.42286217500003, 80.32697174700007], [97.18799889400003, 80.23358795800004], [94.53003991000003, 80.13100820500006], [93.74984785200007, 79.99677155200004], [92.06576582100007, 80.17243073100008], [92.88819420700008, 80.17243073100008], [92.10743248800003, 80.28974030200004], [93.24439537900008, 80.30955638200004], [91.42212975400008, 80.30955638200004], [92.62761478000004, 80.39154694200005], [91.88770592500003, 80.46039459800005], [92.76929772200003, 80.51675039300005], [93.27027428500003, 80.79710521000004], [92.49724368600005, 80.77570221600007], [93.16260826900003, 80.94696686400005], [93.05274498800003, 80.99542877800008], [95.54721113400007, 81.22077057500007], [95.10352623800003, 81.27130768400008], [95.77662194100003, 81.28880442900004], [97.88355553500003, 80.76947663000004], [97.74708092500003, 80.74160390800006]]], [[[91.94361412900008, 77.64394765800006], [92.11011803500003, 77.61090729400007], [91.86597741000003, 77.62864817900004], [91.94361412900008, 77.64394765800006]]], [[[83.30510887300005, 70.80551475300007], [83.46940813200007, 70.73773494400007], [83.30476002900008, 70.64460434500006], [83.30957222200004, 70.44310013300003], [83.06527091900006, 70.36532894700008], [83.30510887300005, 70.80551475300007]]], [[[97.63900800900007, 76.77309804900005], [97.45980879000007, 76.71845123900005], [97.16073652400007, 76.75360748900005], [97.63900800900007, 76.77309804900005]]], [[[89.04712791500003, 77.14089453200006], [88.91957126100004, 76.97710091000005], [88.66387512900008, 77.08035050300003], [88.78564889000006, 77.12357191300003], [89.04712791500003, 77.14089453200006]]]]}}, {"type": "Feature", "properties": {"name": "Kalmyk", "type": "Respublika", "region": "Volga", "code_hasc": "RU.KL", "latitude": 46.5191, "longitude": 45.4681, "admin": "Russia"}, "geometry": {"type": "Polygon", "coordinates": [[[47.496429884000065, 45.56525299700007], [47.07829837300005, 44.78510163000004], [47.00318444100009, 44.921576239000046], [46.888140135558785, 44.751867995011935], [45.70597537586286, 44.97578217200959], [45.58618940611615, 45.15830333143356], [44.20715213366401, 45.610007026003416], [43.87755984880795, 45.945490424243644], [42.91555138508835, 46.24141551451436], [42.51660932765833, 45.989699612147376], [42.17740522637007, 46.09909861910597], [42.104851514685606, 45.92789459935625], [41.712627393839114, 45.99600413758088], [41.64710167800001, 46.16707896612138], [42.20634402755479, 46.31701813387974], [42.0342615086617, 46.54325755479232], [42.16851688034973, 46.5787075869855], [42.92836713973168, 46.435615546120516], [43.355627883420084, 46.172349961881196], [43.61938439317515, 46.19728384097647], [43.77296674961576, 46.40791697928512], [43.960758904799604, 46.33613841395663], [43.81709842315371, 46.58873281546704], [44.26244591724526, 46.90013499623308], [44.33272586400739, 47.48071971304432], [44.126330193583556, 47.54464346022746], [43.802318962849824, 47.28254059507236], [43.63633426291585, 47.575726834225975], [44.07155317573847, 47.90655935343142], [44.38905317636295, 47.86826711733357], [44.46522423740862, 48.03877350509316], [44.311125116131166, 48.258191637534026], [44.568990513401445, 48.05652436051082], [44.96255822138477, 48.20868561544876], [45.71651736828187, 48.03293406855238], [45.82886193193258, 47.728198147526484], [46.29705040914905, 47.437001451555716], [46.80585656063175, 47.57818146450296], [46.515641716591915, 47.39261139649875], [47.213480259406424, 46.74231517190765], [46.938664992395445, 46.571266180889495], [46.954064569424304, 46.434065253408676], [46.49300743994138, 46.285702215884555], [46.86962527908332, 46.23929678012229], [46.840169712162435, 46.07553416646857], [47.173792759328364, 46.10483470285925], [46.888952263835904, 45.57827769595889], [47.364582147148326, 45.68542877911483], [47.496429884000065, 45.56525299700007]]]}}, {"type": "Feature", "properties": {"name": "Kamchatka", "type": "Oblast", "region": "Far Eastern", "code_hasc": "RU.KQ", "latitude": 56.5325, "longitude": 160.187, "admin": "Russia"}, "geometry": {"type": "MultiPolygon", "coordinates": [[[[167.73406009200005, 54.76264069200005], [168.1103621750001, 54.50348541900007], [167.43913821700005, 54.86627838700008], [167.73406009200005, 54.76264069200005]]], [[[166.664398634, 54.75641510600008], [166.3564559250001, 54.839544989000046], [165.746429884, 55.29706452000005], [166.25367272200003, 55.33185455900008], [166.25025475400003, 55.15228913000004], [166.664398634, 54.75641510600008]]], [[[164.7069004880001, 58.97682818700008], [163.490018932, 58.44450321800008], [163.41285435400005, 58.53536894400008], [163.91319136000004, 58.994291270000076], [163.74928256200008, 59.01895985800007], [164.55811608200008, 59.23969147300005], [164.7069004880001, 58.97682818700008]]], [[[174.45357007959547, 61.8148056672477], [174.07300866000003, 61.84162018400008], [173.80494225400003, 61.64984772300005], [173.54460696700005, 61.74909088700008], [173.48113040500004, 61.55524323100008], [173.12842858200008, 61.39695872600004], [172.71558678500003, 61.43073151200008], [172.8945418630001, 61.27789948100008], [172.66781660200002, 61.33445872600004], [172.76677493600005, 61.26251862200007], [172.2426863940001, 61.14272695500006], [172.47608483200008, 61.05573151200008], [172.00928795700008, 61.10114166900007], [172.20085696700005, 60.975775458000044], [172.04712975400003, 60.860663153000075], [171.95777428500003, 60.953111070000034], [171.53687584700003, 60.80695221600007], [171.63257897200003, 60.74481842700004], [171.39633222700002, 60.78294505400004], [171.17945397200003, 60.55890534100007], [170.51587975400003, 60.45062897300005], [170.6621199880001, 60.332017320000034], [170.26514733200008, 59.920355536000045], [169.21436608200008, 60.62872955900008], [167.02491295700008, 60.42767975500004], [166.2451278000001, 59.83063385600008], [166.10279381600003, 59.909409898000035], [166.37330162900003, 60.49945709800005], [164.99927819100003, 60.13532135600008], [165.21208743600005, 59.99135976800005], [164.83863366000003, 59.78742096600007], [164.48853600400003, 60.111029364000046], [164.11793053500003, 59.941392320000034], [164.1904403000001, 59.85419342700004], [164.04167728000004, 59.907538153000075], [164.20484459700003, 59.99750397300005], [163.62867272200003, 60.046576239000046], [163.793793165, 59.99135976800005], [163.3618270190001, 59.827460028000075], [163.39014733200008, 59.63153717700004], [163.1801863940001, 59.558254299000055], [163.3125106130001, 59.287543036000045], [163.0669051440001, 59.234076239000046], [163.26186885100003, 59.08083037600005], [162.88266035200002, 59.132798570000034], [163.06854930200006, 58.968053169000086], [162.40529447300003, 58.65444486700005], [161.993228165, 58.08739217500005], [162.0820418630001, 57.882473049000055], [162.45553948500003, 57.78435082400006], [162.3545028000001, 57.68854401200008], [162.6899520190001, 57.96971263200004], [163.3295101120001, 57.708944701000064], [162.80019579400005, 57.346434455000065], [162.78350026600003, 56.763028714000086], [163.238968537, 56.73302051100006], [163.36606862300005, 56.18065866300003], [163.05120846300008, 56.00540399300007], [162.55681399800005, 56.228501695000034], [163.11605243200006, 56.50050429500004], [163.0201332050001, 56.53764086800004], [162.41404181200005, 56.38387026500004], [162.592540354, 56.26849002800009], [162.05675236700006, 56.06913521800004], [161.76413117700008, 55.554845542000066], [161.812980583, 55.179183574000035], [162.127609226, 54.76040526500003], [161.72380618600005, 54.509426174000055], [160.7412215500001, 54.535223700000074], [160.05298912900003, 54.17572663000004], [159.81820722700002, 53.65965403900003], [159.96045983200008, 53.49677155200004], [159.7910262380001, 53.51630280200004], [160.0586043630001, 53.097357489000046], [159.825043165, 53.28294505400004], [158.70866946700005, 52.891791083000044], [158.59156334700003, 53.062160549000055], [158.437836134, 53.02533600500004], [158.64714603000004, 52.89935944200005], [158.49976647200003, 52.778957424000055], [158.56470787900003, 52.647365627000056], [158.42115319100003, 52.65912506700005], [158.55787194100003, 52.31305573100008], [158.28687584700003, 51.96751536700003], [156.658235246, 50.88260556800009], [156.761545361, 51.077973901000064], [156.52361087300005, 51.31150950700004], [156.2822371750001, 52.52944570500006], [156.446625196, 52.511419989000046], [156.11119584000005, 52.93542032800008], [155.551177167, 55.28420485200007], [155.94654381600003, 56.62189362200007], [156.552093946, 57.10895416900007], [156.68384850400003, 57.04832591400003], [157.00128759100005, 57.42550531100005], [156.7490340500001, 57.72955963700008], [156.9814559250001, 57.857123114000046], [157.46989993600005, 57.803941148000035], [157.6396590500001, 58.02496979400007], [158.338226759, 57.95302969000005], [158.22877037900003, 58.03864166900007], [159.23698978000004, 58.46784088700008], [159.80347741000003, 59.09638092700004], [160.49732506600003, 59.55247630400004], [161.897214502, 60.202960662000066], [161.938555114, 60.41678777200008], [163.75103960500007, 60.883058333000065], [163.48730334800007, 61.001664093000045], [164.02881920700008, 61.34662506700005], [163.75147545700008, 61.44330475500004], [164.04481533500007, 61.68343317700004], [164.1271944140001, 62.26237935100005], [164.53831287000003, 62.45110951400005], [165.2968856130001, 62.32257721600007], [165.1237820560001, 62.45061397300003], [165.6508895190001, 62.45917389500005], [164.4469186880001, 62.68941884900005], [163.39893368000003, 62.575901669000075], [163.16773073000002, 62.43205473900008], [163.36891835100005, 62.32766953000004], [163.09148659700008, 62.22663806200006], [163.19312365400003, 62.066623191000076], [162.97673416600003, 61.79957036900004], [163.326549085, 61.65785575400008], [163.01728361200003, 61.516584564000084], [162.83881723700006, 61.70757119800004], [162.6226667210001, 61.659068809000075], [162.77483995600005, 61.593885395000086], [162.5104589472004, 61.65835987919831], [162.31115766779203, 61.93420441320308], [162.53181603368296, 62.09233429589102], [162.1629496598988, 62.186437080406904], [162.7285998876746, 62.290306708287915], [162.81862023303722, 62.70826569300732], [162.2773612819975, 62.916883449711406], [162.29410444616315, 63.06726186794083], [162.7557816923711, 63.18430898746976], [162.67392622261707, 63.38052439978122], [162.9648645370687, 63.4988375920812], [162.72157189362792, 63.79765656220053], [162.92910444561358, 63.94545115804448], [162.78720096315385, 64.14321686486642], [163.46085493390797, 64.38557933232028], [163.1699166203557, 64.55226166424438], [163.25900678883215, 64.71780711550593], [163.11648318874813, 64.80054108350419], [164.1878389825829, 64.93412466072448], [164.9318762555847, 64.68494090389959], [165.2627087747901, 64.85061554637036], [165.87145714732947, 64.55466461947657], [167.23695519382704, 64.6236526559453], [167.71413536985142, 64.3407241892699], [168.49868696523117, 64.3173664413082], [168.85969852086998, 64.02658315738677], [169.3535185082725, 63.94632965808722], [169.5983614444251, 63.656063137204], [168.46375369697546, 63.07821727240918], [170.07833214661116, 62.66129181646414], [169.98614139181177, 62.54501984329113], [170.261576776447, 62.28539744683468], [172.05474897688373, 62.4665233431777], [172.85252973895626, 62.33149282513375], [173.68762088429628, 62.534684557346395], [174.0798450060421, 62.447041327894965], [174.10733686820186, 62.07848501247332], [174.33512658092695, 62.08866526968643], [174.45357007959547, 61.8148056672477]]]]}}, {"type": "Feature", "properties": {"name": "Bashkortostan", "type": "Respublika", "region": "Volga", "code_hasc": "RU.BK", "latitude": 54.2086, "longitude": 56.5575, "admin": "Russia"}, "geometry": {"type": "Polygon", "coordinates": [[[57.40841352696265, 56.329120185448176], [57.53719119731585, 56.10019359026194], [59.28881554480154, 56.13466177052425], [59.15362999892528, 55.80519867597809], [59.31661746622308, 55.767707425557205], [59.23972293476561, 55.58435944293393], [59.64135216736861, 55.565342516543865], [58.997360467311694, 55.24417348881542], [58.73525760305591, 55.26458568008502], [58.5754740739693, 55.14381785750811], [58.819696893396895, 55.03152496980147], [58.61950239382037, 54.9496695009467], [58.29900516055966, 55.17368683557896], [58.000832147385665, 54.91672577587383], [57.963831821581266, 55.16712392772706], [58.13539757743621, 55.21549306914977], [57.42536339670335, 55.3255121928334], [57.136905551849736, 55.09214142508665], [57.18672163319678, 54.80228831625277], [57.961144647307606, 54.39236501683206], [59.22783735520977, 54.61118887007029], [59.63153364356276, 54.91106720648634], [59.97425174322336, 54.795622057412004], [59.67948937383551, 54.49814667442945], [59.728995395920776, 54.138659573080815], [59.32219852124473, 54.18155101226938], [58.923359815702895, 53.935157783404975], [58.822797478820576, 53.21137767204192], [59.027642857431886, 53.01495555325613], [58.83602664641256, 53.000822048998316], [58.723682081862535, 52.645055649798394], [58.94103315585545, 52.29923696651275], [58.5989351738192, 52.170924384152954], [58.69494998625282, 52.05801137972139], [58.5723734876463, 51.788027858898545], [57.67795779821381, 51.8684622262507], [57.19767703586649, 51.57209788730762], [56.79935509606082, 51.75208690029018], [56.88968549978597, 51.624756170760634], [56.780131463196426, 51.592200019315385], [56.62169152214602, 52.12379547797889], [56.19091678188397, 52.172681383339125], [56.451366000640405, 52.30882294452323], [56.42790490079051, 52.595136217462425], [56.05428429518406, 52.6447455923352], [55.86132449702791, 52.373495998741305], [55.53576297358234, 52.38868887019515], [55.544961378864514, 52.593844306269716], [55.24906212791484, 52.64779450091544], [55.40667524576594, 52.83711111128872], [55.161832309613374, 52.82318431350524], [54.92660118989295, 53.219542548549725], [54.10835656060675, 53.416558946538146], [53.65990848199084, 53.7462804235027], [53.347782830812946, 54.38159048131564], [53.64275190577581, 54.8999309348647], [53.143867629087765, 55.13182892516471], [53.59138553171687, 55.21192739483337], [54.18080691860439, 55.62812938126592], [53.99384158661991, 55.84775421838242], [53.6316931503186, 55.906691188847276], [54.34575809066331, 56.252587389196606], [54.55918175603318, 56.53840973572068], [54.968355746620375, 56.320438544103524], [55.91362104707366, 56.466346951350715], [56.07330122337271, 56.28948436131418], [56.52846723767283, 56.38330292409063], [56.896506789156945, 56.10068451577774], [57.40841352696265, 56.329120185448176]]]}}, {"type": "Feature", "properties": {"name": "Sverdlovsk", "type": "Oblast", "region": "Urals", "code_hasc": "RU.SV", "latitude": 58.8952, "longitude": 61.7078, "admin": "Russia"}, "geometry": {"type": "Polygon", "coordinates": [[[57.637340122148885, 56.09882416380407], [57.317463005613206, 56.37335521087425], [57.42577680875269, 56.65912588235358], [57.218657667917, 56.85301585649654], [58.071938918246474, 57.050626532788215], [57.97530398908782, 57.54093252181838], [58.17074425594262, 57.68596242902288], [58.52317752482287, 57.57612417339186], [58.82982547376656, 57.72624420830357], [58.604619581628356, 57.99563344992373], [58.67179894386612, 58.10144094504358], [59.45604047998415, 58.492760729224244], [59.421520623777724, 58.68034617793376], [59.082729933639484, 58.769332994522074], [59.1739905133515, 59.16837840384022], [58.31089074101487, 59.46805003558063], [58.67510623576413, 59.85924062855213], [58.999530877647885, 59.93130341292215], [59.39010135299503, 60.582607326966524], [59.46947635315115, 60.941241766694134], [59.2576029795938, 61.28111766245013], [59.41779991983043, 61.42896393513746], [59.33346398317627, 61.8259422878063], [59.485392694117536, 61.99327057577642], [59.984276970805524, 61.902785143319704], [60.05662397601566, 61.72119415988254], [61.1651868021292, 61.68274689415381], [62.62008507726449, 61.210734361101856], [62.85976037044469, 61.00126394277669], [62.759714796600576, 60.85943797558207], [63.1976208836968, 60.23105255812902], [63.637697381129215, 60.122842109575686], [63.82507612516304, 59.47704173438848], [65.03823204867007, 59.32687002173407], [65.66899458203432, 58.66329295540555], [65.93450809097561, 58.614355374101194], [66.19702436728068, 58.040281887399146], [64.83927778524156, 57.64071971324415], [65.00226525343868, 57.592970690345055], [64.82925255676008, 57.30471955016708], [65.23160525887556, 56.86826040299519], [64.32799116416089, 56.749430446757685], [64.20283084496748, 56.47371084308094], [63.40846072758046, 56.624140937254424], [63.356680943270874, 56.51458689976556], [62.54215701703271, 56.57773550149216], [62.074898715803045, 56.287882391758956], [62.071798130379364, 56.13352488896243], [61.150097284362175, 56.37578400272952], [61.072375929705345, 56.199412340007484], [59.20923383996973, 56.35366649001645], [58.92522016767657, 56.061229559696415], [57.637340122148885, 56.09882416380407]]]}}, {"type": "Feature", "properties": {"name": "Khanty-Mansiy", "type": "Avtonomnyy Okrug", "region": "Urals", "code_hasc": "RU.KM", "latitude": 61.4315, "longitude": 71.3806, "admin": "Russia"}, "geometry": {"type": "Polygon", "coordinates": [[[59.984276970805524, 61.902785143319704], [59.404053990099555, 62.108043932181715], [59.643729282380434, 62.51026744218865], [59.39867964065286, 62.71803253817109], [59.47671105277283, 62.90675486934174], [59.22318647617493, 63.07191274697567], [59.57293256988214, 63.92715770116695], [59.85642947823783, 64.13133128531052], [59.588435499698505, 64.23264293102642], [59.60610883985106, 64.45415395853831], [59.482292107794535, 64.48691681645789], [59.704087355247225, 64.66768097579637], [59.65086063011398, 64.77785513001021], [60.147367791790145, 65.06478852057376], [60.64521853970382, 64.89123322243523], [62.018468051559296, 65.71712596339245], [62.48128218022839, 65.34929311838266], [62.816662224781794, 65.29157054294615], [62.67765262217074, 64.89123322243523], [62.80643029162462, 64.73517039729597], [62.53564578602419, 64.55476797136475], [63.236998325412344, 64.52355540615702], [63.463134392638096, 64.45518748641337], [63.48793908142346, 64.28853099201166], [65.39965701725748, 64.57135610589955], [66.681645949401, 64.55745514653773], [66.93630740756078, 64.48704600676774], [66.81869184815025, 64.22561493608043], [67.79889041506055, 64.03164744757163], [68.42500206938996, 64.29597239900698], [68.88213178935058, 64.2226435409666], [68.99044559069142, 64.32961375606993], [68.85918745343821, 64.43570547113058], [69.01483686742745, 64.47182729779155], [70.30685102715313, 64.34356639317446], [70.76894168541043, 64.19354971015099], [70.55861860456491, 64.00048655920733], [70.91384240140565, 63.692391669439985], [71.55101281119227, 63.58996898148325], [71.60796024027286, 63.18523916345657], [73.10378624893622, 63.436257432934156], [73.36805952262881, 63.2069432641203], [74.50742150280007, 63.04323232731002], [76.68837365062342, 63.03940827147454], [78.01470096187984, 62.46145905209357], [79.82006880113425, 62.6037242697592], [79.91474002463241, 62.79203318977983], [80.58415652930034, 63.08255809218218], [81.11497684070861, 63.115527656576035], [81.33935590964745, 62.82577790052966], [81.78397993422652, 62.688447780940294], [82.16493859224221, 62.80944814751399], [82.74929568894487, 62.75389598331293], [83.28290652921294, 62.46052887610671], [83.79822391080478, 62.56026439068904], [84.24284793538385, 62.37257558919208], [84.68974572128798, 61.80997426999653], [85.97390506376763, 61.50833893529358], [84.25959109865022, 60.85551056605976], [83.14420698406502, 61.028213203476525], [82.16535200429155, 60.5262800164096], [80.72347619027391, 60.79662527153903], [79.37368777916765, 60.66229238548516], [79.18517215357201, 60.83757884438813], [77.10478234173166, 60.85246165658015], [76.97094038299224, 60.71035146854541], [77.04659468010038, 60.55899119748574], [76.75265913301257, 60.37745189089202], [76.84795047413502, 60.26614085601568], [76.69395470564513, 60.11261017551914], [76.64548221233417, 59.585097154210246], [75.89514041479828, 59.42639883074139], [75.62838667240698, 59.23777985325762], [75.64161583909964, 58.98239492468599], [75.1594747247787, 58.650218818343774], [73.03205936135043, 58.8631257188768], [72.9261226741221, 59.143961290481116], [72.52376997290588, 59.15504588525937], [72.01599734929817, 59.559310615292645], [71.18752078595548, 59.9088500034249], [70.39852501801516, 59.817486070026064], [69.3060852402416, 59.98889679625012], [69.07137088355938, 59.89740367344075], [69.29523318856076, 59.782888699453906], [68.57134972530952, 59.5742451043281], [68.35813276641403, 59.282919217148105], [66.77900434807219, 58.9320104034573], [66.77259646985118, 58.68251658826989], [66.38016564342968, 58.58908559822174], [65.66899458203432, 58.66329295540555], [65.01942182785507, 59.33348460642941], [63.841405878178705, 59.463140774127396], [63.637697381129215, 60.122842109575686], [63.1976208836968, 60.23105255812902], [62.759714796600576, 60.85943797558207], [62.85976037044469, 61.00126394277669], [62.62008507726449, 61.210734361101856], [61.1651868021292, 61.68274689415381], [60.05662397601566, 61.72119415988254], [59.984276970805524, 61.902785143319704]]]}}, {"type": "Feature", "properties": {"name": "Lipetsk", "type": "Oblast", "region": "Central", "code_hasc": "RU.LP", "latitude": 52.7462, "longitude": 39.2073, "admin": "Russia"}, "geometry": {"type": "Polygon", "coordinates": [[[40.160164015357, 53.34217072220105], [39.951597934596975, 52.65885325817129], [40.69232791480141, 52.28053009668656], [40.50381229010509, 51.95352163421603], [39.738070917338916, 51.924479479344484], [39.26523156108766, 52.10501109468623], [37.779017367957124, 51.95197134150419], [37.77757042803279, 52.1614934348741], [38.038433057939244, 52.34450551981388], [37.71183800571936, 52.61301626229067], [37.905107863137346, 53.06890574790191], [38.59457482296966, 53.04854523437501], [38.477269321022334, 53.3100279810065], [38.886443311609526, 53.56541291047739], [39.18161909394598, 53.38573395405871], [39.7273222193449, 53.59238800690099], [40.160164015357, 53.34217072220105]]]}}, {"type": "Feature", "properties": {"name": "Tambov", "type": "Oblast", "region": "Central", "code_hasc": "RU.TB", "latitude": 52.7808, "longitude": 41.5945, "admin": "Russia"}, "geometry": {"type": "Polygon", "coordinates": [[[39.953148228208136, 52.654357407868076], [40.1159289890316, 53.297987371819715], [40.38919396333074, 53.34537466131155], [40.42340376207392, 53.493608506727185], [41.16692426933952, 53.43141592120776], [41.400088332410576, 53.78317739472095], [42.13441043529332, 53.812167874547754], [42.10071740138693, 53.5282575550421], [43.23790897032268, 52.65611440705419], [42.75153038901624, 52.17376658805756], [42.805997349398126, 52.012226061583476], [42.48922081918545, 51.60770294913175], [41.50044396281862, 51.800946967228754], [41.06605187409468, 51.710177313931865], [40.88756147608126, 51.746557522111914], [40.93768761579082, 51.89024384217953], [40.50381229010509, 51.95352163421603], [40.68395633271854, 52.289056708400324], [39.953148228208136, 52.654357407868076]]]}}, {"type": "Feature", "properties": {"name": "Tomsk", "type": "Oblast", "region": "Siberian", "code_hasc": "RU.TO", "latitude": 58.4467, "longitude": 82.2299, "admin": "Russia"}, "geometry": {"type": "Polygon", "coordinates": [[[83.14420698406502, 61.028213203476525], [84.25959109865022, 60.85551056605976], [84.70834923742734, 60.45894562454089], [84.78421024011044, 60.36267243148751], [84.52944542826384, 59.979750067811324], [84.69191613162411, 59.904819241115035], [87.08412153538052, 59.88275340434609], [87.91063439306276, 59.26813975684428], [88.62149539609561, 59.29302195909611], [88.82654747938261, 59.02445953977593], [88.3918453313969, 58.914466254514025], [87.9322351418383, 58.5261437038688], [88.01812137210362, 58.24264679641249], [88.15568403479034, 58.10653107454942], [89.33886762923765, 57.947936102968754], [89.38041548128939, 57.63715403892775], [89.14735477100584, 57.614209703015376], [88.53126834515797, 57.127882799451584], [88.72526167208844, 57.07527619104337], [88.54387739512566, 56.783924466341034], [87.78785118978055, 56.54641958349697], [86.21740441278337, 56.62419261319849], [85.56938195221528, 56.2995871041615], [85.68792768761267, 56.23884145856641], [83.96968631387227, 56.01466909430326], [83.64495161272669, 55.701199855988534], [83.30213016117796, 55.682157091176805], [83.40734337799444, 55.90061920830976], [83.06968956941807, 56.23393219711318], [83.25572472541569, 56.4393976915502], [83.08508914644693, 56.55272410713184], [81.55743045405217, 56.2582717961065], [81.12231489491643, 56.532621975124016], [80.24856977737329, 56.45471975421327], [79.58979861791187, 56.92856679991786], [78.44433881968075, 57.16131745093958], [76.10866743385498, 57.25025259158383], [75.59169640496509, 57.650951647300644], [75.55738325433367, 57.931399645277395], [75.08040978388436, 58.118726712467776], [75.22189985519412, 58.22207957641132], [75.06914432195288, 58.34289907493235], [75.30427208888574, 58.45105784844094], [75.10521447087109, 58.581024075400705], [75.67189822832057, 59.015622871498294], [75.62838667240698, 59.23777985325762], [76.17171268099537, 59.54277415580265], [76.64548221233417, 59.585097154210246], [76.69395470564513, 60.11261017551914], [76.84795047413502, 60.26614085601568], [76.75265913301257, 60.37745189089202], [77.04659468010038, 60.55899119748574], [76.97094038299224, 60.71035146854541], [77.10478234173166, 60.85246165658015], [79.18517215357201, 60.83757884438813], [79.37368777916765, 60.66229238548516], [80.72347619027391, 60.79662527153903], [82.16535200429155, 60.5262800164096], [83.14420698406502, 61.028213203476525]]]}}, {"type": "Feature", "properties": {"name": "Tatarstan", "type": "Respublika", "region": "Volga", "code_hasc": "RU.TT", "latitude": 55.374, "longitude": 50.7364, "admin": "Russia"}, "geometry": {"type": "Polygon", "coordinates": [[[53.19771447094604, 55.92066966437346], [54.23093305831395, 55.69246653869976], [53.59138553171687, 55.21192739483337], [53.146761508936436, 55.146556707725836], [53.64275190577581, 54.8999309348647], [53.349333124424106, 54.3912539736919], [53.37909874880819, 53.97019440444819], [52.94243289606129, 54.20405609771069], [53.1074874200084, 54.2470250512651], [53.052710402163314, 54.337122910993514], [52.43982791542595, 54.47807037994403], [52.0784029477378, 54.342936510011896], [51.931641879768904, 54.53186554585824], [51.38604210805681, 54.676352850703495], [51.008184034565545, 54.5449913597634], [50.94276167241321, 54.34319489243029], [50.512090284938665, 54.32965566737511], [50.38424279237097, 54.48577016935781], [49.55938357928875, 54.56938263649943], [49.28394819465342, 54.885228989825976], [48.827541945104656, 54.64782745976942], [47.76094038309219, 54.73500560212682], [47.41036746618562, 54.50049795191893], [47.24190229665362, 54.67772227626199], [47.43238162611112, 54.891791896778614], [47.84692996614501, 54.81572418941977], [47.78801883320256, 54.939230862214515], [48.08464155456409, 55.15053579409158], [47.696034783978064, 55.323135077821576], [49.050887486168506, 56.20680207015937], [48.93306522028365, 56.26157908800445], [49.03703820185149, 56.35785228105789], [49.650644159000706, 56.530141507324686], [49.980959914268624, 56.43800242846925], [50.193350050864126, 56.6572655303799], [50.483771599579654, 56.61706126636432], [50.58288699743696, 56.35862742831313], [50.85119103433874, 56.39025340377157], [50.84044233634472, 56.24070180874145], [51.073089633679615, 56.13052765632625], [51.64328738770274, 56.147942613161035], [51.40536909370866, 55.96108063396406], [51.78178022637633, 55.887545071247985], [52.16800988105115, 55.89850047481701], [52.22475060365741, 56.08634430594492], [52.83422244660858, 56.09430247687777], [52.56199100108381, 56.25943451609004], [52.956695590628954, 56.45577912140931], [52.83019168519809, 56.52027130847409], [53.08661014164471, 56.525671495443135], [52.94274295442381, 56.37242503488744], [53.04929975837712, 56.1360311960828], [53.334863723382114, 56.085879217951515], [53.32008426307823, 56.269537258937305], [53.563997023243985, 56.181067206286514], [53.19771447094604, 55.92066966437346]], [[48.086501905638386, 55.01183624894372], [48.0759599141187, 54.97333730727087], [48.11296023902378, 55.00620351797795], [48.086501905638386, 55.01183624894372]]]}}, {"type": "Feature", "properties": {"name": "Ul'yanovsk", "type": "Oblast", "region": "Volga", "code_hasc": "RU.UL", "latitude": 53.9248, "longitude": 47.3773, "admin": "Russia"}, "geometry": {"type": "MultiPolygon", "coordinates": [[[[48.079163853229204, 55.00770213474567], [48.11172000467445, 55.000829169430574], [48.02872765515713, 54.960779934146615], [48.079163853229204, 55.00770213474567]]], [[[49.28394819465342, 54.885228989825976], [49.55938357928875, 54.56938263649943], [50.205649041569984, 54.418074042283195], [50.224149204022524, 54.07380564991081], [49.97413862489759, 53.959600735185745], [50.03428999218937, 53.82632721632797], [48.46632368299157, 53.76653758424209], [48.59871870270592, 53.66832652394987], [48.326487258080476, 53.66215119152423], [48.375579868116404, 53.47118093475228], [47.94511518711619, 53.374313463395595], [48.159985793309716, 53.0445144720652], [48.59034712062311, 52.8805968287806], [47.718255650377955, 52.58195872671382], [46.83066124941712, 52.61627187824456], [46.983210077083356, 52.771275336187784], [46.9059021335766, 53.33532359530767], [46.49362755666641, 53.51089427325206], [46.199588656791036, 53.92342723258071], [45.791551547765664, 54.00388743835458], [46.73816043535578, 54.34453847956718], [46.514918247079436, 54.444480698825146], [46.4413310084193, 54.77216095576347], [47.24190229665362, 54.67772227626199], [47.41036746618562, 54.50049795191893], [47.76094038309219, 54.73500560212682], [48.827541945104656, 54.64782745976942], [49.28394819465342, 54.885228989825976]]]]}}, {"type": "Feature", "properties": {"name": "Penza", "type": "Oblast", "region": "Volga", "code_hasc": "RU.PZ", "latitude": 53.0562, "longitude": 44.8159, "admin": "Russia"}, "geometry": {"type": "Polygon", "coordinates": [[[42.113119744880294, 53.52510529187572], [42.13441043529332, 53.812167874547754], [42.737991163961, 53.75615062145397], [43.161324497227724, 53.83056468421279], [43.128044875370676, 53.97262319630346], [43.29671674957831, 54.015721341067035], [44.55565799302195, 53.66135020584727], [44.73642215415907, 53.704629217764136], [44.61653283072553, 53.89154287380455], [44.871194288885306, 53.96735220054359], [45.970868768079185, 54.00486929028551], [46.90176801937855, 53.340775458220776], [46.983210077083356, 52.771275336187784], [46.83066124941712, 52.61627187824456], [46.28878217985368, 52.671875719289005], [45.98058393729883, 52.40716319422603], [45.644377068646804, 52.51855174436747], [45.032838169046215, 52.32088939123241], [44.54811323413844, 52.552399807005486], [44.34667850111191, 52.31613515941007], [43.07957238116046, 52.40274485918786], [43.001437616252986, 52.50320384418205], [43.2099003442255, 52.699212550918446], [42.113119744880294, 53.52510529187572]]]}}, {"type": "Feature", "properties": {"name": "Kemerovo", "type": "Oblast", "region": "Siberian", "code_hasc": "RU.KE", "latitude": 54.6462, "longitude": 87.1676, "admin": "Russia"}, "geometry": {"type": "Polygon", "coordinates": [[[87.78785118978055, 56.54641958349697], [88.7401444842805, 56.71917389595848], [88.50636030538374, 56.62042023420639], [88.59245324122406, 56.44363515943502], [89.05661095613067, 56.30167999923253], [89.44904178255217, 55.861965237006075], [88.39432580009554, 55.27334483489619], [88.75657759008368, 54.83277741194797], [88.37799604707988, 54.38851512347412], [89.17515669062874, 54.33477163440335], [89.1926233261056, 54.14971832943735], [88.98147342296005, 54.065227363152246], [89.27375532364925, 53.84911652350871], [88.8371928236898, 53.58830556954638], [88.76122846911852, 53.36506338216935], [89.050616489959, 53.249437364143034], [88.89507042785795, 52.98736033830892], [89.23468794119549, 52.80432241494748], [88.6818534689624, 52.25107453156437], [88.36476688038721, 52.16800466588262], [88.42068077979411, 52.453904526772476], [87.16752729694718, 52.591105455152615], [86.94407840399509, 52.855120348225455], [87.07699018764703, 53.075210273335415], [86.66657596181113, 53.24987661371472], [87.00536665194937, 53.5081037461909], [86.56880415198998, 53.53802440020587], [86.13916629418907, 53.98776439091387], [85.07938602064831, 54.46938874039802], [84.87547081892313, 55.38853160335077], [84.6350720562304, 55.4087370881461], [84.77098107341777, 55.53981435824602], [84.41038292802966, 56.044072984380705], [85.68792768761267, 56.23884145856641], [85.56938195221528, 56.2995871041615], [86.21740441278337, 56.62419261319849], [87.78785118978055, 56.54641958349697]]]}}, {"type": "Feature", "properties": {"name": "Orel", "type": "Oblast", "region": "Central", "code_hasc": "RU.OL", "latitude": 52.8778, "longitude": 36.4166, "admin": "Russia"}, "geometry": {"type": "Polygon", "coordinates": [[[37.56063276518995, 53.296230374432184], [37.87441206186713, 52.781119697515976], [37.71183800571936, 52.61301626229067], [38.038433057939244, 52.34450551981388], [37.68258914617212, 51.97470897094223], [37.35351362525358, 51.93615835242599], [36.3377616715639, 52.37034373647424], [35.652945590766365, 52.24828400270451], [35.55651736808204, 52.432097073321245], [34.83459760869266, 52.390833442109624], [35.09153283087545, 52.69797231746844], [34.796150343863246, 52.8644996197616], [35.313638136690656, 53.06218781221776], [35.10899946455362, 53.14518016173503], [35.103521763218794, 53.3107772889407], [35.35570275178054, 53.28424144118952], [35.910604281562314, 53.64403860090067], [36.80729373591714, 53.296617947160485], [37.56063276518995, 53.296230374432184]]]}}, {"type": "Feature", "properties": {"name": "Irkutsk", "type": "Oblast", "region": "Siberian", "code_hasc": "RU.IK", "latitude": 56.8255, "longitude": 105.966, "admin": "Russia"}, "geometry": {"type": "Polygon", "coordinates": [[[100.81268924441304, 57.88365062147898], [102.51325727710162, 58.72142894109271], [102.43873986155535, 59.1363390163325], [103.01059126197714, 59.31808502940055], [103.33026167203849, 59.256176662922655], [103.24861290875867, 59.17530304599876], [103.59391482990543, 58.916714179215944], [103.8963253109643, 58.90048777898778], [103.86914350806643, 58.735174871722904], [104.45815148290455, 58.602263088970346], [104.79394494040662, 58.66928742157722], [104.79818240829144, 58.86322907256363], [105.34698611911404, 59.09169057885708], [105.2253397973937, 59.42929271148944], [104.9778096860681, 59.46376089085243], [104.79880252501647, 59.69087881090837], [105.49054324797248, 59.84523631550354], [105.47855431472982, 60.249035955744716], [104.6648572116909, 60.40277334271559], [104.4597017756164, 60.838767401894074], [104.62858035719768, 60.890004583844416], [104.61493777935499, 61.07407603598023], [105.00736860577649, 61.182183133544754], [104.78898400300926, 61.3484003774754], [105.80907677557269, 61.62238882128702], [105.90219770725832, 61.8348823115694], [106.40728315569305, 62.034766750984716], [106.44614383257175, 62.23547801449877], [106.3273913915994, 62.26581208056302], [106.79692345595271, 62.60176056589739], [106.50443484878917, 62.675037747094336], [106.12337283708672, 63.05951040348231], [106.73057091691425, 63.36747610114111], [106.50960249176154, 63.49509105151077], [106.79340945758037, 63.84238251404179], [106.70990034412551, 63.98661143736791], [107.56297488798066, 63.858531399004846], [107.6797636250912, 63.98922109637647], [108.26288048744448, 63.995887356116555], [108.21554487479608, 64.21241160780943], [108.02651248616229, 64.22352204011003], [108.35765506373014, 64.29971894047668], [108.76641564316736, 63.860443426922586], [108.29750369733773, 63.810523993687355], [108.12490441270842, 63.579995428945836], [109.04216108616515, 63.55229686121112], [109.36472537607523, 63.354169420082656], [109.47159223839105, 62.93179210122446], [109.64687869729403, 62.82619131078036], [109.26716027182903, 62.523522447303094], [109.99827843560126, 62.28462230137808], [109.59778608635878, 61.870435696550146], [109.87012088377173, 61.53288523986191], [109.79239953001428, 61.325197659144635], [110.50605106010829, 61.13812897437265], [110.26678917897738, 60.69650218422839], [110.04933475129769, 60.67154246671146], [110.11620405517294, 60.587051500426355], [109.73204145714749, 60.22505809195735], [109.52326867081246, 59.636153469007354], [109.2681938006034, 59.461435451784666], [109.26126915934418, 59.32134064445518], [109.5102462096948, 59.28886200647639], [109.64191775899735, 59.06192495447306], [110.27826134558461, 58.98404857018534], [110.69715050719009, 59.25723603011869], [111.63724816287237, 59.20760081592488], [112.2705945168234, 59.50039948235019], [112.29312544158586, 59.30056671797962], [112.63108930942406, 59.310488592774334], [112.4514620298487, 59.12522858313258], [112.50262169833263, 58.8703604193978], [112.5690775901586, 59.06711843496777], [113.4610128108925, 59.26162852583576], [113.59175418510756, 59.56520172777749], [114.17476769377402, 59.75345897095474], [114.6971130721106, 60.21921865541657], [115.68630333872807, 60.52622833956622], [116.59942589708749, 60.35476593739804], [117.29633426301575, 60.018920803052595], [117.06358361199409, 59.91339752877292], [117.22626102092931, 59.820819200345795], [117.08714806463138, 59.59078156201946], [117.23370242702538, 59.53125031235203], [117.8830684747303, 59.441901760557755], [118.28263064978466, 59.60933340131538], [118.74875206855313, 59.41342804646712], [118.8459037616492, 59.29105825523425], [118.70720421830003, 59.0638369823908], [118.89334272708516, 58.8048347035587], [118.77634728439966, 58.603968411313076], [119.13281131379108, 58.46087637044809], [119.10810997869248, 58.22269969313629], [118.66131554557592, 58.17489899429313], [118.15757368427808, 58.3855838085459], [117.47554812964245, 58.30905101229433], [117.58727257656813, 58.180169990052946], [117.40805870994143, 58.126788235288814], [117.40929894429075, 57.90581981103543], [117.08580447839392, 57.80443065005443], [117.43193322184072, 57.254748440088406], [117.79449507019126, 57.292678940980295], [117.45136356028002, 56.81901276332832], [117.33705529186818, 56.944069728834904], [116.80613162587383, 56.72465159819268], [116.12203901638748, 56.812656561950746], [115.71079796825154, 56.96350006817357], [116.23841434144867, 57.149328517696915], [115.86272667919286, 57.24327627258191], [115.08592654827157, 57.1185810413819], [114.77927859932788, 56.69938182231323], [114.1447953629156, 56.68114004227908], [113.89747195806433, 56.525438951446404], [112.89577599516599, 56.69170787222049], [112.6620951681574, 56.95965017391637], [111.81367150333716, 56.908412991066655], [111.5869153175878, 57.10716054981947], [111.16502892514472, 56.81529206028034], [109.99579796780193, 56.97021800385778], [109.7670780781907, 56.70408437819145], [108.69241499155856, 56.5796733669323], [108.57634972485988, 56.28504018785435], [109.2563082210475, 55.974309801556046], [108.85405887261885, 55.86625438083496], [108.62223839668462, 55.455891831842564], [108.78222863224556, 55.169501044537526], [108.55784956330666, 54.542975979058156], [109.00733117069694, 54.42494700849761], [108.06082563679365, 53.20512482435112], [106.19830366378301, 52.44018443546332], [105.4611910338391, 51.86334625922245], [104.64987104671138, 51.62243073169287], [104.60935672433334, 51.268292141369216], [103.81374637169768, 51.13186636024432], [103.81674360613249, 51.401255601864534], [103.32778120333984, 51.4380492211946], [103.20892540868061, 51.80913768215828], [102.54209272729747, 52.227613429915834], [101.9632133319297, 52.22244578694347], [101.45998823367, 52.620974433223466], [100.8656059102845, 52.80029165353693], [100.39514367084371, 53.10117768030568], [100.26047488800566, 53.37483022733312], [99.2497872254001, 52.953822333134156], [98.9376615742222, 53.14936595277646], [98.34762006971039, 53.092521878282014], [97.32835412034632, 53.596367092367416], [96.87494510343373, 53.7290721713436], [96.56829715359072, 53.65013641985985], [95.66571658675105, 54.2440278177296], [96.06465864508039, 54.57333588354419], [96.57284467983806, 54.51837799674712], [96.71381798721029, 54.919387111725825], [96.5849369649689, 55.023205065461354], [96.91804324729799, 55.32951711672155], [96.76756147718038, 55.76899933495133], [97.12526574092118, 56.10174388297378], [97.58022505144493, 56.19512319617854], [97.56823611910158, 56.38276032173144], [97.87808800715578, 56.411234035822076], [97.77504520067544, 56.77999705681867], [97.48627729655993, 56.810537828457996], [97.61991255062367, 56.95362986932298], [97.3485079282982, 57.04801687288034], [97.93400190566337, 57.811303616268845], [98.96163943890895, 57.72329865251078], [99.42207645076752, 57.79874624314459], [99.70278283116266, 58.08570547123048], [100.04343387237526, 58.07857412439631], [100.40496219285086, 57.55028595583218], [100.74881717317396, 57.40324066792243], [100.957796665084, 57.49829946594758], [100.81268924441304, 57.88365062147898]]]}}, {"type": "Feature", "properties": {"name": "Khakass", "type": "Respublika", "region": "Siberian", "code_hasc": "RU.KK", "latitude": 53.3643, "longitude": 89.8405, "admin": "Russia"}, "geometry": {"type": "Polygon", "coordinates": [[[88.75306359171134, 54.80456207937641], [88.3927755073837, 55.267789619195526], [88.60877351988199, 55.44558963285522], [89.20078820171409, 54.99039052979907], [90.19586958171578, 55.15141429323501], [90.4582825052334, 54.87075958878398], [90.84048139759841, 54.83887523090715], [90.85495080043904, 54.62674347583072], [91.15901492699726, 54.48788890195124], [91.4639058776541, 54.056545721807595], [91.32654992144171, 53.81666372305233], [91.46969363825076, 53.51389150678756], [91.84641482928089, 53.351937568264134], [91.35114790195405, 53.07748403645911], [91.39631310426631, 52.8679877788129], [90.47658916056128, 52.18340084257483], [90.12941368988982, 52.13521596954132], [90.10088829985511, 51.75089834188492], [89.60138390464346, 51.55302928317485], [89.20616255116079, 51.65850088240978], [88.73570031082068, 51.55938548455242], [88.36373335161284, 51.31981354415973], [87.91001427633773, 51.490294094396916], [88.10586795434256, 51.76141449588226], [87.83911421105194, 51.81063629802668], [88.09511925724786, 52.08679515217449], [88.6818534689624, 52.25107453156437], [89.2356181171823, 52.810032661178354], [88.89507042785795, 52.98736033830892], [89.05144331315836, 53.13562002214627], [88.96876102110423, 53.34558136688656], [88.76122846911852, 53.36506338216935], [88.8371928236898, 53.58830556954638], [89.27375532364925, 53.84911652350871], [88.98147342296005, 54.065227363152246], [89.1926233261056, 54.14971832943735], [89.19003950372007, 54.32185252517388], [88.37799604707988, 54.38851512347412], [88.75306359171134, 54.80456207937641]]]}}, {"type": "Feature", "properties": {"name": "Mordovia", "type": "Respublika", "region": "Volga", "code_hasc": "RU.MR", "latitude": 54.1154, "longitude": 44.4631, "admin": "Russia"}, "geometry": {"type": "Polygon", "coordinates": [[[43.42508100788217, 53.98853953726979], [42.737991163961, 53.75615062145397], [42.30773318943511, 53.84746287711005], [42.46193566260075, 53.96544017172653], [42.28241173671228, 54.12222646727764], [42.59991173733681, 54.18785553680357], [42.258227167349844, 54.17069896148786], [42.18360639811675, 54.26185618841237], [42.6323645359945, 54.37766307179328], [42.556606886998225, 54.49222972352288], [42.69933719265731, 54.5823534207737], [42.3860746599176, 54.80223664030865], [42.466793247210546, 54.87130219204249], [43.079985793209744, 54.78642365212983], [43.38849409412711, 54.95044464820194], [44.63834028507608, 54.579356188137524], [44.60009972492236, 54.47254100176582], [45.090715773214356, 54.48949087240578], [45.05474897618427, 54.75185211908001], [45.71031619563587, 55.17676158348024], [45.71341678195887, 54.97070180894133], [46.28464806475637, 55.038423774437604], [46.514918247079436, 54.444480698825146], [46.74177778471699, 54.36551911071837], [46.01830773261577, 54.18940582951541], [45.713933546795715, 53.919344794326776], [44.62707482314454, 53.89614207599601], [44.73642215415907, 53.704629217764136], [44.55565799302195, 53.66135020584727], [43.42508100788217, 53.98853953726979]], [[42.452117139694224, 54.77086904636934], [42.50307010260315, 54.79128123584036], [42.44395226408568, 54.803941961752116], [42.452117139694224, 54.77086904636934]]]}}, {"type": "Feature", "properties": {"name": "Kaluga", "type": "Oblast", "region": "Central", "code_hasc": "RU.KG", "latitude": 54.2421, "longitude": 35.3416, "admin": "Russia"}, "geometry": {"type": "Polygon", "coordinates": [[[36.00961632663217, 53.618277900404735], [35.64085330563552, 53.54582754240715], [35.35570275178054, 53.28424144118952], [35.01381147621862, 53.288375556286894], [35.01381147621862, 53.3928653017922], [34.50004438733856, 53.42728180611044], [34.53725141781865, 53.59817576839697], [34.19918419809227, 53.89159454974862], [33.4242444191446, 54.04889761013658], [33.7287219577521, 54.561682847985026], [34.38211876776688, 54.42375845009235], [34.40806033721475, 54.68012523149423], [34.823125441186164, 54.71175120695261], [35.369655388885064, 55.2387991402681], [36.92490929532772, 55.222469387252374], [37.25904910733044, 54.83582632142759], [37.20757937958467, 54.68766999037774], [37.07208377534596, 54.536051336899675], [36.80501997189418, 54.60994863482159], [36.92604617688954, 54.29355967913585], [36.02305219889985, 54.18511668568647], [36.21642540910534, 54.06987824218709], [35.910604281562314, 53.850150051383764], [36.00961632663217, 53.618277900404735]]]}}, {"type": "Feature", "properties": {"name": "Kostroma", "type": "Oblast", "region": "Central", "code_hasc": "RU.KT", "latitude": 58.3882, "longitude": 43.4689, "admin": "Russia"}, "geometry": {"type": "MultiPolygon", "coordinates": [[[[40.60747521331041, 57.53865875869474], [40.60768191888542, 57.92690379497412], [41.16392703580402, 58.36088247344736], [40.92600874180994, 58.579112047482965], [41.22025434815964, 58.72959381849989], [41.16754438696387, 58.95479970973878], [42.02619998584066, 59.121611232872056], [42.04935102732804, 59.42722565394075], [42.85405643065974, 59.16158295379023], [43.49288048684497, 59.297207750137545], [43.525953404026325, 59.16936025756979], [44.991083612318846, 59.121611232872056], [45.95205854726413, 59.19431997328809], [46.356271599554645, 59.34697215374189], [46.40639773926421, 59.63253611874683], [47.11353803924908, 59.61129710607656], [47.05628055180597, 59.378546454155526], [47.252444289072685, 59.35549876635497], [47.604360793116086, 58.91304515211203], [47.300193311971725, 58.91314850489954], [47.000366652399066, 58.620143133798535], [46.59305301288623, 58.560611884131106], [46.34128543457513, 58.07464671487395], [45.56293501184132, 57.935094509903706], [44.86261600122742, 58.07542186122987], [44.73786909408341, 57.70578034108985], [43.99538211379348, 57.43951752421435], [43.57638960119914, 57.654982407811815], [43.263540479609446, 57.42435049118217], [43.20710981626496, 57.63389842387312], [43.15801720622903, 57.4284587669585], [42.8533329611472, 57.39432648437975], [42.77581831206544, 57.70324819644708], [42.180195754330555, 57.56005280189527], [41.63004845637113, 57.749860337784355], [41.560078566172876, 57.46367625605433], [40.44521121642447, 57.276349188863946], [40.38671349463203, 57.50326040334494], [40.60747521331041, 57.53865875869474]]], [[[44.42533003085623, 59.18455312812432], [44.483827751749345, 59.19207204948549], [44.49436974506767, 59.16217723209354], [44.42533003085623, 59.18455312812432]]]]}}, {"type": "Feature", "properties": {"name": "Yaroslavl'", "type": "Oblast", "region": "Central", "code_hasc": "RU.YS", "latitude": 57.7329, "longitude": 39.2547, "admin": "Russia"}, "geometry": {"type": "Polygon", "coordinates": [[[40.92600874180994, 58.579112047482965], [41.16392703580402, 58.36088247344736], [40.60768191888542, 57.92690379497412], [40.664422642391, 57.58496084346814], [40.38671349463203, 57.50326040334494], [40.44521121642447, 57.276349188863946], [39.52020307760995, 57.02685537457586], [39.27163943930867, 56.53830638293317], [38.548066034419946, 56.54734975948378], [38.121115349993374, 56.87492666273528], [38.285756462790516, 57.36577525502395], [37.79483035703532, 57.433548896464345], [37.8275932149549, 57.630746162505375], [37.34638227662077, 57.886854559690164], [37.67225385932812, 58.07542186122987], [37.346795688670056, 58.24827952737826], [37.722379999037685, 58.62717112874458], [38.908974237271195, 58.74013581001958], [38.94029015526644, 58.944309394163156], [39.59503055241805, 58.90637889327127], [40.19530398918772, 58.54975983334958], [40.92600874180994, 58.579112047482965]]]}}, {"type": "Feature", "properties": {"name": "Vladimir", "type": "Oblast", "region": "Central", "code_hasc": "RU.VL", "latitude": 55.8966, "longitude": 40.6207, "admin": "Russia"}, "geometry": {"type": "Polygon", "coordinates": [[[39.27163943930867, 56.53830638293317], [39.356285435224606, 56.77209056272926], [39.67936648907221, 56.82177745196782], [40.1559265483715, 56.43428172542127], [40.50536258281693, 56.59613231115719], [41.08496544769724, 56.47283234303819], [41.90072960828479, 56.54094188126277], [41.96697879363637, 56.386532700723535], [42.58792280499341, 56.42022573552924], [42.94790083185791, 56.16871653873727], [42.04035932762088, 55.608699041927196], [42.13399702324398, 55.44209422526825], [41.87024051258959, 55.15761546498169], [41.080934686286696, 55.1473835309252], [40.20646609923108, 55.30933747034794], [39.85672000462449, 55.82561086724769], [39.35814578629896, 55.7610411649178], [38.59788211396835, 55.962320869212704], [38.29340457536085, 56.533035387173356], [38.3741231626538, 56.69659129525206], [38.562122023412655, 56.5419237331937], [39.27163943930867, 56.53830638293317]]]}}, {"type": "Feature", "properties": {"name": "Ryazan'", "type": "Oblast", "region": "Central", "code_hasc": "RU.RZ", "latitude": 54.3363, "longitude": 40.6258, "admin": "Russia"}, "geometry": {"type": "MultiPolygon", "coordinates": [[[[40.38206261559719, 53.34294586945629], [39.7273222193449, 53.59238800690099], [39.18161909394598, 53.38573395405871], [38.89543501221601, 53.56520620400306], [38.67188276467783, 54.177416897172066], [38.91775922960471, 54.40453481722801], [38.80768842997702, 54.58994985650065], [39.23205529201812, 54.635270087544484], [39.48837039567718, 54.94083283087042], [39.889172805080875, 55.08477753425575], [39.72019087071209, 55.12604116546737], [40.23581831156582, 55.33595083336422], [42.482399529814415, 54.99997650780955], [42.38576460065576, 54.78854238472326], [42.69933719265731, 54.5823534207737], [42.556606886998225, 54.49222972352288], [42.6323645359945, 54.37766307179328], [42.18360639811675, 54.26185618841237], [42.59991173733681, 54.18785553680357], [42.28241173671228, 54.12222646727764], [42.46193566260075, 53.96544017172653], [42.30773318943511, 53.84746287711005], [41.400088332410576, 53.78317739472095], [41.16692426933952, 53.43141592120776], [40.68674686067908, 53.56468944006559], [40.38206261559719, 53.34294586945629]]], [[[42.452117139694224, 54.77086904636934], [42.50307010260315, 54.79128123584036], [42.506894159337946, 54.75872508439511], [42.452117139694224, 54.77086904636934]]]]}}, {"type": "Feature", "properties": {"name": "Ivanovo", "type": "Oblast", "region": "Central", "code_hasc": "RU.IV", "latitude": 57.1213, "longitude": 41.6244, "admin": "Russia"}, "geometry": {"type": "Polygon", "coordinates": [[[41.63004845637113, 57.749860337784355], [42.180195754330555, 57.56005280189527], [42.77581831206544, 57.70324819644708], [42.822223748727026, 57.41541046831844], [42.97311893089392, 57.387505195008714], [43.15801720622903, 57.4284587669585], [43.167525668974406, 57.588939928035245], [43.20710981626496, 57.63389842387312], [43.21331098801164, 57.41541046831844], [43.583831008194466, 57.654982407811815], [43.86329715424023, 57.37107208920554], [43.5385624530947, 57.26177643503445], [43.500942009666005, 57.12240509721744], [43.680362582766975, 57.057964586096716], [43.50125206892784, 56.906449287204794], [42.84361779192756, 56.81529206028034], [42.88185835118196, 56.47159210868881], [42.552369419113404, 56.413714505420046], [40.71465213398875, 56.59845775022495], [40.1559265483715, 56.43428172542127], [39.833672315924616, 56.608586331493996], [39.85878706217318, 56.77963532251209], [39.39204552578036, 56.79327790035478], [39.841733839644974, 57.17682037985662], [41.560078566172876, 57.46367625605433], [41.63004845637113, 57.749860337784355]]]}}, {"type": "Feature", "properties": {"name": "Nizhegorod", "type": "Oblast", "region": "Volga", "code_hasc": "RU.NZ", "latitude": 56.1384, "longitude": 44.7751, "admin": "Russia"}, "geometry": {"type": "Polygon", "coordinates": [[[45.72261518724105, 54.9698233097979], [45.78204308502035, 55.11720449539115], [45.60468956856869, 55.16381663672837], [45.42444217316773, 54.881766669196395], [45.05474897618427, 54.75185211908001], [45.13226362526609, 54.50439952301957], [44.60723107265585, 54.47104238499804], [44.63834028507608, 54.579356188137524], [43.58775841681745, 54.90786326827521], [42.616758254290005, 54.78585521134892], [42.47247765501976, 55.00522166604702], [42.16665652837605, 54.94904938422167], [41.781667108050556, 55.11234690988198], [42.13399702324398, 55.44209422526825], [42.04035932762088, 55.608699041927196], [42.94790083185791, 56.16871653873727], [42.58792280499341, 56.42022573552924], [42.88185835118196, 56.47159210868881], [42.82997521318549, 56.80226959916263], [43.50125206892784, 56.906449287204794], [43.680362582766975, 57.057964586096716], [43.500942009666005, 57.12240509721744], [43.5385624530947, 57.26177643503445], [43.862056918991584, 57.36577525502395], [43.727388137052856, 57.4657949904464], [44.73786909408341, 57.70578034108985], [44.86261600122742, 58.07542186122987], [45.56293501184132, 57.935094509903706], [46.34128543457513, 58.07464671487395], [47.739236280629825, 57.9364897729846], [47.47103559831419, 57.52853017832501], [46.7490124861373, 57.52186391948425], [46.74642866375183, 56.970321357544606], [45.95856977737333, 56.87208445883067], [45.92177615714394, 56.65225291613916], [45.64448042233357, 56.5840141867053], [46.2139547059449, 56.04980906813398], [45.92012251164459, 55.68804820456097], [46.38676069524985, 55.4515510120695], [46.034430780056425, 55.02485871006138], [45.72261518724105, 54.9698233097979]]]}}, {"type": "Feature", "properties": {"name": "Tula", "type": "Oblast", "region": "Central", "code_hasc": "RU.TL", "latitude": 54.0668, "longitude": 37.4161, "admin": "Russia"}, "geometry": {"type": "Polygon", "coordinates": [[[38.89543501221601, 53.56520620400306], [38.477269321022334, 53.3100279810065], [38.603153110627545, 53.055779933996746], [38.32751102131658, 52.96183218001107], [37.84102908722258, 53.008547675035175], [37.56063276518995, 53.296230374432184], [36.398016391643125, 53.42852204045977], [36.01457726402947, 53.58629018794181], [35.910604281562314, 53.850150051383764], [36.21642540910534, 54.06987824218709], [36.0310103698327, 54.19080109349562], [36.92604617688954, 54.29355967913585], [36.80501997189418, 54.60994863482159], [37.07208377534596, 54.536051336899675], [37.25904910733044, 54.83582632142759], [37.67132368334131, 54.71350820613878], [37.938594190569404, 54.83226064711113], [38.51509647002604, 54.597701320959175], [38.38838585812084, 54.47233429619081], [38.75167117688329, 54.17783030922135], [38.89543501221601, 53.56520620400306]]]}}, {"type": "Feature", "properties": {"name": "Chuvash", "type": "Respublika", "region": "Volga", "code_hasc": "RU.CV", "latitude": 55.4883, "longitude": 47.1662, "admin": "Russia"}, "geometry": {"type": "Polygon", "coordinates": [[[48.41237348834579, 55.829357407818065], [47.696034783978064, 55.323135077821576], [48.08464155456409, 55.15053579409158], [47.78801883320256, 54.939230862214515], [47.84692996614501, 54.81572418941977], [47.43238162611112, 54.891791896778614], [47.20397179486241, 54.657852688250955], [46.86094363773867, 54.63025747330374], [46.4116687359234, 54.7927798535074], [46.26160037605649, 55.05421092419476], [46.05572146957013, 55.042118639063915], [46.38676069524985, 55.4515510120695], [45.92012251164459, 55.68804820456097], [46.231421339623125, 56.059291694256274], [47.27662885933438, 56.33516632846329], [48.41237348834579, 55.829357407818065]]]}}, {"type": "Feature", "properties": {"name": "Vologda", "type": "Oblast", "region": "Northwestern", "code_hasc": "RU.VO", "latitude": 59.6397, "longitude": 40.9333, "admin": "Russia"}, "geometry": {"type": "Polygon", "coordinates": [[[37.77291954899795, 61.522136541867894], [38.22012739416391, 60.91953766513109], [39.19061079275389, 60.65293895147141], [40.41802941262728, 60.78548899991739], [41.343037551441796, 60.64596263336881], [41.394093866238904, 60.85799103475841], [41.92346723772283, 60.91747060848178], [42.39475630126225, 60.769417630219436], [43.51086388535998, 60.767453925458256], [44.107830031131016, 61.08345530931507], [45.22910525910038, 60.903879706583155], [45.378760206918, 61.205463365341984], [45.78669396315587, 61.166757718094175], [45.878161249342156, 61.01627594707725], [46.508510369757744, 61.063663234770445], [47.081291945267026, 60.825848294463185], [46.959128858709846, 60.66022532793653], [47.05193973203296, 60.58175466624482], [46.74952925007483, 60.261128241774884], [46.30170128818389, 60.241852932067104], [46.598944126270396, 60.06873688439964], [47.034989862292264, 60.11710602492309], [46.92574588406529, 59.80280996430838], [47.13668908073646, 59.697855129910295], [46.40639773926421, 59.63253611874683], [46.356271599554645, 59.34697215374189], [45.91826215967092, 59.18442393691515], [44.991083612318846, 59.121611232872056], [43.525953404026325, 59.16936025756979], [43.49288048684497, 59.297207750137545], [42.85405643065974, 59.16158295379023], [42.04935102732804, 59.42722565394075], [42.02619998584066, 59.121611232872056], [41.177156203396066, 58.96286123345914], [41.22025434815964, 58.72959381849989], [40.92600874180994, 58.579112047482965], [40.292765740646416, 58.54415293990621], [39.59503055241805, 58.90637889327127], [39.10121056501555, 58.95371450502034], [38.93398562983293, 58.937539780736245], [38.908974237271195, 58.74013581001958], [38.04763146322142, 58.73574331340319], [37.62626183381656, 58.490228582782834], [37.1222099141562, 58.86604543714719], [36.84801476387025, 58.84111155895124], [36.326909620782374, 58.497618312934776], [36.12010053920852, 58.69962148674222], [35.72467247925147, 58.833463447280224], [35.27343387177575, 58.76251170515104], [34.73641238772149, 59.06680837750457], [34.91624637197248, 59.24682322890885], [35.38185102680342, 59.30033417398289], [35.448513625103715, 59.42769074193416], [35.288936801592115, 59.49926259988905], [35.63806277767503, 59.6467471382698], [35.40562218591515, 59.71242788373979], [35.413063592011156, 59.97282542655216], [35.0844014831419, 60.02956614915843], [35.251729771112025, 60.44535472354164], [35.14382938002183, 60.77654897705361], [35.47156131380359, 60.87770559403788], [35.69180626764512, 61.128052069947046], [35.60385297983112, 61.18830679002633], [36.632317336276, 61.55314240239994], [37.77291954899795, 61.522136541867894]], [[38.03657270686489, 61.020875149268704], [38.08752566887449, 61.041649074844884], [38.022620069760364, 61.041855781319214], [38.03657270686489, 61.020875149268704]], [[44.42533003085623, 59.18455312812432], [44.46656782364613, 59.20791087518671], [44.426156854055534, 59.2018647321716], [44.42533003085623, 59.18455312812432]]]}}, {"type": "Feature", "properties": {"name": "Novgorod", "type": "Oblast", "region": "Northwestern", "code_hasc": "RU.NG", "latitude": 58.4228, "longitude": 32.9454, "admin": "Russia"}, "geometry": {"type": "Polygon", "coordinates": [[[34.72990115671297, 59.10321442320702], [35.26568240731723, 58.76478546827474], [35.734284294784345, 58.83245575602831], [36.23740604025653, 58.594873358818404], [35.95142866410157, 58.42614980686807], [35.38577843632578, 58.430542304383835], [35.052672153097376, 58.19913524049895], [34.76504113144301, 58.24026968050134], [34.67884484191592, 58.07792816835024], [33.67735558369321, 58.15293651031169], [33.538035922719644, 58.05601736121224], [33.70216027157926, 57.91548330341169], [33.324922315712286, 57.654620673505235], [33.29484663296574, 57.43215363248413], [32.81198204913227, 57.46207428739842], [31.5379512879216, 56.93766185241253], [30.650873650898234, 56.967220771221605], [30.773140090242975, 57.25774567272458], [30.441170688576392, 57.365336005452264], [30.60880903490903, 57.61741364212588], [30.412955356904206, 57.77735219994406], [30.542869907020588, 57.875666612124405], [29.679356724433262, 58.077282213203546], [29.658479445170258, 58.24357697239935], [30.167182244764774, 58.5331200219714], [30.104343703199334, 58.73507151983472], [30.705650668743374, 58.74933421530176], [31.022840610106073, 59.08104523454989], [31.306027459199868, 58.98523712769128], [31.5518005713393, 59.36805613947922], [32.124065382911056, 59.394333604812005], [32.65323204881997, 59.124711819195056], [33.00990278468572, 59.42999034347952], [34.72990115671297, 59.10321442320702]]]}}, {"type": "Feature", "properties": {"name": "Tver'", "type": "Oblast", "region": "Central", "code_hasc": "RU.TV", "latitude": 57.0297, "longitude": 34.5445, "admin": "Russia"}, "geometry": {"type": "Polygon", "coordinates": [[[37.62626183381656, 58.490228582782834], [37.346795688670056, 58.24827952737826], [37.67225385932812, 58.07542186122987], [37.34638227662077, 57.886854559690164], [37.8275932149549, 57.630746162505375], [37.79483035703532, 57.433548896464345], [38.285756462790516, 57.36577525502395], [38.1204952332684, 56.87900910098921], [38.25650760324328, 56.770230210755585], [37.71163130104367, 56.952751370179556], [37.15207889222705, 56.754055488270126], [37.052136672069764, 56.51551707575243], [36.82579389836968, 56.5832390412487], [36.07844933436928, 56.344106350427694], [35.475488722426576, 56.463582261811894], [35.520757276626966, 56.25610138577031], [35.17411176924276, 55.948264879320675], [33.904008415755754, 56.07290843457656], [33.16544884588751, 55.64559601494409], [31.46736128099832, 55.729001777410076], [31.344681431402933, 55.96402619155549], [31.510562777650023, 56.05244456646352], [31.491545851260014, 56.30129242650423], [31.020153435832356, 56.47701813407957], [31.060667759109776, 56.67778107443701], [30.78109826027645, 56.769816800504884], [31.000102979768656, 56.96520539051636], [31.5379512879216, 56.93766185241253], [32.81198204913227, 57.46207428739842], [33.29484663296574, 57.43215363248413], [33.324922315712286, 57.654620673505235], [33.70216027157926, 57.91548330341169], [33.538035922719644, 58.05601736121224], [33.67735558369321, 58.15293651031169], [34.68752648326057, 58.07945262353974], [34.71811893084396, 58.22435333953496], [35.14755008306986, 58.22383657469811], [35.38577843632578, 58.430542304383835], [36.489173617668314, 58.530897935691144], [36.79706180186065, 58.82015676532245], [37.09203087682346, 58.86948192025437], [37.62626183381656, 58.490228582782834]]]}}, {"type": "Feature", "properties": {"name": "Moskovskaya", "type": "Oblast", "region": "Central", "code_hasc": "RU.MS", "latitude": 55.1508, "longitude": 38.671, "admin": "Russia"}, "geometry": {"type": "Polygon", "coordinates": [[[37.014455569369034, 55.301191475106464], [35.30123579319729, 55.29910553719077], [35.3984908381816, 55.61086945316271], [35.171321242181534, 55.960047106089064], [35.520757276626966, 56.25610138577031], [35.46308637893321, 56.45887970593367], [36.07844933436928, 56.344106350427694], [36.82579389836968, 56.5832390412487], [37.052136672069764, 56.51551707575243], [37.15207889222705, 56.754055488270126], [37.723930291749525, 56.95357819337892], [38.3741231626538, 56.69659129525206], [38.29340457536085, 56.533035387173356], [38.59788211396835, 55.962320869212704], [39.35814578629896, 55.7610411649178], [39.85672000462449, 55.82561086724769], [40.20646609923108, 55.30933747034794], [39.72019087071209, 55.12604116546737], [39.889172805080875, 55.08477753425575], [39.48837039567718, 54.94083283087042], [39.23205529201812, 54.635270087544484], [38.8204008318329, 54.601938787944675], [38.91775922960471, 54.40453481722801], [38.67508670378834, 54.24467377377562], [38.38838585812084, 54.47233429619081], [38.4715849141125, 54.638370672968165], [37.18752892442029, 54.867891547356976], [37.12003891836139, 54.99082417569514], [37.878423627248594, 55.71514164636983], [37.80050661788607, 55.8376533047562], [37.375327597890305, 55.92288625939335], [37.41407840279601, 55.65985871041113], [37.17487824303646, 55.44784874692209], [36.912781945630286, 55.516590057085466], [37.014455569369034, 55.301191475106464]], [[37.17689785505195, 55.9907974287583], [37.2937160125839, 56.0304321611153], [37.20193031782986, 56.05963670027347], [37.17689785505195, 55.9907974287583]], [[37.00167061920371, 55.7321286518158], [37.153951431813084, 55.69666599673832], [37.16438162411265, 55.7321286518158], [37.00167061920371, 55.7321286518158]]]}}, {"type": "Feature", "properties": {"name": "Moskva", "type": "Gorod Federalnogo Znacheniya", "region": "Central", "code_hasc": "RU.MS", "latitude": 55.7177, "longitude": 37.6188, "admin": "Russia"}, "geometry": {"type": "MultiPolygon", "coordinates": [[[[37.12003891836139, 54.99082417569514], [36.9043420753265, 55.22913564699246], [37.014455569369034, 55.301191475106464], [36.912781945630286, 55.516590057085466], [37.17487824303646, 55.44784874692209], [37.41407840279601, 55.65985871041113], [37.41376993983084, 55.9393615487964], [37.80050661788607, 55.8376533047562], [37.878423627248594, 55.71514164636983], [37.12003891836139, 54.99082417569514]]], [[[37.17689785505195, 55.9907974287583], [37.2937160125839, 56.0304321611153], [37.302060167143, 55.99705554467761], [37.17689785505195, 55.9907974287583]]], [[[37.00167061920371, 55.7321286518158], [37.153951431813084, 55.69666599673832], [36.99124042690414, 55.67997768941882], [37.00167061920371, 55.7321286518158]]]]}}, {"type": "Feature", "properties": {"name": "Mariy-El", "type": "Respublika", "region": "Volga", "code_hasc": "RU.ME", "latitude": 56.5407, "longitude": 47.9131, "admin": "Russia"}, "geometry": {"type": "Polygon", "coordinates": [[[50.10126264795281, 56.792399400312036], [50.19758751784963, 56.58274811483358], [49.980959914268624, 56.43800242846925], [49.650644159000706, 56.530141507324686], [49.09150516133411, 56.391752021438606], [48.93306522028365, 56.26157908800445], [49.050887486168506, 56.20680207015937], [48.41237348834579, 55.829357407818065], [47.87101118271988, 56.13585032803019], [47.44633426321565, 56.18158397112336], [47.36582238059839, 56.33464956272712], [46.092205031437004, 56.05637197508656], [45.87382042777051, 56.25884023688741], [45.94895796094113, 56.43322235822524], [45.62866743325543, 56.52249339475435], [45.92177615714394, 56.65225291613916], [45.96663130109363, 56.87435822195437], [46.68710411965935, 56.967944240734084], [47.49883751793709, 56.853325913959736], [47.734585401594984, 57.054502265467136], [48.13073693196384, 57.00019033471614], [48.30075239420762, 57.16503815398761], [48.95352908659805, 57.08623159371302], [49.18493615138226, 57.330118517255755], [49.263794386701534, 57.048326931242855], [49.707901646443815, 57.07248566308283], [49.741801385025894, 56.89952464504631], [50.10126264795281, 56.792399400312036]]]}}, {"type": "Feature", "properties": {"name": "Kirov", "type": "Oblast", "region": "Volga", "code_hasc": "RU.KV", "latitude": 58.1926, "longitude": 50.1112, "admin": "Russia"}, "geometry": {"type": "Polygon", "coordinates": [[[50.42992475772138, 56.58941437457372], [50.07201378840557, 56.62274567327415], [50.10126264795281, 56.792399400312036], [49.741801385025894, 56.89952464504631], [49.707901646443815, 57.07248566308283], [49.263794386701534, 57.048326931242855], [49.18493615138226, 57.330118517255755], [48.95352908659805, 57.08623159371302], [48.30075239420762, 57.16503815398761], [48.13073693196384, 57.00019033471614], [47.734585401594984, 57.054502265467136], [47.49883751793709, 56.853325913959736], [46.70529422374938, 56.944069728834904], [46.844820591197276, 57.229065253058934], [46.68017947840019, 57.351331692403676], [46.7490124861373, 57.52186391948425], [47.47103559831419, 57.52853017832501], [47.76745161320139, 57.90041962316707], [46.31296675011538, 58.111181953584264], [46.59305301288623, 58.560611884131106], [47.000366652399066, 58.620143133798535], [47.300193311971725, 58.91314850489954], [47.604360793116086, 58.91304515211203], [47.252444289072685, 59.35549876635497], [47.05628055180597, 59.378546454155526], [47.133898552775975, 59.7249852568641], [46.92223188659227, 59.81820954043792], [47.034989862292264, 60.11710602492309], [46.598944126270396, 60.06873688439964], [46.30335493278392, 60.25089630771839], [46.74952925007483, 60.261128241774884], [47.04883914570996, 60.57516592087052], [46.95995568190915, 60.666271470951585], [47.196116977616384, 61.04831533548429], [47.95803429544634, 61.00733592421352], [48.418988071242495, 60.85380524371698], [48.54745568233386, 60.41502065747733], [48.75374799997019, 60.36721995683553], [48.457331984183725, 60.18650747344111], [48.50756147578147, 59.71511505801351], [49.07259158683223, 59.65961456975657], [49.04251590408569, 59.48820384443184], [49.53457889230202, 59.39503123590276], [49.50987755720348, 59.24661652333384], [49.66366662011842, 59.20837596318012], [49.79492475827095, 59.23307729827866], [49.98302697091793, 59.77154572225726], [50.81067671106132, 59.86296133070084], [51.07536339680331, 60.060727037522724], [51.533113234388225, 59.94920929617206], [52.04222944513276, 60.31365733491805], [53.60761193194509, 60.14273753510912], [53.62311486176145, 59.75438914694155], [53.205775994666396, 59.36399953874769], [53.40266320234491, 59.149568183025224], [53.87653608557184, 59.09280162199724], [53.725744256192456, 58.938521634465815], [53.92201134624662, 58.782820542733816], [53.70559044824057, 58.61332184532688], [53.78455203634735, 58.43989573839758], [51.97101932238377, 58.46413198550272], [51.67315636577365, 58.171850083914194], [51.88854373590465, 57.97873525702647], [51.852473586087115, 57.63118541117774], [51.5931612488925, 57.44166209612882], [51.195149367449346, 57.45375438125967], [51.11556766081884, 57.30508128537298], [51.32485721199072, 56.9467052271645], [51.540451287696726, 56.882988186455634], [51.13789188000624, 56.50011749872357], [51.43647830612889, 56.144428615688014], [51.073089633679615, 56.13052765632625], [50.42992475772138, 56.58941437457372]]]}}, {"type": "Feature", "properties": {"name": "Udmurt", "type": "Respublika", "region": "Volga", "code_hasc": "RU.UD", "latitude": 57.3433, "longitude": 52.7957, "admin": "Russia"}, "geometry": {"type": "Polygon", "coordinates": [[[54.35247602724684, 56.35852407552562], [54.00583051896325, 56.028880112926856], [53.28907840434488, 55.858270372379764], [53.19409712068557, 55.93513906541551], [53.55087121023814, 56.241011868003284], [53.26034630693647, 56.25387930038937], [53.325251906050596, 56.0837088085147], [53.04929975837712, 56.1360311960828], [52.94274295442381, 56.37242503488744], [53.08981408075522, 56.52156321876748], [52.939435663425115, 56.541303616468724], [52.56199100108381, 56.25943451609004], [52.84176720639141, 56.15786448795575], [52.67020144963715, 56.022317205974275], [51.44185265467627, 55.92464874894057], [51.6482483251001, 56.144273586956444], [51.43647830612889, 56.144428615688014], [51.13789188000624, 56.50011749872357], [51.540451287696726, 56.882988186455634], [51.32485721199072, 56.9467052271645], [51.135928176144375, 57.37706655537721], [51.852473586087115, 57.63118541117774], [51.88854373590465, 57.97873525702647], [51.67315636577365, 58.171850083914194], [51.97101932238377, 58.46413198550272], [53.78455203634735, 58.43989573839758], [54.13646854039081, 57.829390367571364], [53.99001753078437, 57.57323029174455], [54.263592564345345, 57.464037991260284], [54.11920861228759, 57.309267076414415], [54.319299758177294, 57.28640025486783], [54.399811638995914, 57.04287506832969], [54.098641392286424, 56.96592886002884], [54.04572472461632, 56.75302195949581], [53.821655714939254, 56.79947907210146], [53.844600050851625, 56.63809357435895], [54.0758004091615, 56.66881521315156], [54.35247602724684, 56.35852407552562]]]}}, {"type": "Feature", "properties": {"name": "Komi", "type": "Respublika", "region": "Northwestern", "code_hasc": "RU.KO", "latitude": 64.1194, "longitude": 55.8183, "admin": "Russia"}, "geometry": {"type": "Polygon", "coordinates": [[[59.40178022607654, 62.131505032031555], [59.3486568537308, 61.6821784533729], [59.0152405130392, 61.54905996414601], [56.67574506957925, 61.522343248342224], [56.287345004568294, 61.20941661238675], [55.287509392744255, 61.12123078147533], [54.97951785666373, 60.863830471299195], [53.35398400255963, 60.89344106695165], [53.37207075386215, 61.028962511410725], [52.87649376817285, 61.09384227210313], [52.35476850835994, 60.84390920734404], [51.90125613776053, 60.882278957807614], [51.77661258340396, 60.600719915791444], [52.323866000615396, 60.4321255559496], [52.297821079279345, 60.24159455054803], [51.99572065568367, 60.29802521389246], [51.52133100761989, 59.94621206353588], [51.07536339680331, 60.060727037522724], [50.81067671106132, 59.86296133070084], [49.98302697091793, 59.77154572225726], [49.79492475827095, 59.23307729827866], [49.58656538308594, 59.21943471953665], [49.53457889230202, 59.39503123590276], [49.04251590408569, 59.48820384443184], [49.07259158683223, 59.65961456975657], [48.50756147578147, 59.71511505801351], [48.457331984183725, 60.18650747344111], [48.754678175957054, 60.361225491563175], [48.54745568233386, 60.41502065747733], [48.418988071242495, 60.85380524371698], [48.50931847496764, 61.04774689380406], [49.31392052641115, 61.18789337797699], [49.461405063892585, 61.586111965894474], [49.05161095568104, 61.690963447505055], [49.608992954161465, 62.770225735429335], [48.36607140537103, 62.729298001001894], [48.29083051941291, 62.32162262628316], [47.413364698821795, 62.192793280885155], [47.082635532403856, 62.83962718394736], [47.55464806455649, 63.148497219171304], [46.94682986800399, 63.34156037101428], [47.021347284449575, 63.55916982742559], [46.819189081011245, 63.74696198171006], [45.42712934834071, 64.171690578957], [46.611449822551265, 64.32656484569105], [48.11575076698426, 64.34811391942179], [48.408342726035926, 64.22421967210016], [49.59535037631878, 64.59135488601913], [50.314686314222, 64.5124449729571], [50.46744184836257, 64.79160106153972], [50.063022087799084, 64.8901996927616], [49.63658816910868, 65.27384552684953], [48.99869428891026, 65.24033336009649], [49.006032342218816, 66.11911693030208], [52.155194126407764, 67.08551788973881], [61.43173383984481, 66.99968333631688], [62.821313103816635, 67.38803172538377], [62.89345340435108, 67.59566763015698], [63.8617663917056, 67.83157054344576], [63.83396447118338, 68.02845775022496], [64.53025272038673, 68.20012685796809], [64.4991435079665, 68.32590729388647], [64.74512332478156, 68.40445547084329], [65.480478957338, 68.43044871713454], [65.27377322765233, 68.2304609240324], [65.28979292230548, 68.0123347027843], [66.08953738823982, 67.92965241252881], [66.01956749894089, 67.79813589105851], [66.20591271330107, 67.6930260279288], [65.79611860508953, 67.56783987121304], [66.10307661329506, 67.47980906813393], [65.19016075961133, 67.14499746436144], [65.10468794139535, 66.89462514913129], [63.41486860490215, 66.48012848594084], [63.29549604720478, 66.23921295841126], [62.86224083824408, 66.07472687434574], [62.85066531795002, 65.87298208295675], [61.870983514077864, 65.69901337276889], [60.64521853970382, 64.89123322243523], [60.147367791790145, 65.06478852057376], [59.67411502528813, 64.80214305305941], [59.482292107794535, 64.48691681645789], [59.60610883985106, 64.45415395853831], [59.588435499698505, 64.23264293102642], [59.85642947823783, 64.13133128531052], [59.57293256988214, 63.92715770116695], [59.22318647617493, 63.07191274697567], [59.47671105277283, 62.90675486934174], [59.39867964065286, 62.71803253817109], [59.643729282380434, 62.51026744218865], [59.40178022607654, 62.131505032031555]]]}}, {"type": "Feature", "properties": {"name": "Perm'", "type": "Kray", "region": "Volga", "code_hasc": "RU.PE", "latitude": 58.8735, "longitude": 56.5878, "admin": "Russia"}, "geometry": {"type": "Polygon", "coordinates": [[[54.968355746620375, 56.320438544103524], [54.55918175603318, 56.53840973572068], [54.419655388585284, 56.33764679626262], [54.0758004091615, 56.66881521315156], [53.844600050851625, 56.63809357435895], [53.821655714939254, 56.79947907210146], [54.04572472461632, 56.75302195949581], [54.098641392286424, 56.96592886002884], [54.399811638995914, 57.04287506832969], [54.319299758177294, 57.28640025486783], [54.11920861228759, 57.309267076414415], [54.263592564345345, 57.464037991260284], [53.99001753078437, 57.57323029174455], [54.15631228998018, 57.70624542908325], [54.099364861798904, 57.971655585237045], [53.81018354743276, 58.22812571942637], [53.70466027225376, 58.59497671250523], [53.92201134624662, 58.782820542733816], [53.724917432993095, 58.92586090855406], [53.87653608557184, 59.09280162199724], [53.40266320234491, 59.149568183025224], [53.205775994666396, 59.36399953874769], [53.70290327306759, 60.01106598580657], [53.457233513715664, 60.20480093031864], [52.297821079279345, 60.24159455054803], [52.323866000615396, 60.4321255559496], [51.77661258340396, 60.600719915791444], [51.88978397025397, 60.87581940454186], [52.35476850835994, 60.84390920734404], [52.87649376817285, 61.09384227210313], [53.37207075386215, 61.028962511410725], [53.35398400255963, 60.89344106695165], [54.97951785666373, 60.863830471299195], [55.287509392744255, 61.12123078147533], [56.287345004568294, 61.20941661238675], [56.67574506957925, 61.522343248342224], [58.81070519368973, 61.50895905201861], [59.3486568537308, 61.6821784533729], [59.41779991983043, 61.42896393513746], [59.2565694517188, 61.244427395008245], [59.46947635315115, 60.941241766694134], [59.39010135299503, 60.582607326966524], [58.999530877647885, 59.93130341292215], [58.67510623576413, 59.85924062855213], [58.31089074101487, 59.46805003558063], [59.1739905133515, 59.16837840384022], [59.082729933639484, 58.769332994522074], [59.42534467961326, 58.674661770124544], [59.448909133149925, 58.48330394152367], [58.605549757615165, 58.01625234586902], [58.85276980967893, 57.747896633922494], [58.52317752482287, 57.57612417339186], [58.16257938033408, 57.68350779874589], [57.937993604920905, 57.33195302990839], [58.071938918246474, 57.050626532788215], [57.218657667917, 56.85301585649654], [57.42577680875269, 56.65912588235358], [57.40841352696265, 56.329120185448176], [57.16563764835877, 56.1595698111978], [56.86405398870062, 56.108100084351406], [56.52846723767283, 56.38330292409063], [56.06451622924055, 56.291344713287856], [55.91362104707366, 56.466346951350715], [54.968355746620375, 56.320438544103524]]]}}, {"type": "Feature", "properties": {"name": "Samara", "type": "Oblast", "region": "Volga", "code_hasc": "RU.SA", "latitude": 53.1783, "longitude": 50.4377, "admin": "Russia"}, "geometry": {"type": "MultiPolygon", "coordinates": [[[[51.38604210805681, 54.676352850703495], [51.931641879768904, 54.53186554585824], [52.0784029477378, 54.342936510011896], [52.48199588420266, 54.46716665321844], [52.51496544769725, 54.32583161153963], [52.20366661971872, 54.29864980684306], [52.484683057577, 54.058509426568776], [52.07995324134896, 53.51409821236257], [52.15788130068148, 53.102572944285896], [51.471411574384604, 52.569142971171175], [51.56267215409662, 52.447289943875774], [51.415187615715865, 52.10271149404019], [50.76700931792567, 51.75939992276818], [50.72210330562302, 51.92804515186225], [50.167511835103085, 52.02359487630247], [50.221462029748864, 52.129893296938064], [49.81228803916167, 52.193093573709405], [49.58367150233795, 52.39757721621555], [49.22865441287081, 52.508009751948464], [48.89069054503261, 52.41103892690495], [48.69101281119225, 52.6447714298576], [48.35583947131454, 52.66417592987523], [48.59251753095924, 52.91940582881591], [48.221584099626455, 52.998935859502296], [47.948525831801646, 53.358681342370005], [48.375579868116404, 53.47118093475228], [48.326487258080476, 53.66215119152423], [48.59871870270592, 53.66832652394987], [48.47314497326187, 53.76989655208416], [50.03428999218937, 53.82632721632797], [49.97413862489759, 53.959600735185745], [50.197380812274616, 54.03814891214256], [50.257118768416376, 54.29441233985756], [50.07749148884113, 54.51646596882938], [50.93542361820539, 54.340378526048084], [51.008184034565545, 54.5449913597634], [51.38604210805681, 54.676352850703495]]], [[[52.22909142432974, 53.354883124056926], [52.300508253553005, 53.38015289993638], [52.27301639229262, 53.34188650226025], [52.22909142432974, 53.354883124056926]]]]}}, {"type": "Feature", "properties": {"name": "Stavropol'", "type": "Kray", "region": "Volga", "code_hasc": "RU.ST", "latitude": 44.981, "longitude": 43.2791, "admin": "Russia"}, "geometry": {"type": "Polygon", "coordinates": [[[41.16237674309218, 45.953551947964], [42.11094933364478, 45.928721422555554], [42.32540652778903, 46.12584117333148], [42.319515415304124, 45.97551443104612], [42.51660932765833, 45.989699612147376], [42.91555138508835, 46.24141551451436], [43.87755984880795, 45.945490424243644], [44.27712202296294, 45.58021556319767], [45.58618940611615, 45.15830333143356], [45.71734419058191, 44.99994090384962], [45.64634077340793, 44.79974640607173], [45.22755496638854, 44.48715566690049], [45.44139204290843, 44.37605133669979], [45.10497846868134, 44.21580272141841], [45.51725304469221, 44.18528778730155], [45.45255415205247, 43.88853587473079], [45.07593631380979, 43.95034088842124], [44.892588332085836, 43.65211619750448], [44.803498162710014, 43.80205536616222], [44.284873488320784, 43.818850206271975], [44.42047244624638, 43.99855499931374], [43.32699913879918, 43.80502676037668], [43.216101515072864, 43.95005666848044], [42.683214146115915, 43.80717133229115], [42.590713332054634, 44.040257880097045], [42.378116488984745, 43.97147654920337], [42.30308231040027, 44.12852122717288], [42.557020298148245, 44.28907990171609], [41.57341108565305, 44.53676504177321], [41.414557732553305, 44.702077949038085], [41.65692020000722, 44.96890920669449], [41.29260135336972, 45.242820136140324], [41.02564090270545, 45.22021169701219], [40.84260298024333, 45.52719554274006], [40.856658970135356, 45.69044139335557], [41.274411249279694, 45.75410675722105], [41.16237674309218, 45.953551947964]]]}}, {"type": "Feature", "properties": {"name": "Adygey", "type": "Respublika", "region": "Volga", "code_hasc": "RU.AD", "latitude": 44.4658, "longitude": 40.1293, "admin": "Russia"}, "geometry": {"type": "Polygon", "coordinates": [[[39.63492475807112, 45.19352082052944], [40.25566206205451, 45.088100898137895], [40.72839806461894, 44.60776845984651], [40.754132927592536, 44.47457245535452], [40.64065148327933, 44.45762258651314], [40.53936567598515, 44.73329051424582], [40.32366824659226, 44.608414414993206], [40.45668338393102, 43.9657404654501], [40.32036095559363, 43.760274970113755], [39.7242216330219, 43.93194407785688], [39.73724409413961, 44.186553860072536], [39.95996951667985, 44.064597479989686], [40.07861860486469, 44.236628322938714], [39.793571404696536, 44.35021312093875], [40.02663211408077, 44.736184394094494], [39.88379845563418, 45.00743398678901], [39.49984256408305, 45.03730296485992], [39.63719852119476, 44.87074982414504], [39.46987023322464, 44.79468211498761], [38.67291629435147, 44.95565420247942], [39.3152543471104, 44.99895905191869], [39.63492475807112, 45.19352082052944]]]}}, {"type": "Feature", "properties": {"name": "Odessa", "type": "Oblast'", "region": null, "code_hasc": "UA.OD", "latitude": 46.0315, "longitude": 29.7568, "admin": "Russia"}, "geometry": {"type": "MultiPolygon", "coordinates": [[[[28.21293379700009, 45.45019846600009], [28.502011760000045, 45.50874786400003], [28.740240112000066, 45.95321685800009], [28.956867717000137, 46.001379293000056], [28.945808960000136, 46.45478831000007], [29.1842440180001, 46.53803904300007], [29.200677124000094, 46.35711985300013], [29.457612345000086, 46.484708965], [29.615638875000116, 46.361822409000084], [29.714134155000067, 46.47116973900002], [29.828132365000045, 46.339394837], [30.131576375000122, 46.42282643700007], [29.901926310000135, 46.530830180000024], [29.928177938000147, 46.8097537230001], [29.558691447000058, 46.94574025500005], [29.556572714000083, 47.324037578000045], [29.15561527500003, 47.44999888100007], [29.23602380300008, 47.870722555000086], [28.862085148000034, 48.00050207700009], [29.04502851675261, 48.134426581421565], [30.293066034369986, 48.13571849171501], [30.215964797337506, 47.998775947551906], [30.42034508615677, 47.6483580593769], [30.779858025927126, 47.633733628703965], [30.915301955121095, 47.27670115853164], [31.30416710812551, 47.10182811077868], [31.031522250551404, 46.94780650476633], [31.187946811795882, 46.629092109113515], [30.79070071700005, 46.55292389500005], [30.26140384200005, 45.89549388200004], [29.73373457100007, 45.61432526200008], [29.69385826900009, 45.781317450000074], [29.633555535000085, 45.82135651200008], [29.70875084700009, 45.22333405200004], [29.43063724800004, 45.43040639200002], [28.710061076000073, 45.22695627900005], [28.21293379700009, 45.45019846600009]]], [[[29.73096764400009, 45.59137604400007], [30.075694207000083, 45.79242584800005], [30.125987175000034, 45.81146881700005], [29.908050977000073, 45.666449286000045], [29.807465040000068, 45.61432526200008], [29.73096764400009, 45.59137604400007]]]]}}, {"type": "Feature", "properties": {"name": "Luhans'k", "type": "Oblast'", "region": null, "code_hasc": "UA.LH", "latitude": 48.9084, "longitude": 39.0033, "admin": "Russia"}, "geometry": {"type": "Polygon", "coordinates": [[[38.18984419700007, 50.06278513600007], [38.9373954670001, 49.80347279900012], [39.15578007000005, 49.873597718000084], [39.80152876800008, 49.54219675700004], [40.13070764200006, 49.57981720100004], [40.14166304500014, 49.245780741], [39.68112268100009, 49.02031646800005], [40.053813110000135, 48.869214580000076], [39.77941125500007, 48.807719625000075], [39.631720011000084, 48.58690623000008], [39.83532515500008, 48.57347035800002], [39.92410526600008, 48.376118063], [39.81589481600008, 48.308163554000046], [39.99324833200012, 48.27323028600004], [39.75905074100007, 47.83294708300012], [39.0929415280001, 47.83209442100009], [39.027106560619245, 48.00663076389861], [38.42362918473907, 48.28563182195097], [38.27950361509971, 48.83916392707357], [37.84733361175677, 49.23174978312596], [37.939989455448995, 49.7269391951877], [38.18984419700007, 50.06278513600007]]]}}, {"type": "Feature", "properties": {"name": "Donets'k", "type": "Oblast'", "region": null, "code_hasc": "UA.DT", "latitude": 48.145, "longitude": 37.7933, "admin": "Russia"}, "geometry": {"type": "Polygon", "coordinates": [[[39.03618022000006, 47.85700264800006], [38.319035278000115, 47.59130808500005], [38.14226321700005, 47.03766510600008], [37.580739780000044, 47.09039948100008], [37.33521569100009, 46.882473049000055], [37.03776436887977, 46.876663618236975], [37.11848921110817, 47.028189195275104], [36.856541374684696, 47.19370880811499], [37.220911899964165, 47.455269070011525], [36.75210330602272, 47.60169424119624], [36.53134158734434, 47.887387397410464], [36.58467166526509, 48.076419786044255], [36.839023065062406, 48.03448436126422], [36.92718305755204, 48.201502590871826], [36.81184126216448, 48.32570689655603], [36.88744388242918, 48.573624578811234], [36.74853763170631, 48.5309140085746], [36.6900399108132, 48.777539781435735], [37.177141960732854, 48.82831187629205], [37.54693851140314, 49.22722809530035], [38.06675174329831, 49.1500751823238], [38.00809899277425, 48.95729625132094], [38.27950361509971, 48.83916392707357], [38.42362918473907, 48.28563182195097], [39.027106560619245, 48.00663076389861], [39.03618022000006, 47.85700264800006]]]}}, {"type": "Feature", "properties": {"name": "Zaporizhzhya", "type": "Oblast'", "region": null, "code_hasc": "UA.ZP", "latitude": 47.3346, "longitude": 35.7123, "admin": "Russia"}, "geometry": {"type": "Polygon", "coordinates": [[[35.827159050000034, 46.62335846600007], [35.279540987026905, 46.25514515122774], [35.18832441500007, 46.51243724200003], [35.06931196537488, 46.29991323540747], [34.63125084774839, 46.689036769930965], [34.796512079069146, 46.83954437936961], [34.55967898889418, 47.01160106074036], [34.506452263760934, 47.31390818901167], [34.29840294783776, 47.27210195634018], [34.203731724339605, 47.47839427307724], [34.91056196506264, 47.52624665056243], [34.84054039892027, 48.117502550102586], [35.245115187316, 48.130189114436064], [35.96398603722582, 48.08910635037773], [36.07865603994429, 47.845167751790314], [36.576145053551386, 47.84421173828105], [36.75210330602272, 47.60169424119624], [37.219206576722115, 47.45813711233785], [36.856541374684696, 47.19370880811499], [37.115698683147684, 46.969898179957], [36.76929772200009, 46.63739655200004], [36.63396243600005, 46.77997467700004], [36.278330925000034, 46.607407945000034], [35.827159050000034, 46.62335846600007]]]}}, {"type": "Feature", "properties": {"name": "Dnipropetrovs'k", "type": "Oblast'", "region": null, "code_hasc": "UA.DP", "latitude": 48.6313, "longitude": 34.9555, "admin": "Russia"}, "geometry": {"type": "Polygon", "coordinates": [[[34.98394249904709, 49.16371776016649], [35.95251386881995, 48.96869090446165], [36.2842765640122, 48.52825267182334], [36.47718468622429, 48.64687592248583], [36.883103061756856, 48.57930898751971], [36.892559848558165, 48.06755727844563], [36.58906416188154, 48.078926093164625], [36.576145053551386, 47.84421173828105], [36.28598188725425, 47.81330923143588], [36.07865603994429, 47.845167751790314], [35.959180128560035, 48.090708319933015], [34.851444125645855, 48.12274770834006], [34.89826297435678, 47.52324941702693], [32.99419315019372, 47.595441393505496], [33.05749677885325, 48.02580272081889], [33.51338626536386, 48.238502915776905], [33.4454317558708, 48.52530711513123], [33.82106774308187, 48.66839915599621], [33.57219404461944, 48.78707408350215], [34.23747643419006, 48.74627554028393], [34.40826704278976, 49.07653961870841], [34.98394249904709, 49.16371776016649]]]}}, {"type": "Feature", "properties": {"name": "Minsk", "type": "Gorod", "region": null, "code_hasc": "BY.MI", "latitude": 53.1945, "longitude": 27.4703, "admin": "Russia"}, "geometry": {"type": "Polygon", "coordinates": [[[27.106180453964782, 55.002069403779956], [27.813114048374587, 54.62886221022279], [29.48526004381597, 54.605969550254486], [29.337982211909548, 53.98993480125006], [29.43048302597083, 53.7297439640127], [28.94911705890513, 53.519265856234256], [28.617354363712877, 53.613833726944904], [28.40232872878778, 53.46810618775032], [28.449457634961846, 53.294680080821024], [28.08916954883557, 53.2862051459507], [28.52335493288382, 53.148849188838994], [28.291999545842373, 52.76566844274441], [28.46919803176371, 52.68011811016265], [28.340730421571664, 52.48062124347558], [27.527911817676227, 52.53932566994371], [27.271390008442097, 52.36073192004204], [27.04080976685725, 52.53821462680355], [27.168398878805192, 52.66611379711401], [26.407411736962047, 52.86008128472349], [26.515105421577914, 53.064203192923], [26.266645135164822, 53.18920848248547], [26.567712029986183, 53.40475088224741], [26.21434858601839, 53.8353447544568], [26.432836540673804, 53.998564764852006], [26.075959100132366, 54.140364895423545], [26.468855015446593, 54.278754381309625], [26.68253706233554, 54.583645331067146], [26.31615115725009, 54.92755198823363], [27.106180453964782, 55.002069403779956]], [[27.760759680015212, 53.80424847158969], [27.83579024872097, 54.01683508217326], [27.385606838284957, 53.96431368362954], [27.383105819178184, 53.83676171817871], [27.760759680015212, 53.80424847158969]]]}}, {"type": "Feature", "properties": {"name": "City of Minsk", "type": "Voblasts'", "region": null, "code_hasc": "BY.HM", "latitude": 53.9005, "longitude": 27.6424, "admin": "Russia"}, "geometry": {"type": "Polygon", "coordinates": [[[27.80827904034544, 54.02183711948743], [27.80327700213195, 53.80925050980318], [27.370600724543806, 53.86427292655429], [27.44062925503607, 54.00933202485305], [27.80827904034544, 54.02183711948743]]]}}, {"id": "94", "type": "Feature", "properties": {"name": "Fergana", "admin": "Uzbekistan"}, "geometry": {"type": "MultiPolygon", "coordinates": [[[[71.7855196540001, 39.98970489500006], [71.7573043210001, 39.90309519400002], [71.66552697800006, 39.940198873], [71.68175337800005, 39.95508168600004], [71.7855196540001, 39.98970489500006]]], [[[72.01323892893339, 40.262072352257235], [71.83647261600004, 40.249172262000044], [71.69332889800012, 40.1411168420001], [71.62831994600003, 40.258887431000076], [71.52124637800006, 40.20374867800011], [71.2538208410001, 40.3244131470001], [70.62212813300005, 40.199562887000084], [70.52404626500004, 40.343740133000054], [70.37139408300004, 40.36492747000001], [70.35382409700009, 40.45613637300009], [70.93146406381544, 40.77474660926856], [71.126956008413, 40.762292588931814], [71.06334231959232, 40.69632762352097], [71.27097822526486, 40.61690094742079], [71.58181196524998, 40.774255682853436], [71.64759606260816, 40.69534577069072], [72.22172122615365, 40.5604186063336], [72.22832779968815, 40.45960608435331], [71.95667199800005, 40.315679831000026], [72.01323892893339, 40.262072352257235]]], [[[71.00856449400004, 40.15775665300002], [71.24400231900006, 40.046755677000064], [71.1747042240001, 39.9939940390001], [71.2084489340001, 39.88878082300003], [71.00928796400007, 39.8857319130001], [71.04582320100008, 39.992030334999995], [70.95296065300005, 40.07920847600006], [71.00856449400004, 40.15775665300002]]]]}}, {"id": "95", "type": "Feature", "properties": {"name": "East Kazakhstan", "admin": "Kazakhstan"}, "geometry": {"type": "Polygon", "coordinates": [[[87.32379602100013, 49.08527374300009], [86.85948327600005, 49.10532419900004], [86.70941491700012, 48.954222311000066], [86.78946171100006, 48.83913889600011], [86.75199629700006, 48.7154255170001], [86.56508264200005, 48.527323303000074], [85.71867435700011, 48.3588322960001], [85.51537927200008, 47.92028025300006], [85.67898685700004, 47.274893290000094], [85.49863610900013, 47.051831971000084], [85.2258362230001, 47.041574199000095], [84.73961267100009, 46.81476633700008], [84.75160160300004, 46.9179900110001], [84.6635449630001, 46.98385162400011], [83.90534834800013, 46.97395558700002], [83.02147465000007, 47.20590525400006], [82.98550785300006, 46.942510478000074], [82.2745959816192, 45.54838288036564], [82.12504438658914, 45.587656969293676], [82.08453006421104, 45.80573151279907], [81.60476606580124, 46.39019196228918], [81.37325565002817, 46.49390656233794], [80.7794934433677, 46.59198843052161], [80.01871300709956, 46.87954193781013], [79.49140669136568, 46.86202362728852], [79.30847212079169, 47.03103139917971], [78.80462690580703, 47.068729356074925], [78.2752535343231, 47.30429637347885], [78.11009565578985, 47.213862616966196], [77.31624230323968, 47.16394318283159], [77.26425581155644, 47.088960680191235], [76.87637251228159, 47.24468760854626], [76.98199913934877, 47.39426504199804], [77.15997277162609, 47.42855235510706], [77.0718127791364, 47.62572378182705], [77.27107710182673, 48.019601549072206], [77.4092598821378, 48.07114879028444], [77.1713415872444, 48.14827586483926], [77.14891401616887, 48.22320669243487], [77.24802941312686, 48.24961334897682], [76.92660200387934, 48.38330027898468], [77.02096316901498, 48.48613637989001], [77.25753787587223, 48.54427236647649], [77.37339643699596, 48.713926093514374], [77.36130415186506, 48.816503811101995], [76.88825809093811, 48.862547512557626], [76.88546756387694, 48.982591864722735], [77.04659468010038, 49.0531818707467], [76.63008263530531, 49.35233673854964], [76.76929894439075, 49.49163056110149], [77.16917117690826, 49.64495453602302], [77.1940792166825, 49.89951264139523], [77.7328577008222, 50.20256907850012], [78.47276085782727, 50.027179266809696], [78.67088829895579, 50.15580190753201], [78.82023318931022, 50.35119049754343], [78.7177071467674, 50.46392263392238], [78.68845828632084, 50.701091619982265], [78.28248823394483, 50.887643540816725], [78.10720177594118, 51.089982612307665], [78.75801476357043, 51.29684336982564], [78.81671919093787, 51.43789419246298], [79.04109825987678, 51.46027008669512], [79.30432254994571, 51.68637826054828], [80.05498905500014, 50.75287221300009], [80.01540490800011, 50.83948191300003], [80.14273563600005, 50.81710601800005], [80.43904829900009, 50.95813100300005], [80.42199507700008, 51.18757436200009], [80.59924523900014, 51.20855499300008], [80.68275435400011, 51.30201182000009], [81.1520280360001, 51.186540833000024], [81.05151737500012, 50.9557022100001], [81.40079838100013, 50.95911285400011], [81.46022627700006, 50.730341289000066], [81.74413659700008, 50.78491160099999], [82.47582320100008, 50.71401153600003], [82.6727620850001, 50.7897691860001], [82.7264538980001, 50.90071848500004], [82.9758960370001, 50.881908265000035], [83.10756758700006, 50.99265085900002], [83.43395593300005, 50.99265085900002], [83.9505652260001, 50.78041575200005], [84.19561486800006, 50.51143992099999], [84.24997847600014, 50.259930725000046], [84.98672937000003, 50.066970927000014], [85.02543501800005, 50.004080709000036], [84.95458662900012, 49.906929017000024], [85.05628584800013, 49.873339336000086], [85.2236141360001, 49.59573354100009], [85.61485640400008, 49.61712758400007], [86.17725101700012, 49.463338522000086], [86.61019616700014, 49.79551462800005], [86.7483789470001, 49.782957255000056], [86.77587080900014, 49.69500396800005], [86.59934411600011, 49.57351267500003], [86.82434330300003, 49.509227194000076], [86.91302006100011, 49.33869496700005], [87.27175785300011, 49.20511138900004], [87.32379602100013, 49.08527374300009]]]}}, {"id": "96", "type": "Feature", "properties": {"name": "Almaty", "admin": "Kazakhstan"}, "geometry": {"type": "Polygon", "coordinates": [[[82.12504438658914, 45.587656969293676], [82.63198938000005, 45.41583363900007], [82.53974694900006, 45.12365509100009], [82.24529463800008, 45.231813863000056], [81.95011885600007, 45.144480693000034], [81.66522668500005, 45.347982483000024], [80.85385502200012, 45.12649729500005], [80.10335819500006, 45.03218780500002], [79.8582052000001, 44.90372019500002], [79.99173710100007, 44.79364939400001], [80.24474491400008, 44.81597361300008], [80.49227502400004, 44.72796864800007], [80.35584924300008, 44.652882793000074], [80.3388993740001, 44.1214940390001], [80.71272668500006, 43.45887298600006], [80.64286014800007, 43.326219585000004], [80.7934452720001, 43.14946034800009], [80.36814823400005, 43.028459982000086], [80.55449344900006, 42.898933004000114], [80.24825891100005, 42.81619903600004], [80.14376916500004, 42.64476247200004], [80.26841272000013, 42.23796559700013], [80.21032841000005, 42.18951894100006], [79.91794315600009, 42.42444000300007], [79.42567346200013, 42.46960520400005], [79.1482743740001, 42.79098093700007], [77.32812707500005, 42.89756357900005], [76.95688358600006, 42.98851409900006], [76.41407434100006, 42.885497131000065], [75.58260135336974, 42.98027090098128], [75.65112430184502, 43.01706452121067], [75.36535363126501, 43.15777944616451], [75.29714074115225, 43.297719224762375], [75.4281921728305, 43.468483994940414], [75.01798465436826, 43.562715968866826], [75.27295617089055, 43.87711538316836], [75.32649295438631, 44.0783434115192], [75.14882937957219, 44.22076365791645], [74.6105676611686, 44.4128707953509], [74.5395642430953, 44.65533661649164], [74.1556083524435, 44.90759512031855], [74.09463016105303, 45.059937242409774], [73.89981001182258, 45.07763642008467], [73.81320031114541, 45.17217845327298], [73.84678999226429, 45.25832306595669], [74.09411339711556, 45.26933014636916], [74.05638960179863, 45.77679271071503], [74.1843404480532, 45.95585154950936], [74.76187625538483, 46.39951955788126], [75.40276736821943, 46.67947663034221], [76.52021854035331, 46.61358917929715], [76.72237674289232, 46.68371409822703], [76.93528364522399, 46.56020742453302], [76.84019900877718, 46.690742092273695], [77.22766889780138, 46.55855377903367], [77.59963585790848, 46.675755927294176], [77.58092898988093, 47.17484691045655], [78.04622358634941, 47.25964793600343], [78.11009565578985, 47.213862616966196], [78.2752535343231, 47.30429637347885], [78.80462690580703, 47.068729356074925], [79.30847212079169, 47.03103139917971], [79.49140669136568, 46.86202362728852], [80.01871300709956, 46.87954193781013], [80.7794934433677, 46.59198843052161], [81.37325565002817, 46.49390656233794], [81.60476606580124, 46.39019196228918], [81.91348107319294, 46.063493557281845], [82.13972049410546, 45.688994452531915], [82.12504438658914, 45.587656969293676]], [[76.9617682262226, 43.19233568804157], [77.03114880777122, 43.288033041591575], [76.99633568804154, 43.401158385850806], [76.80865245964327, 43.271286004945125], [76.9617682262226, 43.19233568804157]]]}}, {"id": "97", "type": "Feature", "properties": {"name": "Khujand", "admin": "Tajikistan"}, "geometry": {"type": "MultiPolygon", "coordinates": [[[[70.5614600020001, 40.99460479800008], [70.61665043200009, 40.993519592], [70.64507246900013, 40.93517690000006], [70.5614600020001, 40.99460479800008]]], [[[70.95895511900011, 40.23837188800012], [70.66594974800006, 40.10416819300006], [70.47722741700011, 39.90092478500013], [70.52549320500003, 40.033681539], [69.96955814600005, 40.211603495000034], [69.51800948100009, 40.12509714800005], [69.50157637500013, 39.92247385700007], [69.40535485800007, 39.89611887600002], [69.31032190000013, 39.984795635000026], [69.22629602000012, 39.751011455000096], [69.30034834800006, 39.51562530500006], [70.13244226100011, 39.550041809999996], [70.20065515200014, 39.61949493400006], [70.22328942900009, 39.51908762699999], [70.47722741700011, 39.60120147700009], [70.65556359208608, 39.49464386752044], [70.12453657420349, 39.306696681806386], [69.73634321476754, 39.29336416322553], [69.5589896992152, 39.07208567971031], [69.50044030057938, 39.18579966891957], [69.40287519723256, 39.180296129163025], [69.3468579450381, 39.099112453876614], [69.06553144701866, 39.03038279892701], [68.76074385004858, 39.07554800123927], [68.4747664729943, 38.94005239520186], [68.15338640675725, 38.899402540494805], [68.0772705490001, 38.99552785300004], [67.69052412900004, 38.989610901000034], [67.66757979300007, 39.131772767000044], [67.35007979400012, 39.21982940700006], [67.42728438300009, 39.47660959900004], [67.68044722500008, 39.61412058600011], [68.51745039900004, 39.54843984000006], [68.62617761200005, 39.84961008800009], [68.74162276200013, 39.81963775700005], [68.78735640500014, 39.881701152000105], [68.75888269000012, 39.98055816700007], [68.88078739500014, 39.8783421830001], [68.7746956790001, 40.07988027000006], [68.98698246200007, 40.09171417300006], [68.58111576400012, 40.16421620800007], [69.28525883000003, 40.19496368500002], [69.20836429900004, 40.298316549000006], [69.31269901600007, 40.3428099580001], [69.19844242400006, 40.566517233000084], [69.30934004800008, 40.59581776900005], [69.38525272600009, 40.79611562200007], [69.69091882300006, 40.630027568000045], [70.28039188600013, 40.87771270800003], [70.36353926600003, 41.032431946000074], [70.44570479300012, 41.0259207160001], [70.70512048300003, 40.807432760000026], [70.63742435700004, 40.770587463000126], [70.76713220300007, 40.737617900000075], [70.36963708500008, 40.47551503600006], [70.37139408300004, 40.36492747000001], [70.52404626500004, 40.343740133000054], [70.62212813300005, 40.199562887000084], [70.95895511900011, 40.23837188800012]]], [[[70.48373864800004, 39.882217916000045], [70.69891931200004, 39.858446757000095], [70.70481042500012, 39.82206654900001], [70.58161381100007, 39.76656606000002], [70.48373864800004, 39.882217916000045]]]]}}, {"id": "252", "type": "Feature", "properties": {"name": "Issyk-Kul", "admin": "Kyrgyzstan"}, "geometry": {"type": "Polygon", "coordinates": [[[80.21032841000005, 42.18951894100006], [80.23120568900003, 42.03368866000001], [79.84290897700004, 42.00183013900006], [79.7475142830001, 41.87974456799999], [78.67212772700003, 41.53844757100005], [78.35989872300007, 41.37752716100003], [78.2313351098274, 41.172855896282556], [78.13639896044361, 41.252004298759346], [77.6546195822279, 41.22668284783515], [77.6306933943846, 41.314093533289906], [77.35499962823025, 41.26321808474677], [77.41721805217134, 41.38088532190005], [77.28342776937603, 41.49971527813756], [77.34425093023623, 41.626968492402], [76.66367231642425, 41.60231883414684], [76.73193688338046, 41.7611205104032], [76.45061038626028, 41.813985501229865], [76.6206775253475, 41.85320791331452], [76.65421552872363, 41.94141958354692], [76.02236779243964, 42.011156927949855], [76.09047732886557, 42.106319077863134], [75.98309370261228, 42.20225637503165], [75.95394819495323, 42.37529490833333], [75.77251224204628, 42.351885484427555], [75.63706831195299, 42.459785875517696], [75.8365910179611, 42.590036323317634], [76.1581217790968, 42.60404063636628], [76.48352827291143, 42.77534800890345], [77.1251428570572, 42.807852485303954], [77.21189028171108, 42.909943689449676], [78.4295585540001, 42.88066538500006], [78.99293501800008, 42.75713287399999], [79.17338911900009, 42.78563242600002], [79.20635868400007, 42.65646718300003], [79.42567346200013, 42.46960520400005], [79.91794315600009, 42.42444000300007], [80.21032841000005, 42.18951894100006]]]}}, {"id": "253", "type": "Feature", "properties": {"name": "Naryn", "admin": "Kyrgyzstan"}, "geometry": {"type": "Polygon", "coordinates": [[[78.2313351098274, 41.172855896282556], [78.05717818200003, 41.034343974000095], [76.86097212800013, 41.01320831300005], [76.44911096200008, 40.41551869700005], [76.31351200400007, 40.343326721000025], [76.24416223100013, 40.44120188400002], [75.68181929600013, 40.291701966000105], [75.55986291500011, 40.63286977200001], [75.21249393800008, 40.44471588200007], [75.03906783100007, 40.441098531000094], [74.58886355960556, 40.5539073762244], [74.22206424337008, 40.81334890372892], [74.04171349518163, 40.97202138877606], [74.14553144711857, 41.07713125280503], [74.07664676343734, 41.152992255488186], [74.3986426125665, 41.21164500601219], [74.34262536037204, 41.294223945278816], [74.64705122303548, 41.381143704318504], [74.75195437969086, 41.61174978342575], [74.0763367041755, 41.564956773136544], [73.91185062010999, 41.66660431653594], [74.01907921673245, 41.68980703396744], [74.12646284388512, 41.60309398050276], [74.10021121607474, 41.72386180307973], [73.9774796887366, 41.74398977350921], [73.97158857625175, 41.846748359149444], [73.72255984905775, 41.89563426450968], [73.99737511606872, 41.996093247705176], [74.13871015774754, 41.86437002245856], [74.31978437724717, 42.01567861577547], [74.34076500839836, 42.2379131127999], [74.8771663757276, 42.30067413999956], [74.8192887706602, 42.42361237201334], [75.63706831195299, 42.459785875517696], [75.77251224204628, 42.351885484427555], [75.95394819495323, 42.37529490833333], [75.98309370261228, 42.20225637503165], [76.09047732886557, 42.106319077863134], [76.02236779243964, 42.011156927949855], [76.65421552872363, 41.94141958354692], [76.6206775253475, 41.85320791331452], [76.45061038626028, 41.813985501229865], [76.73193688338046, 41.7611205104032], [76.66367231642425, 41.60231883414684], [77.34425093023623, 41.626968492402], [77.28342776937603, 41.49971527813756], [77.41721805217134, 41.38088532190005], [77.35499962823025, 41.26321808474677], [77.6306933943846, 41.314093533289906], [77.6546195822279, 41.22668284783515], [78.13639896044361, 41.252004298759346], [78.2313351098274, 41.172855896282556]]]}}, {"id": "254", "type": "Feature", "properties": {"name": "Osh", "admin": "Kyrgyzstan"}, "geometry": {"type": "Polygon", "coordinates": [[[74.8323121418918, 40.50811611806438], [74.78740360500012, 40.42073801700006], [74.8621277260001, 40.32617014600008], [74.70575484200003, 40.331286113000075], [74.33378788300007, 40.09372955300002], [73.96636844900013, 40.033268128000074], [73.82301802600006, 39.805685120000064], [73.92678430200004, 39.592881572000024], [73.82074426200006, 39.46818634100005], [73.47688928200012, 39.46477569600002], [73.16786421700004, 39.355376689000096], [72.51901493300005, 39.3756855270001], [72.3163399660001, 39.32881500300009], [72.22890344200005, 39.18923695900007], [72.0497929280001, 39.36886423700007], [71.75120650200006, 39.27424469000006], [71.74025109900009, 39.44834259000005], [71.49210087100005, 39.493662821000086], [71.55121951676728, 39.66884511990634], [71.71338016086571, 39.73842743647697], [72.09588911339182, 39.63261994135718], [72.52800743989138, 39.739331773142794], [72.48129194486734, 39.86128815412496], [72.28254438701384, 39.95688955271066], [72.21210940882213, 40.28751536724036], [71.95667199800005, 40.315679831000026], [72.18270471200009, 40.45779001900003], [72.3940613200001, 40.38942209900007], [72.35189335100006, 40.60196726500003], [72.6254683840001, 40.51049998000006], [72.78390832600013, 40.6696633910001], [73.11804813700013, 40.78293813100008], [73.26930586087673, 41.004009101239035], [73.46278242386973, 41.09498546011088], [73.67010827028042, 41.13924632395867], [73.58969974224925, 41.01046865540411], [73.70560997931705, 40.95269440402353], [73.88048302617068, 41.12338165983573], [73.92766360918819, 41.01744497350671], [74.58886355960556, 40.5539073762244], [74.8323121418918, 40.50811611806438]]]}}, {"id": "259", "type": "Feature", "properties": {"name": "Jambyl", "admin": "Kazakhstan"}, "geometry": {"type": "Polygon", "coordinates": [[[75.20463911900009, 42.845189515000115], [74.17875858500014, 43.26170155800007], [74.21389856000008, 43.20263539700004], [73.96533492000003, 43.21692393000011], [73.90166955600006, 43.13096018500006], [73.5709403890001, 43.03192230300006], [73.4127071530001, 42.62732167600011], [73.5051046150001, 42.40294260700004], [71.84773807800008, 42.83405324300007], [71.24544925900005, 42.74713348400006], [71.14276818900004, 42.60254282600009], [71.00319014500008, 42.563527121000064], [71.06416833500009, 42.47032867500006], [70.96195235200008, 42.468106588000055], [70.8849035993216, 42.33901805294079], [70.32318078016885, 42.7011148141973], [70.25620812440536, 42.983216458572656], [70.10324588379046, 43.15659088775925], [69.67422814271458, 43.26412954454281], [69.53098107311797, 43.41249258116767], [69.91121626162112, 44.1705341663187], [69.80465945766781, 44.663320624047515], [69.51620161281414, 45.388754380909916], [69.1707963397792, 45.9368862981641], [74.1843404480532, 45.95585154950936], [74.05638960179863, 45.77679271071503], [74.09411339711556, 45.26933014636916], [73.84678999226429, 45.25832306595669], [73.81320031114541, 45.17217845327298], [73.89981001182258, 45.07763642008467], [74.09463016105303, 45.059937242409774], [74.1556083524435, 44.90759512031855], [74.5395642430953, 44.65533661649164], [74.6105676611686, 44.4128707953509], [75.14882937957219, 44.22076365791645], [75.32649295438631, 44.0783434115192], [75.27295617089055, 43.87711538316836], [75.01798465436826, 43.562715968866826], [75.4281921728305, 43.468483994940414], [75.29714074115225, 43.297719224762375], [75.33558800598166, 43.19508983033137], [75.65112430184502, 43.01706452121067], [75.58260135336974, 42.98027090098128], [75.80705855990459, 42.93677099488548], [75.64616255700014, 42.806096294000085], [75.20463911900009, 42.845189515000115]]]}}, {"id": "260", "type": "Feature", "properties": {"name": "Chuy", "admin": "Kyrgyzstan"}, "geometry": {"type": "Polygon", "coordinates": [[[74.17875858500014, 43.26170155800007], [75.20463911900009, 42.845189515000115], [75.64616255700014, 42.806096294000085], [75.79716109300006, 42.936191712000024], [76.41407434100006, 42.885497131000065], [76.95688358600006, 42.98851409900006], [77.222294549254, 42.88490204549299], [77.09832278756653, 42.80126373992965], [76.48352827291143, 42.77534800890345], [76.1581217790968, 42.60404063636628], [75.8365910179611, 42.590036323317634], [75.5355757990838, 42.4085745310897], [74.8192887706602, 42.42361237201334], [74.8771663757276, 42.30067413999956], [74.34076500839836, 42.2379131127999], [74.31978437724717, 42.01567861577547], [74.13871015774754, 41.86437002245856], [73.99737511606872, 41.996093247705176], [73.80090132043955, 41.95759430603238], [73.75201541507931, 42.02115631800967], [73.38180545415833, 42.01914093730437], [73.12249311696377, 42.12208039009789], [73.08817996633235, 42.24310659419393], [73.53089196209436, 42.288995266018674], [73.69010704860136, 42.40981476543902], [73.58039798417957, 42.490636705519535], [73.50507740900008, 42.42155711600013], [73.41001997900014, 42.58964955600008], [73.5709403890001, 43.03192230300006], [73.90166955600006, 43.13096018500006], [73.96533492000003, 43.21692393000011], [74.21389856000008, 43.20263539700004], [74.17875858500014, 43.26170155800007]], [[74.58188724240227, 42.778732815167245], [74.61775068574553, 42.93779287384206], [74.50370079885278, 42.874954332276616], [74.58188724240227, 42.778732815167245]]]}}, {"id": "261", "type": "Feature", "properties": {"name": "Talas", "admin": "Kyrgyzstan"}, "geometry": {"type": "Polygon", "coordinates": [[[73.47688928200012, 42.3990668740001], [73.57559207461452, 42.49058502957541], [73.69165734221252, 42.42940013350932], [73.59156009332361, 42.30824473730473], [73.08817996633235, 42.24310659419393], [73.11226118380654, 42.13934031820111], [72.83465538883507, 42.05981028931336], [72.38326175262773, 42.20646800449481], [72.06188602112292, 42.071695867969936], [70.85265669800003, 42.30607513500003], [70.96195235200008, 42.468106588000055], [71.06416833500009, 42.47032867500006], [71.00319014500008, 42.563527121000064], [71.14276818900004, 42.60254282600009], [71.24544925900005, 42.74713348400006], [71.84773807800008, 42.83405324300007], [72.72582401500006, 42.652875672000064], [72.87454878800008, 42.54399342900008], [73.27834843000011, 42.51340098100006], [73.47688928200012, 42.3990668740001]]]}}, {"id": "262", "type": "Feature", "properties": {"name": "Turkistan", "admin": "Kazakhstan"}, "geometry": {"type": "Polygon", "coordinates": [[[70.88882503284896, 42.338575311301554], [70.8581344000001, 42.29106313100006], [70.94779300900007, 42.24814585400007], [70.73426599100003, 42.19729624400007], [70.61024255300003, 42.02740997300002], [70.3579065350001, 42.06223988900008], [69.91240401200014, 41.712855530000056], [69.62456628400014, 41.668310446000035], [69.39377933800012, 41.54495880200004], [69.40235762600014, 41.47483388300007], [69.03617842600005, 41.37401316300007], [69.03121748900008, 41.20875193300007], [68.57088383000013, 40.913524475000074], [68.59300134300014, 40.59948679600005], [68.46174320500006, 40.58465566000011], [67.99091923100013, 40.81110178700003], [68.13132409700012, 41.0296414190001], [68.03437911000009, 41.04271555600006], [67.93743412300012, 41.20038035100002], [66.81528039600005, 41.14188263000001], [66.68820804900008, 41.19919179300008], [66.50413659700007, 41.993484395000095], [66.00866296400005, 42.002656962000074], [66.01315936400005, 42.37286994600005], [66.18431196542485, 42.35289317478015], [66.4966443221777, 42.578693346120986], [66.73611290888363, 42.60892405939779], [67.92436079261648, 43.160363268549986], [67.97128299321554, 43.19565827111228], [67.86710330607269, 43.32154205981817], [67.79310265536321, 43.348232937200294], [67.76344038286737, 43.265163072417806], [67.74814415862596, 43.36236644145811], [67.93862348808346, 43.7072291121338], [68.04104617693946, 43.66462189378535], [68.04476687998749, 43.84959768348625], [68.20289676267544, 43.90801789001358], [67.86369266138718, 44.21358063423884], [67.60727420404123, 44.31042226807318], [67.59352827341104, 45.07166779233472], [67.29215132022722, 45.253465481346836], [67.43612186113495, 45.6983995633891], [67.27571821532337, 45.95766022374033], [69.1707963397792, 45.9368862981641], [69.51620161281414, 45.388754380909916], [69.80465945766781, 44.663320624047515], [69.91121626162112, 44.1705341663187], [69.53098107311797, 43.41249258116767], [69.67422814271458, 43.26412954454281], [70.10324588379046, 43.15659088775925], [70.25620812440536, 42.983216458572656], [70.32318078016885, 42.7011148141973], [70.88882503284896, 42.338575311301554]]]}}, {"id": "303", "type": "Feature", "properties": {"name": "Jalal-Abad", "admin": "Kyrgyzstan"}, "geometry": {"type": "Polygon", "coordinates": [[[70.16654870600007, 41.52020579000002], [71.27516401630629, 42.2042717557369], [71.62723554908132, 42.20287649175668], [72.06188602112292, 42.071695867969936], [72.35142907069502, 42.20620962207636], [72.8177055199937, 42.06115387645019], [73.11226118380654, 42.13934031820111], [73.38180545415833, 42.01914093730437], [73.77470136857329, 42.01335317580839], [73.72519534738734, 41.887417711158434], [73.97158857625175, 41.846748359149444], [73.9774796887366, 41.74398977350921], [74.10021121607474, 41.72386180307973], [74.12646284388512, 41.60309398050276], [74.01907921673245, 41.68980703396744], [73.91185062010999, 41.66660431653594], [74.0763367041755, 41.564956773136544], [74.75288455567767, 41.60255137814357], [74.64705122303548, 41.381143704318504], [74.34262536037204, 41.294223945278816], [74.3986426125665, 41.21164500601219], [74.08284793518402, 41.15878001608485], [74.14382612477579, 41.068501288303764], [74.04171349518163, 40.97202138877606], [73.87025109211419, 41.126740628577124], [73.71170779827622, 40.95336619669263], [73.63564009001811, 40.9762846950826], [73.58969974224925, 41.01046865540411], [73.66452721525877, 41.13971141195208], [73.27798750222144, 41.01088206655413], [73.26088260284979, 40.904351101022485], [73.1350415550001, 40.83527384400004], [72.87031132000004, 40.81818145800007], [72.61947391800004, 40.88008982400008], [72.33235966000007, 41.072842917000045], [72.16513472500003, 40.99935903000009], [72.15841678900011, 41.187874654], [71.87161259000004, 41.1944892370001], [71.84701460800005, 41.341818746000044], [71.74521203600011, 41.452819723000076], [71.67193485500013, 41.425482890000055], [71.67141809100008, 41.547387594000085], [71.59545373600014, 41.493747457000026], [71.58553186100005, 41.323525289000074], [71.41877201400013, 41.34739980100004], [71.41608483900006, 41.12736155200007], [71.27614506100008, 41.11315053300011], [71.20638187700013, 41.188753154000054], [71.18013024900006, 41.10813791900004], [70.77043949400007, 41.238517558000055], [70.66781009900006, 41.471371562000044], [70.45319787600005, 41.405484111000035], [70.16654870600007, 41.52020579000002]]]}}, {"id": "304", "type": "Feature", "properties": {"name": "Tashkent", "admin": "Uzbekistan"}, "geometry": {"type": "Polygon", "coordinates": [[[71.24986822800008, 42.19838531500004], [70.84547367400006, 42.03035553000011], [70.81400272600013, 41.91953542100002], [70.64894820200004, 41.887392680000076], [70.1482552490001, 41.552451884000064], [70.47078170880877, 41.40487907580865], [70.39718143087828, 41.30644542071957], [70.45800635800003, 41.01573663300009], [70.36353926600003, 41.032431946000074], [70.28039188600013, 40.87771270800003], [69.69091882300006, 40.630027568000045], [69.36928470900006, 40.789397685000026], [69.30934004800008, 40.59581776900005], [69.19844242400006, 40.566517233000084], [69.31269901600007, 40.3428099580001], [69.20836429900004, 40.298316549000006], [69.28525883000003, 40.19496368500002], [69.07363981700007, 40.216940714000046], [69.12144534732488, 40.58837555648671], [68.64952445069281, 40.9516906023394], [69.03121748900008, 41.20875193300007], [69.03617842600005, 41.37401316300007], [69.40235762600014, 41.47483388300007], [69.39377933800012, 41.54495880200004], [69.62456628400014, 41.668310446000035], [69.91240401200014, 41.712855530000056], [70.3579065350001, 42.06223988900008], [70.47019942200006, 42.09161794000006], [70.57902998900005, 42.01624786400008], [70.73426599100003, 42.19729624400007], [71.01404219500006, 42.28770416300004], [71.24986822800008, 42.19838531500004]], [[69.24344757664431, 41.21917234592701], [69.36376974557726, 41.29849779163976], [69.2231723458271, 41.40327588497411], [69.13606880762933, 41.28282765357335], [69.24344757664431, 41.21917234592701]]]}}, {"id": "305", "type": "Feature", "properties": {"name": "Namangan", "admin": "Uzbekistan"}, "geometry": {"type": "Polygon", "coordinates": [[[70.39718143087828, 41.30644542071957], [70.66781009900006, 41.471371562000044], [70.77043949400007, 41.238517558000055], [71.3936572670001, 41.1127371220001], [71.41877201400013, 41.34739980100004], [71.58553186100005, 41.323525289000074], [71.59545373600014, 41.493747457000026], [71.67141809100008, 41.547387594000085], [71.67193485500013, 41.425482890000055], [71.74521203600011, 41.452819723000076], [71.84701460800005, 41.341818746000044], [71.87161259000004, 41.1944892370001], [72.15841678900011, 41.187874654], [72.19548649660447, 41.006357791378946], [72.14772057544417, 40.89750397412905], [71.64423709476608, 40.88995921524554], [71.6106474136472, 40.79577891726319], [71.29392256117723, 40.62036326805037], [71.06334231959232, 40.69632762352097], [71.126956008413, 40.762292588931814], [70.75629278558358, 40.69557805118609], [70.45800635800003, 41.01573663300009], [70.39718143087828, 41.30644542071957]], [[70.60838220200003, 40.950938212000025], [70.61665043200009, 40.993519592], [70.54978112800012, 41.015223694], [70.60838220200003, 40.950938212000025]]]}}, {"id": "306", "type": "Feature", "properties": {"name": "Andijan", "admin": "Uzbekistan"}, "geometry": {"type": "Polygon", "coordinates": [[[72.33235966000007, 41.072842917000045], [72.65823124200011, 40.867170716000075], [73.14864058400013, 40.81368560800003], [72.78390832600013, 40.6696633910001], [72.6254683840001, 40.51049998000006], [72.35189335100006, 40.60196726500003], [72.42620406100013, 40.459340312000066], [72.3704968670001, 40.385649720000046], [72.21164351400006, 40.4255956010001], [72.2636300050001, 40.45251902300002], [72.2076135603175, 40.569978745922356], [71.64759606260816, 40.69534577069072], [71.58181196524998, 40.774255682853436], [71.64423709476608, 40.88995921524554], [72.15376671666064, 40.89954519325602], [72.33235966000007, 41.072842917000045]]]}}, {"id": "307", "type": "Feature", "properties": {"name": "Batken", "admin": "Kyrgyzstan"}, "geometry": {"type": "Polygon", "coordinates": [[[71.83647261600004, 40.249172262000044], [72.21210940882213, 40.28751536724036], [72.28254438701384, 39.95688955271066], [72.48129194486734, 39.86128815412496], [72.52800743989138, 39.739331773142794], [72.09588911339182, 39.63261994135718], [71.71338016086571, 39.73842743647697], [71.50965448300008, 39.58499810000002], [70.77012943500006, 39.38209340400006], [70.62212813300005, 39.56352935800005], [70.47722741700011, 39.60120147700009], [70.22328942900009, 39.51908762699999], [70.20065515200014, 39.61949493400006], [70.13244226100011, 39.550041809999996], [69.30034834800006, 39.51562530500006], [69.22629602000012, 39.751011455000096], [69.31032190000013, 39.984795635000026], [69.40535485800007, 39.89611887600002], [69.50157637500013, 39.92247385700007], [69.51800948100009, 40.12509714800005], [69.96955814600005, 40.211603495000034], [70.52549320500003, 40.033681539], [70.47722741700011, 39.90092478500013], [70.66594974800006, 40.10416819300006], [71.2538208410001, 40.3244131470001], [71.52124637800006, 40.20374867800011], [71.62831994600003, 40.258887431000076], [71.69332889800012, 40.1411168420001], [71.83647261600004, 40.249172262000044]], [[71.66552697800006, 39.940198873], [71.7671228430001, 39.915445862000084], [71.7855196540001, 39.98970489500006], [71.66552697800006, 39.940198873]], [[71.24400231900006, 40.046755677000064], [71.00856449400004, 40.15775665300002], [70.95404585800014, 40.09579661100007], [71.04582320100008, 39.992030334999995], [71.0218970140001, 39.88082265200008], [71.2084489340001, 39.88878082300003], [71.1747042240001, 39.9939940390001], [71.24400231900006, 40.046755677000064]], [[70.49872481300014, 39.881907858000076], [70.58161381100007, 39.76656606000002], [70.70481042500012, 39.82206654900001], [70.69891931200004, 39.858446757000095], [70.49872481300014, 39.881907858000076]]]}}, {"id": "330", "type": "Feature", "properties": {"name": "districts of Republican Subordination", "admin": "Tajikistan"}, "geometry": {"type": "Polygon", "coordinates": [[[71.45954471800007, 39.61210520500005], [71.51287479700011, 39.45883290700003], [71.74025109900009, 39.44834259000005], [71.75120650200006, 39.27424469000006], [72.0497929280001, 39.36886423700007], [72.20327193200006, 39.24081003800008], [72.22048099180432, 39.12810293190478], [72.0269527528672, 38.956743883423485], [72.06266116657952, 38.80807078753679], [71.97424279167149, 38.73595632632339], [71.60460127063209, 38.63746104609038], [71.42693769671729, 38.475067857095894], [71.0417932467609, 38.6065843785662], [70.9932174006625, 38.80615875871973], [70.64781212762756, 38.77548879677056], [70.43909101813597, 38.51568553316082], [70.35330813975884, 38.606739407297766], [70.16396569186315, 38.54594208395997], [70.16040001844607, 38.63180247670289], [69.98692223467339, 38.73376007756548], [69.7970113459968, 38.59469879811104], [69.71319217328016, 38.61583445889312], [69.37383304236096, 38.3252578805467], [69.18113162572394, 38.436517239478974], [68.60928022710078, 38.32815176039543], [68.46065880715821, 37.91016693815362], [68.23802450662566, 37.94271605600119], [68.36066410300003, 38.17405344700002], [68.0551530350001, 38.536305237000064], [68.03763472500003, 38.69164459200006], [68.15338640675725, 38.899402540494805], [68.4747664729943, 38.94005239520186], [68.76074385004858, 39.07554800123927], [69.06553144701866, 39.03038279892701], [69.3468579450381, 39.099112453876614], [69.40287519723256, 39.180296129163025], [69.50044030057938, 39.18579966891957], [69.5589896992152, 39.07208567971031], [69.73634321476754, 39.29336416322553], [70.12453657420349, 39.306696681806386], [70.65556359208608, 39.49464386752044], [70.73974369300004, 39.38622751900009], [70.97714522300004, 39.39490916000004], [71.09589766400012, 39.51236969000006], [71.45954471800007, 39.61210520500005]], [[68.86123788971679, 38.55705499569149], [68.76454090014238, 38.65822869799598], [68.68933213077321, 38.54989225622262], [68.74797706439, 38.469311431577296], [68.86123788971679, 38.55705499569149]]]}}, {"id": "331", "type": "Feature", "properties": {"name": "Gorno-Badakhshan", "admin": "Tajikistan"}, "geometry": {"type": "Polygon", "coordinates": [[[73.16786421700004, 39.355376689000096], [73.63264204900014, 39.44834259000005], [73.60783736200011, 39.20732371000007], [73.82611861200013, 38.97689849900006], [73.68080448400013, 38.87297719300004], [73.81640344300007, 38.58658640600002], [74.02889693200012, 38.52723602400009], [74.12336145000006, 38.66947540300005], [74.33420129400008, 38.66699493400007], [74.83287886600004, 38.463648173000095], [74.79071089700011, 38.08144928000006], [74.96144982900012, 37.78547251500005], [74.89189335200007, 37.59920481400003], [75.16412479700006, 37.40063812300009], [75.06842004400005, 37.312142233000046], [74.89230676300008, 37.231113587000024], [74.66038293500009, 37.39397186300006], [74.31559777900003, 37.42691558800003], [73.70922652200005, 37.21700592000009], [73.59729536900005, 37.26180938700007], [73.73909550000008, 37.33834218400007], [73.75346154800008, 37.428388367000125], [73.29633182800006, 37.464949443000066], [72.7907296140001, 37.22026153600008], [72.65771447800006, 37.02882619200007], [72.25980594900005, 36.96730540000006], [71.69994348200004, 36.678640849000104], [71.56393111200009, 36.75067779600009], [71.43318973800012, 37.054741924], [71.59772749900003, 37.89835968100003], [71.25826501500012, 37.92647165900006], [71.3343843990001, 38.280661927], [70.98680871600004, 38.470908711999996], [70.76108606000014, 38.443520203000034], [70.60001062000003, 38.34706614200003], [70.4703027750001, 38.12051666300009], [70.27491499243291, 38.02406179541549], [70.34193932503979, 38.418275458545565], [70.66316002781298, 38.78339529085997], [71.0063948914111, 38.80269643809015], [71.0417932467609, 38.6065843785662], [71.42693769671729, 38.475067857095894], [71.60460127063209, 38.63746104609038], [72.06266116657952, 38.80807078753679], [72.0269527528672, 38.956743883423485], [72.3163399660001, 39.32881500300009], [72.63373661300005, 39.39449574800004], [73.16786421700004, 39.355376689000096]]]}}, {"id": "962", "type": "Feature", "properties": {"name": "Sirdaryo", "admin": "Uzbekistan"}, "geometry": {"type": "MultiPolygon", "coordinates": [[[[69.07363981700007, 40.216940714000046], [68.64273231284591, 40.183691497764414], [68.668449740663, 40.28229604832393], [68.36443729004884, 40.22565867850517], [68.09179243427337, 40.27976390188252], [68.21674604699245, 40.5161577424858], [68.17018558069998, 40.59222544984459], [68.26649657765489, 40.66270263501855], [68.61424035700009, 40.60909861300006], [68.54969649300006, 40.83502797400003], [68.64952445069281, 40.9516906023394], [69.12144534732488, 40.58837555648671], [69.07363981700007, 40.216940714000046]]], [[[68.9306551520001, 40.14680125000005], [68.97726729300007, 40.06489410400009], [68.76172489400011, 40.06148345900006], [68.88078739500014, 39.8783421830001], [68.75888269000012, 39.98055816700007], [68.74834069800005, 39.82614898700011], [68.6402759800389, 39.84813645907607], [68.65382531088937, 40.06825226532976], [68.9306551520001, 40.14680125000005]]]]}}, {"id": "963", "type": "Feature", "properties": {"name": "Jizzakh", "admin": "Uzbekistan"}, "geometry": {"type": "Polygon", "coordinates": [[[68.668449740663, 40.28229604832393], [68.58111576400012, 40.16421620800007], [68.69654497956714, 40.11173935248911], [68.60033939700014, 39.64285268200011], [68.51745039900004, 39.54843984000006], [67.71760258000006, 39.62337066700012], [67.43648278785037, 39.485704651348556], [67.29700890483707, 39.66486603443991], [67.49983890184382, 39.81638133423115], [67.45994469619075, 39.93818268558243], [66.94788292785478, 40.064893297487686], [66.8935709980031, 40.468822129837406], [66.62015099497239, 40.49509959606951], [66.80122521267339, 40.77521169726202], [66.765258417442, 40.88724620255016], [66.63549889515787, 40.9346593295644], [66.6142598806889, 41.084159246851755], [66.757890443689, 41.153140136408126], [67.93743412300012, 41.20038035100002], [68.03437911000009, 41.04271555600006], [68.13132409700012, 41.0296414190001], [67.99091923100013, 40.81110178700003], [68.26649657765489, 40.66270263501855], [68.17018558069998, 40.59222544984459], [68.21674604699245, 40.5161577424858], [68.10006066266942, 40.24436554653272], [68.668449740663, 40.28229604832393]]]}}, {"id": "964", "type": "Feature", "properties": {"name": "Samarqand", "admin": "Uzbekistan"}, "geometry": {"type": "Polygon", "coordinates": [[[67.43648278785037, 39.485704651348556], [67.38025883000012, 39.29233144100006], [66.91403486521682, 39.29605133749919], [66.87372724841373, 39.40508860925189], [66.68857059066022, 39.43056508980703], [66.5105969583829, 39.3401313341937], [66.38879560703162, 39.397853908730895], [66.05284712079794, 39.31953827577081], [65.80877933100129, 39.55469188112539], [65.68258548393288, 39.483378403790255], [65.25558312356225, 39.49180166271651], [65.12148278240443, 39.85317495446054], [65.43526207908167, 39.90572988512605], [65.51251834484572, 40.14685211823064], [65.87859419066933, 40.015749009709], [66.1054537292062, 40.05574656814957], [66.18410525895052, 40.118430080983444], [66.117701043968, 40.147343045545085], [66.22989057798776, 40.57778188722432], [66.51168216310134, 40.625634263810184], [66.62805748906186, 40.49065542350894], [66.8935709980031, 40.468822129837406], [66.94788292785478, 40.064893297487686], [67.45994469619075, 39.93818268558243], [67.49983890184382, 39.81638133423115], [67.29700890483707, 39.66486603443991], [67.43648278785037, 39.485704651348556]]]}}, {"id": "965", "type": "Feature", "properties": {"name": "Qashqadaryo", "admin": "Uzbekistan"}, "geometry": {"type": "Polygon", "coordinates": [[[67.35869724096084, 39.290430623357466], [67.37819177300008, 39.19949473100006], [67.67672652200008, 39.11962880500006], [67.67325419892211, 39.00297802171832], [67.5156518900227, 38.952454738695224], [67.53208499492655, 38.70456289306304], [67.39431562666482, 38.71319285756431], [66.63652366993136, 37.96659313276683], [65.87668135600012, 38.272962138000096], [65.60413985200006, 38.237408753000054], [64.36756630294252, 38.940374045825536], [64.8847013690729, 39.16378550899401], [64.84542728104418, 39.266595771477625], [65.13781253362151, 39.46425812371342], [65.68258548393288, 39.483378403790255], [65.76779992062978, 39.55675893777476], [66.05284712079794, 39.31953827577081], [66.38879560703162, 39.397853908730895], [66.5105969583829, 39.3401313341937], [66.68857059066022, 39.43056508980703], [66.87372724841373, 39.40508860925189], [66.91403486521682, 39.29605133749919], [67.35869724096084, 39.290430623357466]]]}}, {"id": "966", "type": "Feature", "properties": {"name": "Surxondaryo", "admin": "Uzbekistan"}, "geometry": {"type": "Polygon", "coordinates": [[[67.51828738835223, 38.95989614479123], [68.10093835400005, 38.97927561500002], [68.17256189000011, 38.845278626000024], [68.06672855600004, 38.78796946200005], [68.0551530350001, 38.536305237000064], [68.36066410300003, 38.17405344700002], [68.24873295100008, 37.948950907000054], [68.12222904500004, 37.90833323200003], [67.8292236740001, 37.52794301400009], [67.78054447500011, 37.18886810300005], [67.50314538600014, 37.281963196000035], [67.25912927200011, 37.18514740000005], [67.00591475400012, 37.38438588500007], [66.49483483900008, 37.37942494800002], [66.5188127030001, 37.782707825], [66.6984924663542, 38.07545400609746], [67.12368615069528, 38.38721792296877], [67.40067182804239, 38.71805044217416], [67.52851932240878, 38.70110057243346], [67.51828738835223, 38.95989614479123]]]}}, {"id": "967", "type": "Feature", "properties": {"name": "Khatlon", "admin": "Tajikistan"}, "geometry": {"type": "Polygon", "coordinates": [[[67.77305139200007, 37.1099840290001], [67.8718567300001, 37.58680247000008], [68.13995406100014, 37.92269928000003], [68.46065880715821, 37.91016693815362], [68.60928022710078, 38.32815176039543], [69.18113162572394, 38.436517239478974], [69.37383304236096, 38.3252578805467], [69.71319217328016, 38.61583445889312], [69.7970113459968, 38.59469879811104], [69.98692223467339, 38.73376007756548], [70.16040001844607, 38.63180247670289], [70.16396569186315, 38.54594208395997], [70.24716474785481, 38.60319957140308], [70.42389814578274, 38.557000841215824], [70.2985831566873, 37.99813427877393], [70.16050256400013, 37.92065806100008], [70.28307906100014, 37.70483144200004], [70.15786706500012, 37.54143056200003], [69.91881189000009, 37.6171365360001], [69.50865604600006, 37.57897349000005], [69.37837976100013, 37.43740590500006], [69.44214847900008, 37.223620504000095], [69.26577681500004, 37.10541066600008], [68.88786706600007, 37.3381354780001], [68.91582401600004, 37.27906931600005], [68.83582889800005, 37.32914377800007], [68.82037764500012, 37.2509056600001], [68.66886234500004, 37.278294169000034], [68.02021976800012, 36.92568003400005], [67.77305139200007, 37.1099840290001]]]}}, {"id": "971", "type": "Feature", "properties": {"name": "Lebap", "admin": "Turkmenistan"}, "geometry": {"type": "Polygon", "coordinates": [[[66.17464766500007, 37.37549753800006], [65.76144291200006, 37.57837921200009], [65.53685713700008, 37.257106833000094], [65.06308760600012, 37.2332323210001], [64.7787638750001, 37.1180455530001], [64.72854862881616, 36.85056954714685], [63.50866133015626, 36.856045234000305], [63.48876590372345, 37.34423249043704], [63.72012129076495, 37.574554347804906], [63.22873009611703, 38.060002753124536], [62.73930260623024, 38.254977931985934], [61.22203087842229, 39.50063833279279], [60.508689405791415, 39.49588410097044], [60.489775832188855, 40.31446462704088], [60.254854770831, 40.342137356353874], [60.247516716623124, 41.000520942187734], [60.98070193884337, 41.002613837258764], [61.010260051000046, 41.23722564700002], [61.28135461400012, 41.157282206999994], [61.43317997200006, 41.30032257100005], [61.87790734900011, 41.12498443600002], [62.13417077600013, 40.577834372000055], [62.353278850000095, 40.430401510000095], [62.4528076580001, 40.00923858600005], [62.59316084800014, 39.89022776300003], [64.12061283400004, 38.96167978900003], [64.33734379100014, 38.97095570900005], [65.60413985200006, 38.237408753000054], [65.87668135600012, 38.272962138000096], [66.62433597800003, 37.99383188900005], [66.5188127030001, 37.782707825], [66.51958785000011, 37.36418040000008], [66.17464766500007, 37.37549753800006]]]}}, {"id": "974", "type": "Feature", "properties": {"name": "Mary", "admin": "Turkmenistan"}, "geometry": {"type": "Polygon", "coordinates": [[[64.72854862881616, 36.85056954714685], [64.47769698100007, 36.27163726800002], [64.05725752800004, 36.105239156000025], [64.04511356600005, 35.99873403000008], [63.88982588700014, 36.02963653600007], [63.4302156980001, 35.871041565000084], [63.10408573400008, 35.85646881100003], [63.214414917000056, 35.69926910500003], [63.076645549000034, 35.62470001200005], [63.08021122200006, 35.43706288700007], [62.69361983200014, 35.248392232000114], [62.43187870300011, 35.28063832600007], [62.286202840000044, 35.140646871000044], [62.23369958500007, 35.29376414000005], [62.00746016400012, 35.43892323900006], [61.53870324700006, 35.45230743400002], [61.41930908794404, 35.54589138437984], [61.57549767427821, 35.76789459915642], [61.45974246594204, 35.89202138957546], [61.59647830632872, 35.95227610875537], [61.51172895672596, 36.07275971139154], [61.50552778497928, 36.66422231740603], [61.00230268671959, 37.35989044898503], [61.155471632909496, 37.35627309782518], [61.27293216268913, 37.16496694606769], [61.41969323065803, 37.270955309240094], [61.242959832730094, 37.28749176693145], [61.16523847807326, 37.37864899295664], [60.964268833040194, 37.39118052855855], [60.88918297671296, 37.87195221642162], [60.98256228991772, 37.9004776073557], [60.60305057182637, 38.301848455741606], [60.45949344296798, 38.753965562360804], [60.5450179380274, 38.75580007591276], [60.594058872119206, 38.919511012723035], [60.69115888927132, 38.939794012783466], [60.770172154221484, 39.247320461769846], [60.994706251891955, 39.321321113378644], [61.02230146683917, 39.51397085227302], [61.22203087842229, 39.50063833279279], [62.73930260623024, 38.254977931985934], [63.22873009611703, 38.060002753124536], [63.7086491232584, 37.61837596298028], [63.48876590372345, 37.34423249043704], [63.50866133015626, 36.856045234000305], [64.72854862881616, 36.85056954714685]]]}}, {"id": "977", "type": "Feature", "properties": {"name": "Ahal", "admin": "Turkmenistan"}, "geometry": {"type": "Polygon", "coordinates": [[[61.41930908794404, 35.54589138437984], [61.24538781800004, 35.649297995000026], [61.24104699700007, 35.89388254800009], [61.12983931500014, 35.97051869700003], [61.22471724400003, 36.123687643000025], [61.14668583200012, 36.3572651170001], [61.16580611200004, 36.636317851000015], [60.34229048700007, 36.637144674000055], [60.01920943200008, 37.02580312100004], [59.461724080000124, 37.20760081000013], [59.31227583800012, 37.53034596700003], [58.80109257000004, 37.69465118400008], [58.357812134000085, 37.6333112600001], [58.20681359900004, 37.67873484300004], [58.156687459000125, 37.788185527000095], [57.352395467000065, 37.967528585000096], [57.2183468020001, 38.26508148200007], [56.89723025866948, 38.46499095356961], [56.58221072764292, 38.48979564145566], [56.977122022763126, 39.566680813468736], [57.10310916515584, 39.63168976537037], [56.99200483585446, 40.01399201142215], [57.16522423720875, 40.09230764438229], [57.279842563983095, 40.0319754090379], [58.47765058820403, 40.21377309805001], [59.184739211345516, 40.004173489414995], [59.99430219928706, 39.99885081591242], [60.00437910281329, 39.64990570698279], [60.083702427025344, 39.584044094359456], [60.274543490789426, 39.62398997685591], [60.35660566611858, 39.47640208568771], [61.02230146683917, 39.51397085227302], [60.994706251891955, 39.321321113378644], [60.770172154221484, 39.247320461769846], [60.69115888927132, 38.939794012783466], [60.594058872119206, 38.919511012723035], [60.5450179380274, 38.75580007591276], [60.45949344296798, 38.753965562360804], [60.60305057182637, 38.301848455741606], [60.98256228991772, 37.9004776073557], [60.88918297671296, 37.87195221642162], [60.964268833040194, 37.39118052855855], [61.16523847807326, 37.37864899295664], [61.242959832730094, 37.28749176693145], [61.41969323065803, 37.270955309240094], [61.27293216268913, 37.16496694606769], [61.155471632909496, 37.35627309782518], [61.00230268671959, 37.35989044898503], [61.50552778497928, 36.66422231740603], [61.51172895672596, 36.07275971139154], [61.59647830632872, 35.95227610875537], [61.45896731958612, 35.88478668905441], [61.57549767427821, 35.76789459915642], [61.4928153831234, 35.59911937126196], [61.41930908794404, 35.54589138437984]]]}}, {"id": "1352", "type": "Feature", "properties": {"name": "Balkan", "admin": "Turkmenistan"}, "geometry": {"type": "MultiPolygon", "coordinates": [[[[54.04717085800013, 42.3454008990001], [54.90706669100007, 41.93214447100003], [54.95068160000005, 41.7955636600001], [55.4782979740001, 41.266784567000045], [56.53372131600014, 41.29896879500005], [57.02895348481542, 40.55370066975007], [57.12905073370439, 40.30425853140605], [57.07892459489409, 40.17563589158311], [57.16522423720875, 40.09230764438229], [56.98564863537621, 40.0061371932768], [57.10310916515584, 39.63168976537037], [56.977122022763126, 39.566680813468736], [56.57244388157983, 38.50348989524247], [56.89723025866948, 38.46499095356961], [57.13791423865115, 38.262364232123616], [57.102798299000085, 38.22200917600007], [56.43648238100013, 38.25508209200005], [56.30336389200005, 38.1794277960001], [56.299746541000104, 38.080234884000035], [55.44739546700009, 38.083671367000065], [54.85663049300007, 37.76113291500003], [54.78831425000004, 37.52463572200007], [54.65395552600012, 37.43890452100008], [54.206437622000124, 37.324596253000024], [53.91374759200005, 37.34275950700004], [53.824880405000044, 37.74485911700009], [53.82699629000007, 38.525458075000074], [53.982758009000065, 38.916001695000034], [53.701508009000065, 39.07851797100005], [53.724619988000086, 39.24168528900009], [53.66000410200007, 39.200384833000044], [53.68376712300005, 39.08344147300005], [53.60857181100005, 39.23578522300005], [53.56763756600009, 39.19330475500004], [53.56202233200008, 39.35333893400008], [53.14991295700008, 39.34414297100005], [53.16146894600007, 39.17959219000005], [53.08521569100009, 39.400458075000074], [53.27588951900003, 39.66486237200007], [53.21697024800005, 39.525051174000055], [53.56788170700008, 39.46771881700005], [53.57374108200008, 39.52728913000004], [53.733164910000085, 39.52798086100006], [53.53345787900008, 39.68048737200007], [53.416758660000085, 39.64996979400007], [53.38200931100005, 39.76927317900004], [53.57447350400008, 39.96792226800005], [53.40211022200003, 40.00678131700005], [53.28272545700008, 39.94000885600008], [52.91358483200008, 40.02167389500005], [53.00806725400008, 39.76634349200009], [52.73845462300005, 40.053615627000056], [52.73658287900008, 40.48456452000005], [52.86312910200007, 40.65810781500005], [52.91651451900003, 41.085150458000044], [53.12191816500007, 40.872259833000044], [53.06470787900008, 40.84398021000004], [53.11890709700003, 40.76984284100007], [53.36996504000007, 40.835191148000035], [53.483083530000044, 40.73704661700009], [53.62468509200005, 40.88703034100007], [53.721039259000065, 40.62567780200004], [54.17107181100005, 40.729681708000044], [54.40357506600009, 40.67365143400008], [54.250010613000086, 40.890611070000034], [54.36052493600005, 40.91705963700008], [54.474945509000065, 40.809881903000075], [54.63990319100009, 40.838771877000056], [54.76002037900008, 40.96503327000005], [54.67798912900008, 41.07086823100008], [54.76742597700007, 41.036769924000055], [54.07398522200003, 41.487982489000046], [53.898773634000065, 41.90534088700008], [53.906911655000044, 42.062933661000045], [53.818695509000065, 42.12441640800006], [53.16382897200003, 42.10370514500005], [52.96029707100007, 41.984361070000034], [52.76921634200005, 41.67560455900008], [52.91651451900003, 41.67422109600005], [52.813487175000034, 41.379339911000045], [52.88233483200008, 41.050441799000055], [52.76099694100009, 41.37759023600006], [52.56218509200005, 41.51947663000004], [52.592539910000085, 41.645738023000035], [52.43767061735559, 41.74887574142544], [52.97870894400012, 42.12662872300008], [54.04717085800013, 42.3454008990001]]], [[[53.04021243600005, 38.906683661000045], [53.086599155000044, 39.09129466400009], [53.10206139400003, 38.755072333000044], [53.04021243600005, 38.906683661000045]]], [[[53.49187259200005, 39.50861237200007], [53.51295006600009, 39.59121328300006], [53.53443444100009, 39.52765534100007], [53.49187259200005, 39.50861237200007]]]]}}, {"id": "1353", "type": "Feature", "properties": {"name": "Mangystau", "admin": "Kazakhstan"}, "geometry": {"type": "MultiPolygon", "coordinates": [[[[55.509303834000036, 41.258878073000105], [55.228390748000095, 41.47281850200004], [54.90706669100007, 41.93214447100003], [54.12261844900013, 42.337597758000086], [53.412274210000135, 42.258171082000004], [52.97870894400012, 42.12662872300008], [52.43767061735559, 41.74887574142544], [52.490977410000085, 41.902044989000046], [52.40202884200005, 42.09251536700003], [52.67628014400003, 42.53847890800006], [52.56381269600007, 42.742254950000074], [52.71045983200008, 42.58539459800005], [52.736338738000086, 42.70136139500005], [52.47087649800005, 42.826239325000074], [52.27295983200008, 42.79877350500004], [52.16920006600009, 42.88703034100007], [51.912445509000065, 42.84235260600008], [51.651052280000044, 43.191392320000034], [51.275726759000065, 43.15448639500005], [51.31470787900008, 43.46246979400007], [50.86085045700008, 44.025376695000034], [50.84717858200008, 44.18927643400008], [50.277679884000065, 44.33649323100008], [50.224619988000086, 44.567694403000075], [50.311208530000044, 44.66233958500004], [50.87289472700007, 44.62885163000004], [51.143321160000085, 44.48476797100005], [51.366221550000034, 44.560207424000055], [51.56031334700003, 44.511379299000055], [50.96241295700008, 44.86367422100005], [50.959320509000065, 44.97882721600007], [51.19654381600009, 45.065619208000044], [51.27295983200008, 45.024644273000035], [51.24439537900008, 45.161810614000046], [51.41570071700005, 45.389960028000075], [51.543711785000085, 45.33490631700005], [51.75831139400003, 45.45726146000004], [51.940114780000044, 45.36733633000006], [52.51929772200003, 45.40888092700004], [52.90967858200008, 45.31268952000005], [53.24545332100007, 45.33380768400008], [52.73845462300005, 45.52558014500005], [52.74561608200008, 45.63914622600004], [52.861887437811156, 45.76746279618407], [53.0389644706338, 45.7384487977738], [53.75757693902449, 45.921435045191174], [53.6942216326222, 45.971561184001416], [53.949089797256306, 46.18751699491338], [55.24658165921619, 46.346008612807225], [55.47685184063988, 46.48041901322688], [55.82659793524647, 46.331952622915196], [55.831558871744505, 46.23511098908085], [56.473173455890276, 46.084474189332354], [56.70760970982025, 45.16191089796956], [55.97583866300005, 44.99441233300006], [55.978422486000056, 41.32171661400007], [55.509303834000036, 41.258878073000105]]], [[[50.324554884000065, 44.97321198100008], [50.27711022200003, 45.071519273000035], [50.348399285000085, 45.08490631700005], [50.324554884000065, 44.97321198100008]]], [[[50.170258009000065, 44.830145575000074], [50.07935631600009, 44.83348216400009], [49.98609459700003, 44.94676341400009], [50.05201256600009, 45.065619208000044], [50.11345462300005, 45.07990143400008], [50.02116946700005, 44.94403717700004], [50.170258009000065, 44.830145575000074]]], [[[50.71371504000007, 44.95380280200004], [50.69776451900003, 44.857855536000045], [50.627940300000034, 44.96702708500004], [50.71371504000007, 44.95380280200004]]], [[[52.635508660000085, 45.52562083500004], [52.67709394600007, 45.39695872600004], [52.55201256600009, 45.47833893400008], [52.635508660000085, 45.52562083500004]]]]}}, {"id": "1354", "type": "Feature", "properties": {"name": "Kyzylorda", "admin": "Kazakhstan"}, "geometry": {"type": "Polygon", "coordinates": [[[62.026115357000094, 43.48062876500005], [61.1616719970001, 44.168106181000056], [61.03630497200004, 44.38282175799999], [59.05513216600008, 45.32402317500005], [59.027229445382545, 45.818133857191754], [59.11259891081107, 46.06602570192456], [59.92092166530256, 46.75978180648514], [60.41143436080705, 46.92380280255725], [60.53783491434979, 47.11200836889111], [60.76469445198734, 47.09991608286089], [61.327140740652624, 47.7334691432863], [61.573844028778865, 47.775998847268966], [61.85899458173452, 47.77646393526237], [62.04844038331703, 47.57068838246283], [62.319534947279976, 47.44552806326948], [62.4498629094457, 47.24820160601928], [62.84208703029219, 47.18386444768606], [62.65222781755972, 47.04798126892041], [62.95040083163303, 47.08012401011496], [63.20981652161515, 46.96116486356755], [63.78807579935864, 46.868870755081275], [65.10003706236051, 46.511321520072045], [65.55313602091059, 46.29076650696868], [67.24781294111432, 46.05708567996015], [67.28915408669172, 45.860921942693494], [67.43612186113495, 45.6983995633891], [67.29215132022722, 45.253465481346836], [67.59352827341104, 45.07166779233472], [67.60727420404123, 44.31042226807318], [68.2022766459504, 43.97305268033688], [68.20289676267544, 43.90801789001358], [68.04476687998749, 43.84959768348625], [68.04104617693946, 43.66462189378535], [67.93862348808346, 43.7072291121338], [67.74814415862596, 43.36236644145811], [67.76344038286737, 43.265163072417806], [67.82948286264394, 43.360402736696926], [67.97128299321554, 43.19565827111228], [66.73611290888363, 42.60892405939779], [66.4966443221777, 42.578693346120986], [66.18431196542485, 42.35289317478015], [66.01315936400005, 42.37286994600005], [66.10126713100004, 42.99032277500005], [65.79523929800007, 42.8772030650001], [65.51691003400003, 43.29722910600013], [64.92294112200005, 43.71911549900007], [64.42674401800014, 43.54703297900001], [63.2080070400001, 43.627467347000064], [62.026115357000094, 43.48062876500005]], [[63.3839136150001, 45.56582448300013], [63.75489872300011, 45.66000478100001], [63.96408492000012, 45.93616363500006], [63.86755334500003, 46.208963522000076], [63.50147749900003, 46.382441305], [63.05783532700008, 46.320377909000044], [62.80363895700003, 46.020499573000066], [62.93386356600013, 45.71594451900002], [63.3839136150001, 45.56582448300013]]]}}, {"id": "1355", "type": "Feature", "properties": {"name": "Karakalpakstan", "admin": "Uzbekistan"}, "geometry": {"type": "Polygon", "coordinates": [[[58.53144494700007, 45.558718974], [61.03630497200004, 44.38282175799999], [61.1616719970001, 44.168106181000056], [62.135205112725714, 43.34774201078517], [62.47099857022778, 43.2527607289245], [61.881628859284376, 42.39689565710887], [61.85914961136547, 42.17701243847324], [61.995885450852825, 41.98002187800722], [61.74308434376741, 41.86101105371711], [62.46541751520613, 41.08095530953989], [62.18672651641555, 40.985870673093075], [61.75967247920153, 41.33933746984832], [61.46609866731961, 41.38967031513289], [61.268746371647694, 41.30187205694983], [60.549978876324076, 41.7773210722097], [60.44476565860822, 41.975319322128996], [60.29686770997682, 42.003431301013734], [60.15057173000133, 41.947930812756795], [60.14114411600008, 41.874221484000074], [59.91751021300007, 41.952427471000036], [60.04039676900004, 42.18647003200003], [59.866350545000046, 42.30421478300012], [59.287161093000066, 42.33594411300005], [59.146084432000066, 42.526759339000094], [58.89442020700005, 42.54784332300001], [58.58787561100007, 42.79118764300004], [58.534545532000095, 42.65450348000009], [58.258283325000036, 42.689514262], [58.12134078000014, 42.62424692800006], [58.30623905400006, 42.528671367000115], [58.49062056500014, 42.29757436100003], [58.397602987000084, 42.287859192000084], [58.32504927600007, 42.431855569999996], [58.016024210000126, 42.49970672600004], [57.908640584000125, 42.43043446900002], [57.850452922000045, 42.19143096900008], [57.38226444500003, 42.16362904900002], [56.97836145000008, 41.89511830600007], [57.01959924300007, 41.46594553700005], [57.1613993740001, 41.36796702100004], [57.02952111800005, 41.262598776000104], [55.978422486000056, 41.32171661400007], [55.97614872300005, 44.995084127000055], [58.53144494700007, 45.558718974]]]}}, {"id": "1356", "type": "Feature", "properties": {"name": "Aktobe", "admin": "Kazakhstan"}, "geometry": {"type": "Polygon", "coordinates": [[[59.05513216600008, 45.32402317500005], [58.53144494700007, 45.558718974], [56.70760970982025, 45.16191089796956], [56.541179641327346, 45.95378449196073], [56.2712219580269, 46.45716461895199], [55.4938017112799, 46.65963287985352], [55.166689894223225, 46.91729157244811], [54.99750125517875, 47.15226430885076], [55.06054650321852, 47.76282135741968], [54.87285769992286, 48.09075999587708], [54.800510694712784, 48.74121124919975], [54.57757856569822, 48.813403224778995], [54.442599725396974, 48.65762462047985], [54.07176964685169, 48.71676829741898], [53.97885542164039, 49.12775096313641], [53.905164829293426, 49.05824616093156], [53.67324100057169, 49.18444000889929], [53.71344526638592, 49.46274343496151], [54.005933871750756, 49.6171526155008], [54.29263471921689, 49.65009634147293], [54.5140165546203, 49.93168122011218], [54.55122358599965, 50.03136505785113], [54.4237895036826, 50.15011749882348], [54.391543409700546, 50.3582701693328], [54.6762797450001, 50.60254547100003], [54.638245890000064, 50.88573232000009], [54.502956991000076, 50.928262024000034], [54.53375614500004, 51.00324452700001], [54.685788208000076, 51.02355336600003], [55.047729940000124, 50.88423370400007], [55.305388631000085, 50.664970602], [55.46775598100004, 50.656960755000014], [55.659992310000064, 50.53004343700003], [56.078881470000056, 50.724760234000044], [56.15835982300007, 50.90552439400007], [56.315456177000044, 50.883820293000056], [56.47834029100011, 51.07303354900007], [56.68835331200006, 50.96913808200004], [56.716051880000066, 51.07246510800012], [57.15447473200004, 51.09995697100008], [57.334308716000066, 50.89741119400004], [57.46763391200011, 50.85849884100007], [57.72239872300014, 50.90872833300004], [57.76880415800014, 51.11967153000005], [58.16764286300008, 51.0551793420001], [58.30840946500007, 51.1500314340001], [58.595006959000045, 51.023372498000086], [58.55015181500005, 50.89327707900013], [58.664356730000065, 50.789924215000056], [58.925942830000054, 50.678148092000086], [59.437642863000065, 50.6311225380001], [59.56342330000007, 50.57985951800008], [59.451698853000096, 50.53727813800002], [59.522805623000124, 50.47464630200007], [59.81570764200006, 50.56290964800006], [60.02127648900006, 50.85405466700006], [60.13620487500009, 50.844494528000084], [60.300432577000095, 50.68465932300005], [60.718494914000075, 50.65267161100006], [61.37209843000005, 50.78248280800004], [61.534155721000104, 51.2060745240001], [61.646258530806506, 51.26319293230796], [61.87325727720156, 51.29586151789471], [62.0301469264395, 51.065152085999955], [62.15437706874667, 51.11036896425628], [62.29390343619457, 51.03964976702309], [62.239126418349485, 50.94570201303742], [62.37524214111187, 50.850643215911646], [62.313747185783996, 50.6960273297974], [62.44572879434833, 50.6748399930712], [62.913090448365494, 49.89716136300649], [62.61057661272048, 49.85512258633827], [62.41286258274198, 49.60090037685086], [62.452860142081875, 49.520491847920425], [62.27912397589074, 49.48840078446858], [62.48500288327642, 49.22808075602205], [62.27757368407822, 49.18606781687623], [62.6645268091649, 48.878257147949], [63.03091271335103, 48.86303843897275], [63.02967247900165, 48.69191193268949], [63.66146854024089, 48.4697291125085], [64.20355431537934, 47.878524888912466], [62.84208703029219, 47.18386444768606], [62.4498629094457, 47.24820160601928], [62.319534947279976, 47.44552806326948], [62.04844038331703, 47.57068838246283], [61.85899458173452, 47.77646393526237], [61.327140740652624, 47.7334691432863], [60.76469445198734, 47.09991608286089], [60.53783491434979, 47.11200836889111], [60.41143436080705, 46.92380280255725], [59.92092166530256, 46.75978180648514], [59.11259891081107, 46.06602570192456], [59.027229445382545, 45.818133857191754], [59.05513216600008, 45.32402317500005]]]}}, {"id": "1357", "type": "Feature", "properties": {"name": "Navoiy", "admin": "Uzbekistan"}, "geometry": {"type": "Polygon", "coordinates": [[[64.89100508600006, 43.72278452500005], [65.51691003400003, 43.29722910600013], [65.79523929800007, 42.8772030650001], [66.10126713100004, 42.99032277500005], [66.00866296400005, 42.002656962000074], [66.50413659700007, 41.993484395000095], [66.68820804900008, 41.19919179300008], [66.757890443689, 41.153140136408126], [66.6142598806889, 41.084159246851755], [66.63131310411643, 40.94473623309068], [66.765258417442, 40.88724620255016], [66.80122521267339, 40.77521169726202], [66.62015099497239, 40.49509959606951], [66.51168216310134, 40.625634263810184], [66.23903730732582, 40.58915070194331], [66.117701043968, 40.147343045545085], [66.18410525895052, 40.118430080983444], [66.1054537292062, 40.05574656814957], [65.87859419066933, 40.015749009709], [65.51251834484572, 40.14685211823064], [65.43526207908167, 39.90572988512605], [65.12773563009523, 39.861701565274984], [65.25558312356225, 39.49180166271651], [65.13781253362151, 39.46425812371342], [64.98324832524997, 39.69987681706141], [64.76305504735251, 39.74770335522567], [64.59004235157323, 39.907796943574056], [64.90470014829316, 40.17119171812328], [64.84961307208556, 40.35112905516172], [65.13404015462942, 40.3361428901822], [65.24752159984195, 40.529516100387696], [65.34028079632168, 40.52750071878313], [65.36544721941362, 40.7096601430012], [64.91575890464969, 40.73348297805694], [64.78119347459915, 40.951970934510996], [64.48839480997248, 40.87822866532065], [64.43547814320169, 40.77301544940343], [64.16469363760126, 40.7974842387066], [64.0428922871493, 40.96979930339512], [63.73505577980035, 40.726248277535944], [62.978564488260474, 41.07459910726294], [62.6190515475908, 41.491782944727106], [62.180370314138656, 41.392305813462485], [61.74370446229108, 41.84778188702444], [61.995885450852825, 41.98002187800722], [61.85914961136547, 42.17701243847324], [61.881628859284376, 42.39689565710887], [62.47084353969757, 43.24276133886468], [62.18533125243533, 43.313945624091275], [62.02832051577917, 43.48092238326137], [63.2080070400001, 43.627467347000064], [64.42674401800014, 43.54703297900001], [64.89100508600006, 43.72278452500005]]]}}, {"id": "1358", "type": "Feature", "properties": {"name": "Da\u015foguz", "admin": "Turkmenistan"}, "geometry": {"type": "Polygon", "coordinates": [[[58.58787561100007, 42.79118764300004], [58.89442020700005, 42.54784332300001], [59.146084432000066, 42.526759339000094], [59.25842899600008, 42.347545471000004], [59.866350545000046, 42.30421478300012], [60.02820113100012, 42.19951833200007], [59.99719527200011, 42.01061513300006], [59.90645145700006, 41.96661265100009], [60.25268355300011, 41.7800607300001], [60.049181763000036, 41.753499044000094], [60.16473026500012, 41.58495635999999], [60.07171268700006, 41.51436635400002], [60.09424361200007, 41.3895160930001], [60.478096151000045, 41.21211090200008], [61.00431806800003, 41.229533188000104], [60.98070193884337, 41.002613837258764], [60.247516716623124, 41.000520942187734], [60.254854770831, 40.342137356353874], [60.489775832188855, 40.31446462704088], [60.5172160184045, 39.48895945881196], [60.35660566611858, 39.47640208568771], [60.265861851243415, 39.6276590030605], [60.083702427025344, 39.584044094359456], [60.01135542181521, 39.64057811139071], [59.99430219928706, 39.99885081591242], [59.184739211345516, 40.004173489414995], [58.47765058820403, 40.21377309805001], [57.279842563983095, 40.0319754090379], [57.07892459489409, 40.17563589158311], [57.12905073370439, 40.30425853140605], [57.02895348481542, 40.55370066975007], [56.53372131600014, 41.29896879500005], [57.01019413200004, 41.254123841000094], [57.14796350100005, 41.35106882700005], [57.01959924300007, 41.46594553700005], [56.95014611800008, 41.86605031400008], [57.38226444500003, 42.16362904900002], [57.850452922000045, 42.19143096900008], [57.908640584000125, 42.43043446900002], [57.99773075300004, 42.493428040000126], [58.32504927600007, 42.431855569999996], [58.397602987000084, 42.287859192000084], [58.49062056500014, 42.29757436100003], [58.30623905400006, 42.528671367000115], [58.12134078000014, 42.62424692800006], [58.258283325000036, 42.689514262], [58.534545532000095, 42.65450348000009], [58.58787561100007, 42.79118764300004]]]}}, {"id": "1359", "type": "Feature", "properties": {"name": "Xorazm", "admin": "Uzbekistan"}, "geometry": {"type": "Polygon", "coordinates": [[[60.225398397000106, 41.76546213800013], [60.15057173000133, 41.947930812756795], [60.44476565860822, 41.975319322128996], [60.549978876324076, 41.7773210722097], [61.268746371647694, 41.30187205694983], [61.46609866731961, 41.38967031513289], [61.75967247920153, 41.33933746984832], [62.44727908706017, 40.788311672745465], [62.187061256671655, 40.50551552242342], [61.97082157400007, 41.01543039900004], [61.65435510300006, 41.249421285000025], [61.43317997200006, 41.30032257100005], [61.24321740800008, 41.15630035400004], [60.86029504400011, 41.2529869590001], [60.443266235000124, 41.21965566000004], [60.066131633000055, 41.4104967250001], [60.16473026500012, 41.58495635999999], [60.049181763000036, 41.753499044000094], [60.225398397000106, 41.76546213800013]]]}}, {"id": "1360", "type": "Feature", "properties": {"name": "Bukhara", "admin": "Uzbekistan"}, "geometry": {"type": "Polygon", "coordinates": [[[64.18014408400006, 38.94511749300004], [62.4528076580001, 40.00923858600005], [62.353278850000095, 40.430401510000095], [62.187061256671655, 40.50551552242342], [62.44727908706017, 40.788311672745465], [62.239488152656065, 40.99897064947589], [62.46464236795089, 41.09467540084904], [62.180370314138656, 41.392305813462485], [62.6190515475908, 41.491782944727106], [62.978564488260474, 41.07459910726294], [63.73505577980035, 40.726248277535944], [64.0428922871493, 40.96979930339512], [64.16469363760126, 40.7974842387066], [64.43547814320169, 40.77301544940343], [64.48839480997248, 40.87822866532065], [64.78119347459915, 40.951970934510996], [64.91575890464969, 40.73348297805694], [65.36544721941362, 40.7096601430012], [65.34028079632168, 40.52750071878313], [65.24752159984195, 40.529516100387696], [65.13404015462942, 40.3361428901822], [64.84961307208556, 40.35112905516172], [64.90470014829316, 40.17119171812328], [64.59004235157323, 39.907796943574056], [64.76305504735251, 39.74770335522567], [64.98324832524997, 39.69987681706141], [65.13781253362151, 39.46425812371342], [64.84542728104418, 39.266595771477625], [64.8847013690729, 39.16378550899401], [64.36756630294252, 38.940374045825536], [64.18014408400006, 38.94511749300004]]]}}, {"id": "1380", "type": "Feature", "properties": {"name": "North Kazakhstan", "admin": "Kazakhstan"}, "geometry": {"type": "Polygon", "coordinates": [[[68.9431608480001, 55.43455027300003], [69.18614343200011, 55.32577138300006], [69.33455814700005, 55.385147604000096], [69.67386560100005, 55.3340396120001], [70.21367761300007, 55.13198476100011], [70.44115726700011, 55.28334503300003], [70.82035892800013, 55.294145406000084], [70.79317712400007, 55.2331672160001], [70.97714522300004, 55.07798289000003], [71.00598067300007, 54.77422882100011], [71.26467289200014, 54.661729228000056], [71.14121789500012, 54.563750712000015], [71.19062056500013, 54.318184307000095], [70.97084069800013, 54.30500681600002], [71.16126835100005, 54.101970113000064], [71.32058679300013, 54.20103383400006], [71.64723352100009, 54.10858469700004], [71.76247196500003, 54.247645976000044], [72.17764042200008, 54.1359732050001], [72.06674279800006, 54.222376201000074], [72.04317834500006, 54.378025615000055], [72.32440149000007, 54.25348541300012], [72.29856327300007, 54.17839955700002], [72.48294478400004, 54.135611471000075], [72.35840458200005, 54.092978414000115], [72.3922009690001, 53.90823516900009], [72.70019250500008, 53.957637838000025], [72.65616418500014, 54.042542216000086], [72.50309859300006, 54.050862122000055], [72.62422814900003, 54.13499135400012], [72.9420382080001, 54.121762187000044], [73.0627543540001, 53.97908355700007], [73.36030725100005, 53.938414205000115], [73.51802372200012, 53.956035868000086], [73.6015328370001, 54.07122263600009], [73.74064579300011, 54.0579417930001], [73.68287154100011, 53.874128724000045], [73.43182743300008, 53.86544708300009], [73.22966923000007, 53.6624103810001], [73.23059940600012, 53.57233835900006], [73.39120975700007, 53.52024851500009], [73.34718143800006, 53.45937367800006], [73.45069726766474, 53.448559562473804], [73.57610884035068, 53.292587184850674], [73.45311893059414, 53.2591783717844], [73.48598514220049, 53.128617866521324], [73.65424360525816, 53.2218163107741], [73.768758579245, 53.192567451226864], [73.54107221930747, 52.94131663685329], [73.68442264169153, 52.954416612336786], [73.64483849530029, 52.82824860279078], [73.95458702966766, 52.91227448198174], [74.03158491391264, 52.854732773698515], [73.90766482906855, 52.63880280210759], [73.73609907411293, 52.71910797825058], [73.76255740839764, 52.636038113468146], [73.96781619725965, 52.56767019282512], [72.96260623598897, 52.76184438690888], [72.83971967991926, 53.04136220979814], [72.23892947831274, 52.90718435337516], [71.78676069485016, 52.9419884304217], [71.73105350101821, 53.01149323172723], [71.82510460779139, 53.19688243347747], [71.60837365142282, 53.37979116473042], [71.31340457466138, 53.289512437848714], [71.09801720632896, 53.32795970357745], [71.05967329338773, 53.413380845849304], [70.67220340436359, 53.395139064915895], [70.53567426865254, 53.239386298139095], [70.30530073444129, 53.36604523410023], [70.11316775858518, 53.362944647777226], [70.20060428336097, 53.47890656168846], [69.96961062972673, 53.48634796778447], [69.83762902206166, 53.687679348023494], [69.5018355645596, 53.62339386743298], [69.49625451043727, 53.50185089850015], [69.22960411993415, 53.66801646648673], [68.86135786287502, 53.62360057210867], [68.89877159982944, 53.5563178570834], [68.73516401580667, 53.534252021213774], [68.77516157424725, 53.484358426400206], [68.58240848166605, 53.4006942824152], [68.92264611172862, 53.11148712782864], [68.81546919105028, 52.96221975453801], [68.8536063984165, 52.79853465435082], [68.45983198395885, 52.577204494891475], [68.14698286326848, 52.512118027724796], [68.22501427628777, 52.40641388629177], [68.02626671663563, 52.26358022694586], [67.57327111177239, 52.39597524755959], [67.46578413273153, 52.3826427271801], [67.45286502530064, 52.235184028120386], [67.14797407374448, 52.20844147389488], [66.6912577658332, 52.250609443570966], [66.64102827333613, 52.32125112643831], [66.31019575413075, 52.29634308486544], [66.05295047358544, 52.40212474246289], [66.09201785693853, 52.727531236277514], [66.18090131984002, 52.85424184818271], [66.10586714125554, 53.00958120380949], [66.47401004372853, 53.139030666831786], [66.32456180238523, 53.25623281509229], [66.28766482936834, 53.479526679312755], [66.15888715991446, 53.495339667491635], [66.11992313024825, 53.57967560504511], [66.23082075397457, 53.744135850688906], [66.09511844326153, 53.81092763929911], [66.01977420361658, 53.993913885817165], [66.37189741413431, 54.102434394531656], [66.1120683121029, 54.265835272979416], [66.22854699085093, 54.297254543762165], [66.09777630500014, 54.63715821400008], [67.69848230000008, 54.86791819200006], [67.88224369300013, 54.970444235000016], [68.16605065900012, 54.956129863000044], [68.30816084800006, 55.07281524700004], [68.17710941600006, 55.17053538000009], [68.6053003340001, 55.19559844999999], [68.70059167500006, 55.36049794600011], [68.97060103400014, 55.27864247700005], [68.9431608480001, 55.43455027300003]]]}}, {"id": "1384", "type": "Feature", "properties": {"name": "Kostanay", "admin": "Kazakhstan"}, "geometry": {"type": "Polygon", "coordinates": [[[65.97745039900008, 54.611706442000056], [66.09777630500014, 54.63715821400008], [66.22854699085093, 54.297254543762165], [66.1120683121029, 54.265835272979416], [66.37189741413431, 54.102434394531656], [66.01977420361658, 53.993913885817165], [66.09511844326153, 53.81092763929911], [66.23082075397457, 53.744135850688906], [66.11992313024825, 53.57967560504511], [66.15888715991446, 53.495339667491635], [66.28766482936834, 53.479526679312755], [66.32456180238523, 53.25623281509229], [66.47401004372853, 53.139030666831786], [66.10586714125554, 53.00958120380949], [66.16973921069598, 52.77905263906803], [66.09201785693853, 52.727531236277514], [66.03724083819412, 52.17826243836083], [65.86050744026613, 51.89406789801507], [65.70806196538734, 51.78947479882288], [65.44399539637044, 51.7547482370415], [65.43014611205342, 51.694002591446406], [65.6444999534101, 51.556956691797836], [65.62000532388657, 51.35293813728521], [65.50331993956354, 51.26201345525675], [65.70837202285054, 50.973788154399756], [65.72087772003073, 50.793799140517876], [66.0601851741065, 50.897462062823934], [66.47700727726402, 50.664091295077185], [66.83491824657978, 50.586628322838806], [67.12461632668209, 50.61786672646821], [67.23313683539658, 50.562753810939626], [67.18817833776006, 50.43247752471797], [67.33411258342898, 50.33248362951588], [68.0966500179839, 50.50554800123922], [68.27286665197437, 50.41191030471674], [68.10884565590226, 50.264580796866255], [67.75558556472203, 50.18933991090813], [67.76209679573049, 50.0299181179268], [66.66955366427015, 49.33156281207408], [66.6202543477599, 49.23420441340295], [65.73483035713525, 48.86192739493333], [64.74129926894608, 48.840533351732745], [64.62461388462305, 48.65677195885877], [64.50596479733747, 48.65367137343509], [64.54720259012743, 48.50225942643135], [64.216783482072, 48.40221385438582], [64.20913537040099, 48.299067695118026], [63.97049360509578, 48.151169744687934], [63.66146854024089, 48.4697291125085], [63.02967247900165, 48.69191193268949], [63.03091271335103, 48.86303843897275], [62.6645268091649, 48.878257147949], [62.27757368407822, 49.18606781687623], [62.48500288327642, 49.22808075602205], [62.27912397589074, 49.48840078446858], [62.452860142081875, 49.520491847920425], [62.41286258274198, 49.60090037685086], [62.61057661272048, 49.85512258633827], [62.913090448365494, 49.89716136300649], [62.44572879434833, 50.6748399930712], [62.313747185783996, 50.6960273297974], [62.37524214111187, 50.850643215911646], [62.239126418349485, 50.94570201303742], [62.29390343619457, 51.03964976702309], [62.15437706874667, 51.11036896425628], [62.0301469264395, 51.065152085999955], [61.87325727720156, 51.29586151789471], [61.646258530806506, 51.26319293230796], [61.47379764800013, 51.42580271400003], [61.02938033000004, 51.48267262800006], [60.937396281000076, 51.61116607700008], [60.375880167000105, 51.66253245100005], [60.479749797000125, 51.78425628700002], [60.06075728400009, 51.858670349000036], [59.98727339700008, 51.968844504000074], [60.672192830000085, 52.144337667000045], [61.03992232300004, 52.334997864000044], [60.93646610500008, 52.48858022100008], [60.81492313700011, 52.521911520000046], [60.80314091000008, 52.627744853000095], [60.672606242000086, 52.67216074700006], [61.05842248500005, 52.92217132600008], [60.974603312000056, 52.97123809800003], [61.448269491000076, 53.02141591400006], [61.95924605400012, 52.93493540500005], [62.094173218000094, 52.99247711200009], [62.05066166200004, 53.124768779000036], [61.16270552600008, 53.299150899000026], [61.23525923700009, 53.503040264000035], [61.41230269400012, 53.43575754900003], [61.55534305900005, 53.50572743800005], [61.50304650900006, 53.58897817000006], [61.28073449700014, 53.542417704000016], [60.88024214700005, 53.632799785000074], [61.00757287600004, 53.63574534200008], [61.19908573400005, 53.79713083900002], [60.97801395700009, 53.882603659000054], [60.996100708000085, 53.94141143900002], [61.210764608000034, 53.90766672800005], [61.193504680000046, 54.018254293], [61.33768192500014, 54.06316111300002], [61.581801392000045, 53.94766428600012], [61.79129764800007, 54.00078765900007], [62.00363610900007, 53.93200632800007], [62.00260258000009, 54.017375794000074], [62.41270674600008, 54.02662587500008], [62.38996911600003, 53.94156646700007], [62.525258016000066, 53.87185496100004], [62.62912764500004, 54.07117096000009], [63.08465539600007, 54.08564036100002], [63.1237744550001, 54.174110413000065], [63.70864831600005, 54.25043650400009], [63.897473999000056, 54.1941608690001], [64.00785485900013, 54.228680725000075], [64.00449589100003, 54.319734599000114], [64.57851770100007, 54.38557037300011], [64.72016280100007, 54.33384226500006], [64.91064213100003, 54.40272695000006], [65.18421716400007, 54.31043284100009], [65.19816980000013, 54.51615671800009], [65.44900720200008, 54.55661936400007], [65.4497823480001, 54.62746775400002], [65.74397627800005, 54.600854391], [65.93280196100005, 54.70255360900005], [65.97745039900008, 54.611706442000056]]]}}, {"id": "1385", "type": "Feature", "properties": {"name": "Pavlodar", "admin": "Kazakhstan"}, "geometry": {"type": "Polygon", "coordinates": [[[76.87234094200011, 54.46468699200001], [76.75296838400004, 54.376682027000086], [76.8377177320001, 54.29689361600002], [76.66460168500004, 54.13406117800007], [76.37666060400011, 54.15426666300006], [76.49520633900005, 53.99231272400006], [77.8668022060001, 53.27233083200004], [79.30432254994571, 51.68637826054828], [79.04109825987678, 51.46027008669512], [78.81671919093787, 51.43789419246298], [78.75801476357043, 51.29684336982564], [78.10720177594118, 51.089982612307665], [78.28248823394483, 50.887643540816725], [78.68845828632084, 50.701091619982265], [78.7177071467674, 50.46392263392238], [78.82023318931022, 50.35119049754343], [78.47276085782727, 50.027179266809696], [77.7328577008222, 50.20256907850012], [77.62382042817018, 50.46100291655131], [76.98003543458759, 50.63533336014643], [76.76320112543158, 50.48924408574595], [76.70542687405094, 50.26814647118266], [75.37548221163473, 50.1502208525103], [74.94997846893114, 50.022114977524154], [74.88982710163941, 50.08867422123831], [75.16185184068985, 50.228148911842766], [74.94966840966936, 50.43046214491204], [74.8082816911471, 50.49864919750246], [74.71557417241007, 50.445784207575116], [74.66017703604138, 50.57427765618888], [74.45006066256951, 50.63856313677934], [74.08222781755973, 50.57748159440001], [73.9737073097445, 50.644195869543694], [74.08532840388273, 51.08339386693336], [74.03416873629811, 51.17832347284997], [73.7138782077131, 51.256509915500146], [73.85226769359917, 51.409937242309866], [74.27363732300404, 51.53721629499597], [73.83624799984528, 51.62336090857906], [73.90115359895941, 51.826914374198964], [74.05235884038814, 51.906547756773534], [74.0278642108646, 52.46806387035133], [73.73609907411293, 52.71910797825058], [73.90766482906855, 52.63880280210759], [74.03158491391264, 52.854732773698515], [73.95458702966766, 52.91227448198174], [73.64483849530029, 52.82824860279078], [73.68442264169153, 52.954416612336786], [73.54107221930747, 52.94131663685329], [73.768758579245, 53.192567451226864], [73.65424360525816, 53.2218163107741], [73.48598514220049, 53.128617866521324], [73.45311893059414, 53.2591783717844], [73.57610884035068, 53.292587184850674], [73.45069726766474, 53.448559562473804], [73.65289921100003, 53.60918365600007], [73.90415002500004, 53.6391559850001], [74.22330367000012, 53.5946109020001], [74.38835819500008, 53.462215882000024], [74.43848433500011, 53.67341746000001], [74.61645796700003, 53.6807038380001], [74.77200402800014, 53.830875549], [75.02790572200007, 53.80793121300006], [75.43397912600005, 53.98652496400008], [75.36070194600006, 54.05954376300012], [75.42922489400007, 54.09008453400013], [76.87234094200011, 54.46468699200001]]]}}, {"id": "1390", "type": "Feature", "properties": {"name": "West Kazakhstan", "admin": "Kazakhstan"}, "geometry": {"type": "Polygon", "coordinates": [[[52.307793823000054, 51.77454111700008], [52.545815470000036, 51.459521586000065], [53.18107385300004, 51.514298605000064], [53.59748254400006, 51.39717397100004], [53.67386031100011, 51.21987213200008], [53.9358598230001, 51.185610657000055], [54.275787395000066, 50.90428416000002], [54.47856571500006, 50.85348622700012], [54.383584432000134, 50.59990997300012], [54.54551683900013, 50.53051930800005], [54.391543409700546, 50.3582701693328], [54.4237895036826, 50.15011749882348], [54.55122358599965, 50.03136505785113], [54.45324506970417, 49.81468577742669], [54.29263471921689, 49.65009634147293], [54.005933871750756, 49.6171526155008], [53.71344526638592, 49.46274343496151], [53.67324100057169, 49.18444000889929], [53.465708448585985, 49.00863678605879], [52.913390741189744, 48.98543406772802], [52.76352908689779, 48.8620565861425], [52.77107384578136, 48.742503160392516], [52.621832310013076, 48.58817149511839], [52.5890694520935, 48.42619171817324], [51.96833214721079, 48.46479401353287], [51.81133914608472, 48.50471405670834], [51.83025271968722, 48.61460399008206], [51.754908481840914, 48.63093374309773], [51.15566857294624, 48.63021027268593], [49.91088667218213, 48.040995592272736], [49.45675418485774, 48.01391714126305], [49.4320528497592, 47.938107815423336], [48.907537061985806, 48.06009003392791], [47.112120535000145, 48.24220453800005], [46.47827884900005, 48.410560405000055], [46.75381758600008, 48.914069723000054], [47.04000166800006, 49.150334371000056], [46.77510827700007, 49.332545472000064], [46.89990686100009, 49.820319316000095], [47.30871911600008, 50.04480173800009], [47.29476648000008, 50.27543365500004], [47.51149743600007, 50.43692250600013], [47.73494633000007, 50.37005320300007], [48.074563843000135, 50.10526316300012], [48.23930830900008, 49.86476104800006], [48.42989099100009, 49.80967397100001], [48.88567712400004, 50.01989369700003], [48.782841024000106, 50.11146433500001], [48.67339034000014, 50.57954946000008], [48.56828047700009, 50.63654856400008], [48.83043501800012, 50.596034241000055], [49.369420207000076, 50.82676951200007], [49.423732137000115, 50.88206329300009], [49.34735437000006, 50.96428049700002], [49.43654789200008, 51.112333476000046], [49.77905928600006, 51.10217905700007], [50.325382528000034, 51.30345876100007], [50.3595923260001, 51.41332285600002], [50.527230672000144, 51.47008941700004], [50.58169763200004, 51.63529897100004], [50.67089115400006, 51.56752533000012], [50.790677124000126, 51.59729095500002], [50.76700931792567, 51.75939992276818], [51.37193363500006, 51.62958872500009], [51.2365413820001, 51.53589935300003], [51.304237508000085, 51.471639710000076], [51.58432377100007, 51.534917501000066], [51.64736901800012, 51.45122751900003], [51.782296184000074, 51.49285288500003], [51.76472619600008, 51.59331187000002], [51.86916426600004, 51.67307444300009], [52.09178633600004, 51.65870839500009], [52.307793823000054, 51.77454111700008]]]}}, {"id": "1394", "type": "Feature", "properties": {"name": "Atyrau", "admin": "Kazakhstan"}, "geometry": {"type": "MultiPolygon", "coordinates": [[[[47.359672078000074, 47.68334381100006], [47.12382084200004, 47.80803904200006], [47.15865075700009, 47.87154937800001], [47.0442391360001, 47.986219381000055], [47.19203373200014, 48.071795553000115], [47.103563680000036, 48.101199443], [47.112120535000145, 48.24220453800005], [48.907537061985806, 48.06009003392791], [49.4320528497592, 47.938107815423336], [49.45675418485774, 48.01391714126305], [49.91088667218213, 48.040995592272736], [51.15566857294624, 48.63021027268593], [51.369919060616155, 48.66297313150477], [51.83025271968722, 48.61460399008206], [51.81133914608472, 48.50471405670834], [51.96833214721079, 48.46479401353287], [52.52509402896624, 48.40567617501546], [52.77107384578136, 48.742503160392516], [52.76352908689779, 48.8620565861425], [52.913390741189744, 48.98543406772802], [53.4339791203401, 48.995097561003604], [53.67324100057169, 49.18444000889929], [53.905164829293426, 49.05824616093156], [53.97885542164039, 49.12775096313641], [54.07176964685169, 48.71676829741898], [54.442599725396974, 48.65762462047985], [54.57757856569822, 48.813403224778995], [54.800510694712784, 48.74121124919975], [54.87285769992286, 48.09075999587708], [55.06054650321852, 47.76282135741968], [54.99750125517875, 47.15226430885076], [55.4938017112799, 46.65963287985352], [56.2712219580269, 46.45716461895199], [56.473173455890276, 46.084474189332354], [55.831558871744505, 46.23511098908085], [55.82659793524647, 46.331952622915196], [55.47685184063988, 46.48041901322688], [55.24658165921619, 46.346008612807225], [53.949089797256306, 46.18751699491338], [53.6942216326222, 45.971561184001416], [53.75757693902449, 45.921435045191174], [53.53609174993426, 45.82573029201933], [52.861887437811156, 45.76746279618407], [53.08179772200003, 46.005113023000035], [53.15674889400003, 46.27228424700007], [53.03256269600007, 46.47089264500005], [53.10206139400003, 46.44354889500005], [53.08171634200005, 46.51243724200003], [52.998383009000065, 46.48456452000005], [53.20460045700008, 46.65582916900007], [53.06039472700007, 46.89232005400004], [52.45590254000007, 47.001166083000044], [52.35718834700003, 46.89362213700008], [52.18881269600007, 46.88377513200004], [52.244883660000085, 46.81004466400009], [52.11255944100009, 46.81273021000004], [52.01889082100007, 46.93699778900009], [51.941416863000086, 46.87995026200008], [51.74390709700003, 46.92682526200008], [51.68018639400003, 47.05703359600005], [51.59229576900003, 46.98725006700005], [51.21257571700005, 47.12091705900008], [50.84652754000007, 47.036769924000055], [50.740570509000065, 46.90615469000005], [50.75212649800005, 46.974676825000074], [50.61605879000007, 46.935614325000074], [50.569102410000085, 46.82904694200005], [50.43018639400003, 46.89671458500004], [49.817393425000034, 46.54043203300006], [49.62256920700008, 46.58283112200007], [49.57894941500007, 46.49884674700007], [49.469086134000065, 46.59438711100006], [49.492849155000044, 46.49957916900007], [49.305349155000044, 46.587591864000046], [49.371429884000065, 46.39935944200005], [49.223399285000085, 46.47089264500005], [49.291758660000085, 46.39642975500004], [49.16822350400008, 46.409409898000035], [49.22713051952735, 46.32787918423311], [48.53939335100006, 46.567959697000006], [48.455109090000064, 46.660796407000035], [48.55670495600003, 46.76174631800005], [48.76403080200009, 46.68283640600002], [49.00628991700012, 46.76911021000005], [48.525078980000046, 47.41023386600007], [48.17435103400004, 47.71285105400007], [47.412175334000096, 47.83586680100011], [47.359672078000074, 47.68334381100006]]], [[[49.82243899800005, 46.31395091400009], [49.804698113000086, 46.21051666900007], [49.71998131600009, 46.356756903000075], [49.750010613000086, 46.357489325000074], [49.82243899800005, 46.31395091400009]]]]}}, {"id": "3671", "type": "Feature", "properties": {"name": "Bishkek", "admin": "Kyrgyzstan"}, "geometry": {"type": "Polygon", "coordinates": [[[74.61775068574553, 42.93779287384206], [74.6717525572347, 42.86921824852334], [74.58188724240227, 42.778732815167245], [74.50370079885278, 42.874954332276616], [74.61775068574553, 42.93779287384206]]]}}, {"id": "4266", "type": "Feature", "properties": {"name": "Akmola", "admin": "Kazakhstan"}, "geometry": {"type": "Polygon", "coordinates": [[[65.43014611205342, 51.694002591446406], [65.86050744026613, 51.89406789801507], [66.03724083819412, 52.17826243836083], [66.05295047358544, 52.40212474246289], [66.31019575413075, 52.29634308486544], [66.64102827333613, 52.32125112643831], [66.6912577658332, 52.250609443570966], [67.14797407374448, 52.20844147389488], [67.45286502530064, 52.235184028120386], [67.46578413273153, 52.3826427271801], [67.57327111177239, 52.39597524755959], [68.02626671663563, 52.26358022694586], [68.22501427628777, 52.40641388629177], [68.14698286326848, 52.512118027724796], [68.45983198395885, 52.577204494891475], [68.8536063984165, 52.79853465435082], [68.81546919105028, 52.96221975453801], [68.92264611172862, 53.11148712782864], [68.58240848166605, 53.4006942824152], [68.77516157424725, 53.484358426400206], [68.73516401580667, 53.534252021213774], [68.89877159982944, 53.5563178570834], [68.86135786287502, 53.62360057210867], [69.22960411993415, 53.66801646648673], [69.49625451043727, 53.50185089850015], [69.5018355645596, 53.62339386743298], [69.83762902206166, 53.687679348023494], [69.96961062972673, 53.48634796778447], [70.20060428336097, 53.47890656168846], [70.11316775858518, 53.362944647777226], [70.30530073444129, 53.36604523410023], [70.53567426865254, 53.239386298139095], [70.67220340436359, 53.395139064915895], [71.05967329338773, 53.413380845849304], [71.09801720632896, 53.32795970357745], [71.31340457466138, 53.289512437848714], [71.60837365142282, 53.37979116473042], [71.82510460779139, 53.19688243347747], [71.73105350101821, 53.01149323172723], [71.78676069485016, 52.9419884304217], [72.23892947831274, 52.90718435337516], [72.83971967991926, 53.04136220979814], [72.96260623598897, 52.76184438690888], [73.96781619725965, 52.56767019282512], [74.05235884038814, 51.906547756773534], [73.90115359895941, 51.826914374198964], [73.83624799984528, 51.62336090857906], [74.27363732300404, 51.53721629499597], [73.85226769359917, 51.409937242309866], [73.7138782077131, 51.256509915500146], [73.2914750513325, 51.25888703141135], [73.36154829341899, 51.08646861393538], [73.60959516778274, 51.09726898877278], [73.07102339101664, 50.84433869137746], [72.9003878111485, 50.86888499594579], [72.77615766794202, 50.73364777322615], [72.54278690019527, 50.67644196172711], [72.4997921082192, 50.529551703448305], [72.29184614508347, 50.52019826943456], [72.2755163920678, 50.41501089103974], [71.85652387857408, 50.39790599256747], [71.94034305219009, 50.650397040391056], [71.63648563030756, 50.76150136969244], [70.95032596237326, 50.41449412710227], [70.89286176935514, 50.21685761238888], [70.67416710822545, 50.23512523084469], [70.61442915208369, 50.07275788027192], [70.2910380389743, 49.987078356480936], [70.24990359897185, 50.06505809175752], [70.32628136559254, 50.148567206111636], [70.24711307191069, 50.221586004890185], [69.82998091039065, 50.17262258606348], [69.57366580583226, 50.34075185791187], [69.27094526641088, 50.136423245036724], [68.82094689328449, 50.18696279589631], [68.9954065289881, 50.69928294485197], [68.77805545409592, 50.75359487650235], [68.38397098217507, 50.61567047771035], [68.03122765493231, 50.6139134794235], [68.0966500179839, 50.50554800123922], [68.02233930891197, 50.46937449773486], [67.33411258342898, 50.33248362951588], [67.18817833776006, 50.43247752471797], [67.23313683539658, 50.562753810939626], [67.12461632668209, 50.61786672646821], [66.83491824657978, 50.586628322838806], [66.47700727726402, 50.664091295077185], [66.0601851741065, 50.897462062823934], [65.72087772003073, 50.793799140517876], [65.70837202285054, 50.973788154399756], [65.50331993956354, 51.26201345525675], [65.62000532388657, 51.35293813728521], [65.6444999534101, 51.556956691797836], [65.43014611205342, 51.694002591446406]], [[71.46954917155699, 50.9746967349663], [71.60721647486042, 51.16024831740589], [71.42565524909043, 51.29991079904414], [71.31392526413958, 51.28793972903526], [71.2500795583249, 51.1562579607363], [71.46954917155699, 50.9746967349663]]]}}, {"id": "4267", "type": "Feature", "properties": {"name": "Karaganda", "admin": "Kazakhstan"}, "geometry": {"type": "Polygon", "coordinates": [[[65.52419721882654, 48.83278188727428], [66.15909386638879, 49.00238393836804], [67.52521202961145, 49.83401276307853], [67.76209679573049, 50.0299181179268], [67.75558556472203, 50.18933991090813], [68.10884565590226, 50.264580796866255], [68.27286665197437, 50.41191030471674], [68.03122765493231, 50.6139134794235], [68.38397098217507, 50.61567047771035], [68.77805545409592, 50.75359487650235], [68.9954065289881, 50.69928294485197], [68.82094689328449, 50.18696279589631], [69.27094526641088, 50.136423245036724], [69.57366580583226, 50.34075185791187], [69.82998091039065, 50.17262258606348], [70.24711307191069, 50.221586004890185], [70.32628136559254, 50.148567206111636], [70.24990359897185, 50.06505809175752], [70.2910380389743, 49.987078356480936], [70.61442915208369, 50.07275788027192], [70.67416710822545, 50.23512523084469], [70.89286176935514, 50.21685761238888], [70.95032596237326, 50.41449412710227], [71.63648563030756, 50.76150136969244], [71.94034305219009, 50.650397040391056], [71.85652387857408, 50.39790599256747], [72.2755163920678, 50.41501089103974], [72.29184614508347, 50.52019826943456], [72.4997921082192, 50.529551703448305], [72.54278690019527, 50.67644196172711], [72.77615766794202, 50.73364777322615], [72.9003878111485, 50.86888499594579], [73.07102339101664, 50.84433869137746], [73.55554162034946, 51.05621206313617], [73.60959516778274, 51.09726898877278], [73.46996544844666, 51.14075470626466], [73.36154829341899, 51.08646861393538], [73.26915083214516, 51.224315497462214], [73.52629275900358, 51.27302053476984], [74.03416873629811, 51.17832347284997], [74.0944234563774, 51.03724681269023], [73.9737073097445, 50.644195869543694], [74.08222781755973, 50.57748159440001], [74.45006066256951, 50.63856313677934], [74.66017703604138, 50.57427765618888], [74.71557417241007, 50.445784207575116], [74.8082816911471, 50.49864919750246], [75.00082807815323, 50.38979279200373], [75.16185184068985, 50.228148911842766], [74.88982710163941, 50.08867422123831], [74.94997846893114, 50.022114977524154], [75.37548221163473, 50.1502208525103], [76.70542687405094, 50.26814647118266], [76.76320112543158, 50.48924408574595], [76.98003543458759, 50.63533336014643], [77.62382042817018, 50.46100291655131], [77.7328577008222, 50.20256907850012], [77.1940792166825, 49.89951264139523], [77.16917117690826, 49.64495453602302], [76.76929894439075, 49.49163056110149], [76.63008263530531, 49.35233673854964], [77.04659468010038, 49.0531818707467], [76.88546756387694, 48.982591864722735], [76.88825809093811, 48.862547512557626], [77.36130415186506, 48.816503811101995], [77.3472481628724, 48.612950344582714], [76.92660200387934, 48.38330027898468], [77.24802941312686, 48.24961334897682], [77.14891401616887, 48.22320669243487], [77.1713415872444, 48.14827586483926], [77.4092598821378, 48.07114879028444], [77.27107710182673, 48.019601549072206], [77.0718127791364, 47.62572378182705], [77.15997277162609, 47.42855235510706], [76.98199913934877, 47.39426504199804], [76.87637251228159, 47.24468760854626], [77.26425581155644, 47.088960680191235], [77.31624230323968, 47.16394318283159], [77.58092898988093, 47.17484691045655], [77.59963585790848, 46.675755927294176], [77.15966271416289, 46.546616523533714], [76.84019900877718, 46.690742092273695], [76.93528364522399, 46.56020742453302], [76.72237674289232, 46.68371409822703], [76.52021854035331, 46.61358917929715], [75.40276736821943, 46.67947663034221], [74.76187625538483, 46.39951955788126], [74.1843404480532, 45.95585154950936], [67.27571821532337, 45.95766022374033], [67.24781294111432, 46.05708567996015], [65.55313602091059, 46.29076650696868], [65.10003706236051, 46.511321520072045], [62.95040083163303, 47.08012401011496], [62.65222781755972, 47.04798126892041], [64.20355431537934, 47.878524888912466], [63.97049360509578, 48.151169744687934], [64.20913537040099, 48.299067695118026], [64.216783482072, 48.40221385438582], [64.54720259012743, 48.50225942643135], [64.50596479733747, 48.65367137343509], [64.62461388462305, 48.65677195885877], [64.74129926894608, 48.840533351732745], [65.52419721882654, 48.83278188727428]]]}}, {"id": "4368", "type": "Feature", "properties": {"name": "Nur-Sultan", "admin": "Kazakhstan"}, "geometry": {"type": "Polygon", "coordinates": [[[71.37777096995427, 51.305896334048555], [71.60721647486042, 51.16024831740589], [71.5274093423672, 50.992653339080334], [71.2500795583249, 51.1562579607363], [71.25207473665972, 51.236065093229456], [71.37777096995427, 51.305896334048555]]]}}, {"id": "4498", "type": "Feature", "properties": {"name": "Dushanbe", "admin": "Tajikistan"}, "geometry": {"type": "Polygon", "coordinates": [[[68.76454090014238, 38.65822869799598], [68.86123788971679, 38.55705499569149], [68.74797706439, 38.469311431577296], [68.68933213077321, 38.54989225622262], [68.76454090014238, 38.65822869799598]]]}}]}